test,part,scenario,method,parameter,value,seed,condition_id,trial_id,outcome,trajectory_reused,changed_metrics
test4,a,rapid,dwvp,match_reference,1.0,0,a84b7e6ceb2d214ef2b3ce03e91bc60f0065f4baf7c7f02c76189739d16e22fe,437968bf5f272416e64d754249540e495666e3ad5c7db06326ff806d457cf18a,unchanged,True,
test4,a,rapid,vp,match_search,1.0,0,d437be29ddcade9b419e8b777e1880c6e9a2ae2a912a428d93408a83c28c6664,6ad967f5009e25b8e130bf01848c4a998f85321e53d1fc3785db4c51446fd00a,unchanged,True,
test4,a,rapid,vp,match_search,0.1,0,24e3015c663af83d62033343233f65b7a808ff72dada431d088c89b62f4adc98,1cf5f64a2f67fdbebed1d367fa654beede4608122eeeb430c393985b6aad2b22,unchanged,True,
test4,a,rapid,vp,match_search,0.55,0,8ae80e0a332e98f006bd1d4994eb29947c89278ae3e00d4a9c5ed90b3830e403,db5ab612cc042c37f91c3019628248ced8f6c54c222fa8d0ff32663914e59a3d,unchanged,True,
test4,a,rapid,vp,match_search,0.775,0,aa85d21488b598df290d0725b80d67812d3722c3d1150362efbe4ca2df43128a,cbb2dabf64b0ba4a2f0437d400292fd84b8c94b138f1742f358d5a3cddb7f4b5,unchanged,True,
test4,a,rapid,vp,match_search,0.8875,0,d4b008e6fc518225401931067cbe751c1cc8b5365bc01c40af11403e2140cc48,ba2dffc0c908d05f90ae0f470b5188a3df0b48e135080b09b26b3d5d5e9dcd45,unchanged,True,
test4,a,rapid,vp,match_search,0.94375,0,b54ada5a1d8e9faf9f1773cac6a2ef21a3b37ef3491eafb01401b5d6e2cbed69,03563cc724deb3763df32e71c3728a49ae89f45f9c186982762d0b3efb0dbf74,unchanged,True,
test4,a,rapid,vp,match_search,0.971875,0,0f8f44a10f3d5a8a8b8448621256859d39d195da77855addce7e9584f3647c9a,04e660022e02b6f7d8d208c05193cb299ac74ba70a63f578ec6e81edbf6e2eac,unchanged,True,
test4,a,rapid,vp,match_search,0.9578125,0,7bff495b0b2c133dbf5940977b562880165d69e70f888872bcb69cf8c1e19c83,cfb45ffb8642c7661f69b47e193cf6052c15410d7a80505411e1184466096bed,unchanged,True,
test4,a,rapid,vp,match_search,0.96484375,0,ce15bfdf1c6821e10030d51cf62318d879bf565f77849194fca1a8b4462df7eb,56586978f82a830b079ae04c9548355a725be5b49194127f0625132a407419b3,unchanged,True,
test4,a,rapid,vp,match_search,0.961328125,0,ea08f1b4042ce5ea43984c6aea3e799870b8e1ef662010e0c803a1d953ed3422,9a249ea2e95a41d562c6f0bff0b20952fed1fcb2742b264137a556dee9fac4ad,unchanged,True,
test4,a,rapid,vp_scaled,match_search,1.0,0,b4ec1bad3f5614456853ee713e0f355cd8418a3e94d2a03def3f086e5b3439ae,2a2c33824b1149541e95f1b456ae5e8c4662e856a931d67fc90a6393d0146ef6,unchanged,True,
test4,a,rapid,vp_scaled,match_search,0.1,0,6af928ef79d8e48972eb6a50c43f3918adec3dfc25c4640382272b640ff17032,f7a9889a2211654986cb04bb74eefb69e26c8be64094dda9b6df124e0ed93be4,unchanged,True,
test4,a,rapid,vp_scaled,match_search,0.55,0,b828a0d6a5c77857c1229ec270f156927774f41bd64673959ed94dec02fa213d,a4842f12b404fd29738709ba6d3df982cecfdd1e5975b1385b5f01b805a8cf25,unchanged,True,
test4,a,rapid,vp_scaled,match_search,0.775,0,1fe4aad8817ccdb841bca22940d6998c55fd75779f6eeccb6a2aa48553a0fbb9,21f57d9a6a6ce439bc5ef9b1f80ff137307b239edfd29b22e6f4cb99c5160959,unchanged,True,
test4,a,rapid,vp_scaled,match_search,0.8875,0,6f3d901e3184fa6044f247130d2079b18f89af41a9e5b11c6d3e68184de38ed7,2c7d1e82c9e019ca07ec6681e911685100b627e1f563dcfa56a5ef7b735736d7,unchanged,True,
test4,a,rapid,vp_scaled,match_search,0.94375,0,062800a9ec3f2f65bda4128e5c1a6b1a4552d20c50ba38778e1523c7c3afb9b2,982a1af3435457460d3d5c07fcf84865bfe8043fa42060775802931dbb0fe1ab,unchanged,True,
test4,a,rapid,vp_scaled,match_search,0.971875,0,c71855521062897c45097f3bfc07abd081ed825ec5e51053bf2c70bed70f3fdb,11bcf9cefa38253c149d54dcf0704ec7059fe02bb22d44a4a1d2e45c0b04dbe5,unchanged,True,
test4,a,rapid,vp_scaled,match_search,0.9859375,0,e455c7895d440562eaa1396fca09c831dc032648dd645d314f0213ead480dea7,47574f7e8d077a67532bfa6d760aaa6b7ab4b5c48b0324979f069790745b8da6,unchanged,True,
test4,a,rapid,vp_scaled,match_search,0.99296875,0,ceabdc3c14eedaaa54a08babb2365e5c400287696674037fc05cb9a38f35f788,98eeeee7f4c6668c9a8669a6ef49bacde07df0509f71d0c998c179a9797982cf,unchanged,True,
test4,a,rapid,vp_scaled,match_search,0.996484375,0,57054d4dc51b4226b12f38dce606d0bf22a1530c3fc590eb961afc954fb43631,a3570aba2d574c5d01bbbb65206c56920bfc793233c540781dc9693e7fd3f5d9,unchanged,True,
test1,nominal,offset_0.1,dwpp,,,0,74ec774649b4586784a378b6e28dccc8090057e86e1c5e5a5b0714f5972228ad,311839769a13ae706f6237c4c1d4009a4610e3049b4a19934a8ce7f371ddab55,unchanged,True,
test1,nominal,offset_0.1,vp,,,0,b25ddaa1f899b8c3b2ab1045afa91b36eaee0d1301e5b68cd0e0f4e3fc63566b,c75eebe549ef085fc7707f9699f8ca933104b2064ddeb1888fcbe318999ce175,unchanged,True,
test1,nominal,offset_0.1,vp_scaled,,,0,70d5640c6d78c67eab037544453604372818a7b4e29bd80a5b4d1ff8f38a5534,e975392eb60eb333f1202619587717e311a7210a091858a4cd6cd6a9c7ea9640,unchanged,True,
test1,nominal,offset_0.1,dwvp,,,0,2838549e73061c3c8eb4351661bd580cae2c58a77d0104e828cecd21e07f73ee,712829443ae03bf25bd7f11266f448c5c708326cb975d418efd1c7c358508416,unchanged,True,
test1,nominal,offset_0.25,dwpp,,,0,f3a9d33239e56e46bb65205976a22f0488697f8608a60df10b1365045a332c2f,b7213788bfde35268a86eac9ffe27d96b084bf11361fb329deecc3bdd8d19fe3,unchanged,True,
test1,nominal,offset_0.25,vp,,,0,9abd259a26d26202dca5b1c3c16407d912f066c30fa7230bedf4adf33e3a26c0,eec445a52f9195c3fabd291430f2a35bca6689796f81f82f0aeffb960a205534,unchanged,True,
test1,nominal,offset_0.25,vp_scaled,,,0,12cd4c62c31c27e423c28b11a6eb0afebfacc0362e305996ad3c9d2c0546cf55,00a0e6634858ef9dc2b7eb51df2e96c9515dc2927948a01cb6e26c07978a2d3c,unchanged,True,
test1,nominal,offset_0.25,dwvp,,,0,718fb7320d90bc312d1ed48404481d705fdc55323b3779601f3197f9709b6be7,1580b04be388a26132ead5d5f655d6637e5b918e9d58dcd39c263e05477e7fdb,unchanged,True,
test1,nominal,offset_0.5,dwpp,,,0,e51e5369a08ad5ff1e2673e5d94e39f6d3d02ee1e5390007ecde883f2ee16cae,bcbc5dd69ea7f19b9a7a40ecce2d7ff18d8d55c0049495ad4bfebebc1a700dac,unchanged,True,
test1,nominal,offset_0.5,vp,,,0,14eabde68473f8c265a47c06187a16afb6c874cfa993f3de7f396daa12f99536,f245fc8da5b680f777305dd205b2d9a56340f6df4d7a162ad75c54febc04516b,unchanged,True,
test1,nominal,offset_0.5,vp_scaled,,,0,2d030dc59d63f3220b5c247b6f0031e1f35513ed8a3423b2544f0596c0893928,d621e6739867b64ea767a5de83846664bfcaab3cf2687626b52d57cf1aea948b,unchanged,True,
test1,nominal,offset_0.5,dwvp,,,0,b89b899564a5320541cc264c34d9b0bd7800616d0f2a19c6cd5f31b183b61712,db83fde2b7c28639bd3e5dcfcd85d20a8d4e3ceb475a0c211bf6fd5ef59c89f9,unchanged,True,
test1,nominal,offset_1,dwpp,,,0,660a9facdbbdc68a94178d75cfd281c96cc475a40aae20fadcc6cafaac363028,359a235b24df0ee8e14dfebebdd1af85b32a4c50e9fe1b1f7863c1680c7af6f3,unchanged,True,
test1,nominal,offset_1,vp,,,0,ea56dd18d154bd778084143cc4c56bbd9958082139bc7dce8d835ecf2e7c7b78,0cdf1a1a5cbea915f8beef8424aa622bd64c1986b25ebd7712a338c0cdd09e51,unchanged,True,
test1,nominal,offset_1,vp_scaled,,,0,7f8e3da1035b39c32ff33af046ef80636cc741c2b15543e084186051ebaf42cb,8e527574dcfef87bd3b75b7a74e43a966472216466ac13dd3cf2cd880a8c3295,unchanged,True,
test1,nominal,offset_1,dwvp,,,0,749c80ba0cacc24ff1707f42f20aeee7f85572a49a49cde396a6bbca9d3feb59,5bf02a52906e035692bbe0f59d99de25bb4da6d420bac014c9da38f4d610d948,unchanged,True,
test2,nominal,ramp_1,vp,,,0,df44c429e86e60afcce4f5d598589f1e56250a0d4736ad9e470ae2b39e5e52d4,8b0b0e2ad8d9bca0eef43822299e57404c6b9ee717568c5259412d15597959ca,unchanged,True,
test2,nominal,ramp_1,vp_scaled,,,0,9c95f4746adfa4c3e570c854e6acdefde9a85f27c5c589d170bde823c632faa5,f0b33e43f78c8724785087cf08e458a8b2b93cc3ca4b4818b558b2d13802f85d,unchanged,True,
test2,nominal,ramp_1,vp_scaled_accel,,,0,bd21bb03691bad3c348370c14a11598ca3dbec9238ae8a87796b0266103bf475,a11577450d8d7427c876fb8b7d1d37fcba1d7b6f3813fdf217fd47638b37fcef,unchanged,True,
test2,nominal,ramp_1,dwvp,,,0,9ed44b71e6892271541593262e013fc3a57fadda11ee9a84856d4e98094e1d51,e0623709e6cb8c989407a79176460ad08d83eafea3f2430089a9b27f113b9962,unchanged,True,
test2,nominal,ramp_0.9,vp,,,0,c97ef322ef22d99231d3dfece2cec6bc38e9b6848a2697adf4eebd3cb313df3f,1aa49c72cf800d57150be916f9866e68b26a33c7b306014928d872b11134711a,unchanged,True,
test2,nominal,ramp_0.9,vp_scaled,,,0,c110ee5fac6c60d2a2a2e0299b02d06311a5e4feb238d149d12d1f8f7dbaf8c8,b3fb5254504fed200f443f9dfde5bcabc8e0293e62bb7c9cdd1dbb70bbe190d2,unchanged,True,
test2,nominal,ramp_0.9,vp_scaled_accel,,,0,318fa11875cd2048a4003453ac189cf8fcd7266586ee9d71eb57417d0215689b,e461a8b0ea1b2547fa8d98474e5daa5982fb2023f0f611eeeaae9cf31a24b874,unchanged,True,
test2,nominal,ramp_0.9,dwvp,,,0,a80a00ae4c7df8c1c390afdd32409d3171973b1d26156160c81b843f3bf7d70c,4ba0bf2144385356614823c1a6302e59278266739d68f52475762a539310d50e,unchanged,True,
test2,nominal,ramp_0.8,vp,,,0,3eebd1c6de9b8cc54c6455def88061674c6842187c1340e43b79b44ef451cba0,883bd7a9c7d26c3cee5dd404759f7516c0384640ab600af95df836507cf62d77,unchanged,True,
test2,nominal,ramp_0.8,vp_scaled,,,0,d68136f04f0e463c8f5e07db1fb50ad0bf57c92e657dad7c2b02ff50546a6981,75133596be2a9dac95e472fa0ee7528fcafb17ef3338dee2667241124483bdfd,unchanged,True,
test2,nominal,ramp_0.8,vp_scaled_accel,,,0,487aaf1c724a1226cc7c6da4ee95cfa6733086cfd82ee7b309272ab9d6b01b09,3b0ce58a6973be71b6214849509f2b603b597eba3c25841faf330f9567cc769e,unchanged,True,
test2,nominal,ramp_0.8,dwvp,,,0,a01cfc96163cd0faa05b907bf05db3630504ebc5f234d18709750894137cc86a,0e27df064f19c679a58baa06dd4977ba75ca0ea8bec39ccf5475eefee3b879e3,unchanged,True,
test2,nominal,ramp_0.7,vp,,,0,d5033e2d44b6095ccfaf9308000771a3e48b51692efd5b862f8d1459349215b7,2991bb03e6483104855aa0e18a2c87f46e2b33fe7cb65db87745ea22b0093c14,unchanged,True,
test2,nominal,ramp_0.7,vp_scaled,,,0,7f916c307b66ea80c7d1aeb4fe8b2fea759534d68e9d91789de6db72d708fe09,3ca4a302f3608ca3bd0bdd572c89b4a6ea1384f78c577664734c9d1957fb92be,unchanged,True,
test2,nominal,ramp_0.7,vp_scaled_accel,,,0,84460c7d3273ab643944e3d53cade5090a49de3782b09eb97ab2848be8dc5f6d,35d61346193b52d7a0171032e128028e75043fd4a3f71d3c2c337ddcd834d17e,unchanged,True,
test2,nominal,ramp_0.7,dwvp,,,0,7a0c2f3cdaacb06c1f24b9fbb2be956213770cee49b681b5209aefd093df7e7d,f97b0ebfea2a25cdbb98d265b79a7ef71c97c0f1075799541d9218eb25dd6b8a,unchanged,True,
test2,nominal,ramp_0.6,vp,,,0,7265c266f15ffe90f39e7efa268cc64b1d1eccba366984b7d66f29a80ab5731c,300eab07b603e08deb6a83fc6d073a06e50c5b8186454350c4be415a3e7f6e14,unchanged,True,
test2,nominal,ramp_0.6,vp_scaled,,,0,555017914cf606c30220d5f3102d7560bbfbb2e5b0f95d600ee45af7d8f3227e,e137419e5ae9649d737c9070ecc42b2bdd074953237d44ad09fa67d2188815c6,unchanged,True,
test2,nominal,ramp_0.6,vp_scaled_accel,,,0,033f1e8dced1a526c5f4c7287abc724fe00d065e3bdc7759cd112bd2b6a4330c,1dd25462b1ba374fc1977cb319509f0ec87228d7d73e8bce3861c8719bf301f3,unchanged,True,
test2,nominal,ramp_0.6,dwvp,,,0,1ab9564043a1a3d07b26339e672a27467545008acc3ed4644d21b6c598d09442,81de757f9e88985a4ea8f3a0c0bca1c8fc1981e3f6d490de91d1b5c2b3a81865,unchanged,True,
test2,nominal,ramp_0.5,vp,,,0,f6be8f9119d1afc3aee56d45620810729f1e576a6baea2793b4fd2899cd32ea1,fb431cc368feed3a5129582880085a09284b223fe5004db8433cf3f24eca9964,unchanged,True,
test2,nominal,ramp_0.5,vp_scaled,,,0,72ebccd42c52e544b9be8ea62ed4b2595356953db699941f3f2b2244258105dd,7dee6c8b498e4f168aa84c7013683e1222f397274feb406e7d1f3b3e207a2920,unchanged,True,
test2,nominal,ramp_0.5,vp_scaled_accel,,,0,a7a3405209fd29c88e03c9e09ed5dda8d113d526ff288691d339d90ae1262042,e7b7f468eba590be8843ddb35e59cab530c1a005dd598d8deee834e3e58f1e0f,unchanged,True,
test2,nominal,ramp_0.5,dwvp,,,0,27d23cbd312f77e5c11489fd594f5b7fa3e37a3dc72b162dcbeca9a3459d25b7,32a6a0452f96df3c156368a5410f8a63478ed1362b86b7f3756bb148c8e3f891,unchanged,True,
test2,nominal,ramp_0.4,vp,,,0,23ed3c2cfbf1bb4e8f7733d020c1f9ff03720f17a99c9d2106c4272238c95f44,57202efb6a6d653b9f40e4de366f75cb2e6c1cac9387c86f7a753495c6bc8990,unchanged,True,
test2,nominal,ramp_0.4,vp_scaled,,,0,f42db60f1f853548ce5fdd8871c6f8e638ba3a813e875ff7052bbd1fea415512,ea065ccb8c14e7d241e83c4d708c7233d52b3554460aaddd19d21b7813a6a70f,unchanged,True,
test2,nominal,ramp_0.4,vp_scaled_accel,,,0,5a49e3dfde418a772c18a58c87c29ca067f34f9f56522af4984f2d782f72f63a,18a9e4fab811e47e86b3f19140097d330272b24ece224a9488775bbb3111176b,unchanged,True,
test2,nominal,ramp_0.4,dwvp,,,0,e28a4c560d2ae93afd0f3aebe1dd14d782eedf22462dd43a085c2052e1f4fb74,871c1a5be0eab8729ff1ab0cccd15c7abd8336ba7ed4697eedac941eaa7a6cb2,unchanged,True,
test2,nominal,ramp_0.3,vp,,,0,dbb69db60305c73cf0b7a0bb728dc46c7ff6ff0a591bc590afbc844c877e40d6,7abb69072249351f422b1abed6839e04de8f2ca248f72cf251801abb7d9c22e8,unchanged,True,
test2,nominal,ramp_0.3,vp_scaled,,,0,00f93a106659002b95f2a007bf68b0e4b9fc672341447c009f1d9f5e98b44cf0,0f5837e8cfd356f44ffbd989ceb90eb823f2a99b7c7963ac4c936b8b121e5257,unchanged,True,
test2,nominal,ramp_0.3,vp_scaled_accel,,,0,fa74fa5a1044af8d4fe5325c95574f398aa2e6504e8af9d9eae245e1d331cc98,a9c22f4a1266a019a3b87fd9c5b1fe466083a5906d795e2c4fbc9f500d462667,unchanged,True,
test2,nominal,ramp_0.3,dwvp,,,0,d62bc6ce39a51c102f655b35bc0b0f032e6fb11a0f9873418ff384feacf48c9e,70d8dd335654bb61c5b0ad1e01a86b6a345ec29048bc46672b0ae6ff07355782,unchanged,True,
test2,nominal,ramp_0.2,vp,,,0,543d2f78c34363c6948b6f67156b5af6d8e1e72a281f5689f6930124753c3445,0e93bbea4f09e8726d0cee7fff2d97174ae146e1bc951e0da521140fba9a48be,unchanged,True,
test2,nominal,ramp_0.2,vp_scaled,,,0,b29a494728cc979162e8b8e4609fb72524a47c1a2a126cf70cd3bb0c16cb23a5,32b02417f5d4e9bb0f3c980ceeaa66e6190de73813a1fdc254e092514c372100,unchanged,True,
test2,nominal,ramp_0.2,vp_scaled_accel,,,0,85f0e362aabae21ca62149e5a7fc22e379ca9a00b1b35531950df509415cd051,52bd8279a00929b86eafde830131eef4de76ca1eacf32f1ed0ce64049617c050,unchanged,True,
test2,nominal,ramp_0.2,dwvp,,,0,11f36ffdad200cf0b8a95b8ccfc69bd980d2ffefa43507b0da7593af02309932,31f3ab413bd3e82b50a5097a2a8ecd392dd52b52d86e26bf3405295b5ddf64e6,unchanged,True,
test2,step,ramp_0,vp,,,0,b82f1e91f218fa3eea9e2931df4beb2307a36f6d144508452b214367092896ce,5f37c4d54331ac1c982862444093cfea0f00e756ca4c23a0150f229efd64b454,unchanged,True,
test2,step,ramp_0,vp_scaled,,,0,22a6be6b61b9df14bcf9e9e3ac78f0db88f8c023aa419b9247517385123982ec,b9462df76346a48557b9ee61c1c00ea4f3fe0fdad1852cf4b42315b67090a3c4,unchanged,True,
test2,step,ramp_0,vp_scaled_accel,,,0,0bfccd5aac125c3836bc5d0e00d29f2b051b0b3a51cb5a24e3f77ecde53915b7,c783eb1b0fdfd5350e9b9f805f7c545304f161cf129d212c60c7872d71052d71,unchanged,True,
test2,step,ramp_0,dwvp,,,0,ea4f8103a8fe036b7ade28d285f58cf12bd5e4d1ae1311bf5d6052893b1a3225,2a975aa3bdaec932ac8a952d917f7b00da1536f83b7ffed185605b827be48cde,unchanged,True,
test2,acceleration,ramp_1,vp,acceleration_scale,0.25,0,442aff604d21f22f02c5f89079daf1c9e83ef28ade60a309fbb28cb1f9f7ea5c,870fc242c3b85c745bb9b25648c5834058bc57d9791da9a33a4dddb213be8ea5,unchanged,True,
test2,acceleration,ramp_1,vp_scaled,acceleration_scale,0.25,0,ab293fd7404c327b1c7423749bbb75a2a123b1bda4ad6a13fd4ba84c7b3b7d63,ddc499c122257e2c78e20c405823c29efbfe182494bbae2fb5ef4a34115f8092,unchanged,True,
test2,acceleration,ramp_1,vp_scaled_accel,acceleration_scale,0.25,0,00396e2cc877c41e585d734d7bd0b5c0d548cad7d6f217be1ae873513e89f321,af88d7640248f0147c53e34158646f18761a7fe96963413f693644e872177edd,unchanged,True,
test2,acceleration,ramp_1,dwvp,acceleration_scale,0.25,0,be571933c12d2c3f75e79cde8b49249fce73cd2025b517a98f5c0e95be01e35a,b9555b88e65d1dc638124e12bac31ce2a4363dea5b0e9b5ded76aae91c259ea0,unchanged,True,
test2,acceleration,ramp_1,vp,acceleration_scale,0.5,0,c41c610a9800c37deb1b44d35a2cebdc021b7173e11983c45f87f4ff3f2fdd07,e0ff8e3eba079098cc12b152bede35022669af0767d244d7cf00421fd97dcf59,unchanged,True,
test2,acceleration,ramp_1,vp_scaled,acceleration_scale,0.5,0,0e8aa52d9f39181c502faf7cfcdee0fb10ca0e58d1475868d2860586440b5eee,55d24df7b2e6903d3e3b1325183bae8ad8cec9448c931cf950c2de55c9730e8c,unchanged,True,
test2,acceleration,ramp_1,vp_scaled_accel,acceleration_scale,0.5,0,34f3654b74d651790abcac165f1ec0e3bc8a7a6b26c5170bb7424edec5f37fbd,b5a2c606e3ac14401df9809de692a571ab06c0bc7cb9ac7b21dc9061f1ae0d19,unchanged,True,
test2,acceleration,ramp_1,dwvp,acceleration_scale,0.5,0,3f7dd2f68617dbc9b7223b11709e738ca63eb7d6828dfd4be267cfe71ab60f73,556f0d023cd8e3ecb49d31839575c553b73b92901b0027e38748131e72a98ec2,unchanged,True,
test2,acceleration,ramp_1,vp,acceleration_scale,0.75,0,55f3e33ee12ae4268ed3adfe6ed6da807e698dfc88f3ed8d2392af474b774d25,55c5071e835ed2810fe12d0ae3caa4a0108191ade6bcd5e4432485c20160564c,unchanged,True,
test2,acceleration,ramp_1,vp_scaled,acceleration_scale,0.75,0,8a00b872acb56b3520db4d45b9b2923361730f457a6af5b3f4d7cfeb036c49c1,0bfeaec5464eeb71796e4d7b6de726d38371f992555c4c7805b928b559ec4ba1,unchanged,True,
test2,acceleration,ramp_1,vp_scaled_accel,acceleration_scale,0.75,0,377ed9689c25f9be9f40a7e81ad1fa86d62696dcfcaf3828db02d2d031bd30d1,aabc06cd1088e0b135fa0a2694bdd06cc741de864bfaf083319830ffd4f3a066,unchanged,True,
test2,acceleration,ramp_1,dwvp,acceleration_scale,0.75,0,75180a08bf695b656748cd0c1e713d0d2145984757df82f3e4f80c0909b5f5b0,9e5f7d06408e8552158778e7741ef34ae039077a23d6a29dcad8c86c8ffa2480,unchanged,True,
test2,acceleration,ramp_1,vp,acceleration_scale,1.0,0,c85fa6d1b0fb4e2debe4abcb00fb147611689c3f547d4a971a2b57d6236ec059,8b0b0e2ad8d9bca0eef43822299e57404c6b9ee717568c5259412d15597959ca,unchanged,True,
test2,acceleration,ramp_1,vp_scaled,acceleration_scale,1.0,0,9e795d0fbd662596c22f8ecec3838b0b0b040e50b1d85e69afdd9378b9cf06dc,f0b33e43f78c8724785087cf08e458a8b2b93cc3ca4b4818b558b2d13802f85d,unchanged,True,
test2,acceleration,ramp_1,vp_scaled_accel,acceleration_scale,1.0,0,725260394e563651f2a1f9c399c4619cbb18c1ff02b7be66250acf5726009594,a11577450d8d7427c876fb8b7d1d37fcba1d7b6f3813fdf217fd47638b37fcef,unchanged,True,
test2,acceleration,ramp_1,dwvp,acceleration_scale,1.0,0,1dff939ff6b9091cd18da28e386c47a70e7b5dd0c6f84963cdae5d81f4624d15,e0623709e6cb8c989407a79176460ad08d83eafea3f2430089a9b27f113b9962,unchanged,True,
test2,acceleration,ramp_1,vp,acceleration_scale,1.5,0,9223001b2a2728b36b63b7e56ca3b16d4c63271fb787f99f499ef19b3bf88adb,31dbbf14b6bb2967cebf23113d3a180e847326734372631dd8c1bb4152967903,unchanged,True,
test2,acceleration,ramp_1,vp_scaled,acceleration_scale,1.5,0,584b197de0ae63d48b64ecb2ee61122b20a28deb02139fbad55c2c6b5919f5d5,96be14e9efda72a2b82eb2f7cadcee3dd5cceb0f193de6aa421baa022f68484f,unchanged,True,
test2,acceleration,ramp_1,vp_scaled_accel,acceleration_scale,1.5,0,9b55ab968bf2bcc81488d04114504c4c163b1388d70e624561551e7ed9506eb9,e3c52f912b542120b12f98d3a567e4c9a9165af0a83c5a396f0f02832edcf845,unchanged,True,
test2,acceleration,ramp_1,dwvp,acceleration_scale,1.5,0,d45b6a0f4e715c4f53cece3b964404026c7c2ed8034e214af3ad3fd4d6ccd9e0,4b9ba1e71deab32e1f1c9ddcb2f0eaf4c2f9f3367244cac608eb305806a76b50,unchanged,True,
test2,acceleration,ramp_1,vp,acceleration_scale,2.0,0,cd4d324d16722b78100707b147ab4903e1e2cb927abbd51072ebb7d63408ec69,1a1e84c61cfd1ce5f33533adabafc25e11a5502cbf01db059156b65fe9f8f588,unchanged,True,
test2,acceleration,ramp_1,vp_scaled,acceleration_scale,2.0,0,435ab0b47ff34b80dcd0ae4ac8274f699a0db122b0e3d780bc203a88b97bdf18,b292a96f136818e1104f832bd70ee0fccebe022aabb3696ea20f9f48a8b73814,unchanged,True,
test2,acceleration,ramp_1,vp_scaled_accel,acceleration_scale,2.0,0,145fcd2c77841cc152b0011e4b9131637ef2d27ebd3eef8f48caa0c51b42d471,b4de8b058a411c09e2d9d423bdb339a9caa632443f5c23b39d73087e780021c6,unchanged,True,
test2,acceleration,ramp_1,dwvp,acceleration_scale,2.0,0,7daa7a995190d3db1b00daec4ce674bfb95834ede0ac804b0888f7c0f258b96b,da5dc09770184afb30ff961c537c43ff6d153c928cd141178b9206d007ba72f1,unchanged,True,
test2,acceleration,ramp_0.6,vp,acceleration_scale,0.25,0,86bc017d78233036aef90f67196dc0fc57ebb305704fbd40e8b8ea2f6806d9f0,5b192f1962e4af371cb8772f5501ad8369cf65968991bb9a3eb10e137e0f92b4,unchanged,True,
test2,acceleration,ramp_0.6,vp_scaled,acceleration_scale,0.25,0,702672cd145e2938b02eba01839f46066019328a67b445f63b1c3ef992cc0804,e157a29b52d15de67469acfe8f8279a2a0f649940226a01aee5c12866bb8741a,unchanged,True,
test2,acceleration,ramp_0.6,vp_scaled_accel,acceleration_scale,0.25,0,824752f5d539e498a0d4457f5b65cf1d4f3d89687b8bc831b6394f6d08dd44f5,be1f4447afe0fcfdf2090ccf897617c4db37a75b8f83190d5cfe20a97cace4b2,unchanged,True,
test2,acceleration,ramp_0.6,dwvp,acceleration_scale,0.25,0,75f2ff9491bfc8dabe920f34c154e39b430c39b7e141ad1e49825941993e0e8e,b8222459edc4a0a525f3131d8f5fabef53468484d7e6b25a0d91f31a442d8190,unchanged,True,
test2,acceleration,ramp_0.6,vp,acceleration_scale,0.5,0,c236ceaeda47aa540e9a2673480fbf51e9d10d73e0192adcc476030958f15b91,1b4add9aaf6c2bb3c536074ecfbd8dbb55e33ba40203bc8cc82d2694559b2a48,unchanged,True,
test2,acceleration,ramp_0.6,vp_scaled,acceleration_scale,0.5,0,6f4a11852b9726aa16631b44b5ed27fd8718a5f454d953d7a939b690cc1b788a,b7ad2187e02946e317e1fc5e3c2192c5cb23af69a0858b133dc5bfa8a921db41,unchanged,True,
test2,acceleration,ramp_0.6,vp_scaled_accel,acceleration_scale,0.5,0,bf1a5f9e4be4d3df3adf055f50846db56962a259c78335b4c26be902dcef583a,ba27693002233badf981da5e8ef7f76a97b71347c0a6dddd8f3784b71ba0e0e5,unchanged,True,
test2,acceleration,ramp_0.6,dwvp,acceleration_scale,0.5,0,9289d5944738ab8977ae78f92856534ca545e61af6b07b69f47951bee98f78b4,d346ff58cd2317399444d2b34f588350cfc489545e639f93e60fd16ed91522c1,unchanged,True,
test2,acceleration,ramp_0.6,vp,acceleration_scale,0.75,0,ea949207c5e5db5bf4b04e114095e784928beb0077812a17112ec9cc2326cd44,6880b85e0bc4ba117b5dab4871f1d98ec3fd3ad80c179545a5f67152692feb74,unchanged,True,
test2,acceleration,ramp_0.6,vp_scaled,acceleration_scale,0.75,0,39dec64823d495b3367bf495cae4fe032a2a9bbfe369d5f32826393555c8c88a,669978470a8e40e6b2d6bd6a4b42f1c2950a4ce28b29ffb0fafe5d6216704e17,unchanged,True,
test2,acceleration,ramp_0.6,vp_scaled_accel,acceleration_scale,0.75,0,0d49adf3a377ea7d80de0829b485d92f0972b2ef5d619b2192be293991af78c1,c8bcb9addd5614670ef393ef844688beb0f58255135dd31bc32fe86696b4c696,unchanged,True,
test2,acceleration,ramp_0.6,dwvp,acceleration_scale,0.75,0,14c805f9c686b4d95946df3a56972bdb7e73cf898cbf9d5d0e8be1e73e5474a7,65e7e04f69b11e2953c5bbdec289a24f067683b63adf0322d2d55e768987a703,unchanged,True,
test2,acceleration,ramp_0.6,vp,acceleration_scale,1.0,0,0fc46961112c4d0a93f1c074ce4ece5c35c9d9fc7097445b7614d5e0c99f7872,300eab07b603e08deb6a83fc6d073a06e50c5b8186454350c4be415a3e7f6e14,unchanged,True,
test2,acceleration,ramp_0.6,vp_scaled,acceleration_scale,1.0,0,0f7c11585f0c4f7e58e47c7b37f2e4500a6af26872a740256a2b6b20f9bbb56a,e137419e5ae9649d737c9070ecc42b2bdd074953237d44ad09fa67d2188815c6,unchanged,True,
test2,acceleration,ramp_0.6,vp_scaled_accel,acceleration_scale,1.0,0,217dace1594f8bb370e6a5a5a50b0ab9ed519bae76b09f46d78f58d0f870b901,1dd25462b1ba374fc1977cb319509f0ec87228d7d73e8bce3861c8719bf301f3,unchanged,True,
test2,acceleration,ramp_0.6,dwvp,acceleration_scale,1.0,0,0d30cc0d272ac0b74497b684cf03bdb642e6f9583b71afac876534289cb6e9d1,81de757f9e88985a4ea8f3a0c0bca1c8fc1981e3f6d490de91d1b5c2b3a81865,unchanged,True,
test2,acceleration,ramp_0.6,vp,acceleration_scale,1.5,0,6d73541985fa81fb42ed02a21d461234a76a8d7f9cef001d9aa8c98342b65b0e,85d8af9c6bc04c314b23920266f8dbab0509700ddaacfc704b85c939f42b33e4,unchanged,True,
test2,acceleration,ramp_0.6,vp_scaled,acceleration_scale,1.5,0,05d741199cdc2944a026d69857cfa70573c4fe6ccff206459c0951abd611f09b,4d8c98adb69d8e8f6b572dd5d2fb928cba61354d6b539792678106595498e35f,unchanged,True,
test2,acceleration,ramp_0.6,vp_scaled_accel,acceleration_scale,1.5,0,fbde0e90b3323f49ced41a3e325c4997da43fbbaf04d67691c7791055c8b79a2,4ce19221e5258b1d26318039c81202780cede808c13ab2af29b565511ff33933,unchanged,True,
test2,acceleration,ramp_0.6,dwvp,acceleration_scale,1.5,0,d5d6d84ca5e1dfdd86e135a37d8ab6bca1e430a44609419936d206de0e9ce757,23fbf4f1429e4e4493d038440d23a35f3f2c3d186d4583564ca557d00fc65367,unchanged,True,
test2,acceleration,ramp_0.6,vp,acceleration_scale,2.0,0,d70ffb8e6eedb24c68cd8cdc8898b3195e9b5ac3bd7053fb0c3e1fe9edfdecee,1dcdff09cfe31170e7386c9894ed539d0936854d3920c6df40bde8633700da80,unchanged,True,
test2,acceleration,ramp_0.6,vp_scaled,acceleration_scale,2.0,0,d43deacbc51954cde91805a893e04ddcd5f7cb7195f8e523a440e3f6a7e969a4,d668b72c9ca16c5d9fb9d43a7f4d4fa97feb4bb24ed43c764f991541d364ea7c,unchanged,True,
test2,acceleration,ramp_0.6,vp_scaled_accel,acceleration_scale,2.0,0,e5c1697c8b4ea7e5e6ffd68feed013008c81dd9939e085df2e3d5dc9680cd36f,38f050d79e837a8426cba00df88962ed0aa24fd806a9564a1fc1c6e41f1b2a7d,unchanged,True,
test2,acceleration,ramp_0.6,dwvp,acceleration_scale,2.0,0,e41103815f2ba6ddd210185bc0b3c16f43ad4f948eba60b0cba108c851f83de5,1403b84cf5a5bde477ff9dcb03e6cfa84e4d3c86138c23bbedc0a1a1f1d0ed0d,unchanged,True,
test2,acceleration,ramp_0.4,vp,acceleration_scale,0.25,0,5a9ee2bceb18c8ca523da9a6a07e1c467b431d9e4750c6eb6e3e4fb3fe26d245,81898b2b9255cda1de369419e25c80e94f59f8e50de8f71c4da6be9c9b319227,unchanged,True,
test2,acceleration,ramp_0.4,vp_scaled,acceleration_scale,0.25,0,d751e41c41c28669d3e804f19717e02fc8dc4a389131bea8a4c233085261d372,f02317e6d05a4c0abc48b0602acb98d595dc6f56996f8efc32761ee6b90156d3,unchanged,True,
test2,acceleration,ramp_0.4,vp_scaled_accel,acceleration_scale,0.25,0,858b1a69e88e2a0f4eaf629c72759e18a04ea05895fa963d93f02719b8043253,1eadec6d4bc66aa8313fb716d8022caadfd14944d28b9cc26c3a77dc5c546050,unchanged,True,
test2,acceleration,ramp_0.4,dwvp,acceleration_scale,0.25,0,70f09dc32c1c55267712359bd9d05a312e6f18ffc8546ca7e2fc3725abc58852,ac84ee9902a08b129b6d21ec3f616e21f024be1dd49dc72a3885f60f16e21262,unchanged,True,
test2,acceleration,ramp_0.4,vp,acceleration_scale,0.5,0,ef63e16e9a3d1b320d5aa20f83b3ba127f8fa71bf42dde8974fefd983a729379,403c965a8e1d41a7ca2879e45ec662106d6e345fad9b0f08943bf7e09bde9686,unchanged,True,
test2,acceleration,ramp_0.4,vp_scaled,acceleration_scale,0.5,0,612b9405ab9a3dee5dd6c1de6c6bf7020c170223d70ec9a749202d8c219a546a,204d7e6769b154ba3423164f11562d752d559cea9b0bdd9e9eea8740feff0784,unchanged,True,
test2,acceleration,ramp_0.4,vp_scaled_accel,acceleration_scale,0.5,0,89a348e17c8dc71a53ca0f3a867043475ae745fb3cab998fdf6298622b800bf3,867ed7979b38e1b52299a04f7ca53e119741b447bfea8f37fc7c3bda79c14af1,unchanged,True,
test2,acceleration,ramp_0.4,dwvp,acceleration_scale,0.5,0,e2d5eb6376e10fa147fe61f11447bfa074c049aaa10c30bf1d6976c167f48b96,996a356bc6f7c3170ae1912fdad5a9d9f6afc2db9c5ccf5dbed053b10bf45934,unchanged,True,
test2,acceleration,ramp_0.4,vp,acceleration_scale,0.75,0,a38eeac7e3c1bb47952e4824574db0d42497a4506644b92a124423ed24952d6c,c8468a375e6f3f66229d0e7ecc651afea5968f262fc3b04666c0fcace1b0dbe7,unchanged,True,
test2,acceleration,ramp_0.4,vp_scaled,acceleration_scale,0.75,0,776bd0c9db275142bb97fbc362a9025e510f10db05b0898b627687cf8cd4c297,44c126e647d8bf3a742561c548c3b9d38c2755b2d6f68009534bb127b6f3e99c,unchanged,True,
test2,acceleration,ramp_0.4,vp_scaled_accel,acceleration_scale,0.75,0,91c4ee177a20a16f4a6077f03cc658878a551ac61f9327e44215337be13af00c,48bf470ad7c37d1d6e312f638e1ba6c995c409e623fe5c999f057db5e6251416,unchanged,True,
test2,acceleration,ramp_0.4,dwvp,acceleration_scale,0.75,0,0f4242977d6c473451e49e4d39bea9e3404768b85d820ac904e26f9a47873da9,a71ca01cc5469302e033204bc33e65e0c4bfa22b649dc30d40184a1f7e11f603,unchanged,True,
test2,acceleration,ramp_0.4,vp,acceleration_scale,1.0,0,d74d73e2f9ffc57edc569797183c88c382cc7e616b1282a2c8e9dc99aeef1003,57202efb6a6d653b9f40e4de366f75cb2e6c1cac9387c86f7a753495c6bc8990,unchanged,True,
test2,acceleration,ramp_0.4,vp_scaled,acceleration_scale,1.0,0,1d51d5868c9bd730aaf62d300fbd59fe24703b7d784bce376070c6ac2fabbf68,ea065ccb8c14e7d241e83c4d708c7233d52b3554460aaddd19d21b7813a6a70f,unchanged,True,
test2,acceleration,ramp_0.4,vp_scaled_accel,acceleration_scale,1.0,0,e04a25df609ce053708f195f93be3557d279f982980d58d17d91d92c1d32e9bc,18a9e4fab811e47e86b3f19140097d330272b24ece224a9488775bbb3111176b,unchanged,True,
test2,acceleration,ramp_0.4,dwvp,acceleration_scale,1.0,0,f0c5b94a02c795d0fe88d9b0d1390b16c0bbab46f61b2419dfb7419a31ff012d,871c1a5be0eab8729ff1ab0cccd15c7abd8336ba7ed4697eedac941eaa7a6cb2,unchanged,True,
test2,acceleration,ramp_0.4,vp,acceleration_scale,1.5,0,c6d0955ea20b50ed7970ba139fd6dc212b5c3bbf8f8f341fd05e1d4ccc217ab0,29d66db1b6083f6c6fc71ae21b6b43059baf5d861e01634ba207457e8af350c3,unchanged,True,
test2,acceleration,ramp_0.4,vp_scaled,acceleration_scale,1.5,0,3d5bec9c63f3f7150098730fd29b28bff3c89239100a400d56be660514bce495,81753c44dfb079e03f99dc37b5a912ec78eaf0c0ff0532cd1da65ebcea13645d,unchanged,True,
test2,acceleration,ramp_0.4,vp_scaled_accel,acceleration_scale,1.5,0,d7bde3beb0dfa6ce42644cdd884e81d3b57fc7e26a96fdbf3dba6e55814a525e,f0599e9c665571c49be93091e8299f50180c0939be4ee6e58834a88fba63a3e1,unchanged,True,
test2,acceleration,ramp_0.4,dwvp,acceleration_scale,1.5,0,9b3847c461c498fd63de5606d4dbffd16a2e817f34b147d05abb44ebe25e252e,5c2d89f224c02bcdb895a6f560c874488c0b0503e24ca459147262d684b63777,unchanged,True,
test2,acceleration,ramp_0.4,vp,acceleration_scale,2.0,0,7e38c8efa067ef327bcc375ac69f72d13f421753e49dce5e096980b7ed1b19d7,044fd6d2016dd20bd8098c7f2235dc74f676a4c1691a04aa2ea0fe8e37972d32,unchanged,True,
test2,acceleration,ramp_0.4,vp_scaled,acceleration_scale,2.0,0,98b524056aef1497528868c835572693fa67bf9a4db3979e39f3eacd100dbc92,384d3b4b84e224a2816c62152988f06af75c7f969fb0f4de30ef6f2905cb579d,unchanged,True,
test2,acceleration,ramp_0.4,vp_scaled_accel,acceleration_scale,2.0,0,c8f1fc46cffb629543a6299c36d9b9cd9d52fa05ffbe312939bd3c974123f5e1,d17945aa045264bd4d7b6a498ffbbc01437ab9edb65295ea9698315d807298b1,unchanged,True,
test2,acceleration,ramp_0.4,dwvp,acceleration_scale,2.0,0,7ff078d41ee9885b310063557a95f448825bac37fd41f2c2ea099852d5be7499,2200667ba371b873cc190f371190638094848dbc96bcffe96e45c879c674af00,unchanged,True,
test2,acceleration,ramp_0.3,vp,acceleration_scale,0.25,0,e5691e7b8627d663e805dbd75ecc0ab69de7f8a2a59c24eec9afbb840f2c2f19,9464e91b9db4c7afe514482a434b9bf0711b2579a61cd0f358715513ed771a4a,unchanged,True,
test2,acceleration,ramp_0.3,vp_scaled,acceleration_scale,0.25,0,fb3f25e1622ffc1e2a82795c87c02962151c50337a2d5207057d207abadb20d7,dc582bed95f8858193c846a2a4fd33c97bc81673f9ed7d63623a52e2b88045ec,unchanged,True,
test2,acceleration,ramp_0.3,vp_scaled_accel,acceleration_scale,0.25,0,2faba684cce61e55f2d7000a7965481d4b1c401dae2d85e3c7f7617699a96df5,919106f11756d04a8df7163a29a9d016136442cc277859471aa3199342fc28bb,unchanged,True,
test2,acceleration,ramp_0.3,dwvp,acceleration_scale,0.25,0,273cd0da8836bd730cafb98aae69ce74675a04a86d7b9912796ac8ee0adef052,7df474f8399a1a6d57fc63967b8f48b95af09a03549bfa3029231318d3eb9993,unchanged,True,
test2,acceleration,ramp_0.3,vp,acceleration_scale,0.5,0,8c6c39cfc14a7ece5eb1074374b131a24721b1867611dc289eccdbfb469936d1,309ecc98c86a467460e581e968cb4f72d08b5f6a5b8de3076688dee50b31cf6b,unchanged,True,
test2,acceleration,ramp_0.3,vp_scaled,acceleration_scale,0.5,0,0b51822cd38ce06dc5040182025c7cdc82a8253e6fd05474190e4c6ecae674b7,444632029fe13b4cbb35ed0ba21c680bdbd62697c659d35c0afb35de988dee04,unchanged,True,
test2,acceleration,ramp_0.3,vp_scaled_accel,acceleration_scale,0.5,0,b069328faa37e96688fa7885cd8e09bb5c0271c744aa16d9a839fb16595bd748,e250f02dc9b6e503217e1f4026b5687d7335e2479ffece93c196629c4f23bf74,unchanged,True,
test2,acceleration,ramp_0.3,dwvp,acceleration_scale,0.5,0,d0fb025ce2110afa5b90c6eba86e76d53055c6518c6d792d79883252e2afa192,b04fa2a8a583c041a941739acd34f6e0294012dd0af36e2c211fa55dc5245d12,unchanged,True,
test2,acceleration,ramp_0.3,vp,acceleration_scale,0.75,0,e996c417ff349d4b1f723d046b4fd93ce23f850afe7cba06cdcf56896c332771,44f03c06bd519d1945c08137ff7d673bc47297a83e486df49408b19188cdd2b0,unchanged,True,
test2,acceleration,ramp_0.3,vp_scaled,acceleration_scale,0.75,0,430374c88d108ad5c3cb37a7c190aabf4ccd7c8be04804aadc96546dc0ee037c,4f5c9a2789fdc8af13a4da0071507c54df056770e5c1cdb4fd6ff8364415d19e,unchanged,True,
test2,acceleration,ramp_0.3,vp_scaled_accel,acceleration_scale,0.75,0,8afab81b8552b17edf7940f505dc66f2e57c54788273ef18229672881b567457,8c42d155b49023cb568c437636ecf87158a30a3c6467b4e8bf20d91af55d1e0a,unchanged,True,
test2,acceleration,ramp_0.3,dwvp,acceleration_scale,0.75,0,03acd9dbfd7171d10606214efe4147076df8dc0f80f62b2cc94370150d64f80e,b8150ea4abd4fece8036bcadfb277753a9f5379fbffc03fe29194df6901c6880,unchanged,True,
test2,acceleration,ramp_0.3,vp,acceleration_scale,1.0,0,bd9621b737673525418ab02a53bdc4ae088de45940c2988dbd0ff4f19603e727,7abb69072249351f422b1abed6839e04de8f2ca248f72cf251801abb7d9c22e8,unchanged,True,
test2,acceleration,ramp_0.3,vp_scaled,acceleration_scale,1.0,0,a4ab7c659432d580d267c01654588fe7255ed724385d80a7fe09be6d39391841,0f5837e8cfd356f44ffbd989ceb90eb823f2a99b7c7963ac4c936b8b121e5257,unchanged,True,
test2,acceleration,ramp_0.3,vp_scaled_accel,acceleration_scale,1.0,0,3501051eb5ab2541238e4a0df20ff30a60e37af47185393841d2ee26c9950b8d,a9c22f4a1266a019a3b87fd9c5b1fe466083a5906d795e2c4fbc9f500d462667,unchanged,True,
test2,acceleration,ramp_0.3,dwvp,acceleration_scale,1.0,0,48c605debbe2d98a51aa29f94e63d7c963436ae292d216f809f025703edfe641,70d8dd335654bb61c5b0ad1e01a86b6a345ec29048bc46672b0ae6ff07355782,unchanged,True,
test2,acceleration,ramp_0.3,vp,acceleration_scale,1.5,0,2609b667b5d829e3719fff3e9c3125f8dd0a79a6ec4270ad6a2631ef5029312f,c29dc87f620d6e09f35199afff17afef95919418084f264554cdf0a8d26fe431,unchanged,True,
test2,acceleration,ramp_0.3,vp_scaled,acceleration_scale,1.5,0,3116344e50476b138d869bc88d50fd2896a190fc19114ee2d101e1ee4da41838,c15181d6b8648cd2cdb00a7529d8bed12d1a20c7d19c97a0af689da18a7d2aca,unchanged,True,
test2,acceleration,ramp_0.3,vp_scaled_accel,acceleration_scale,1.5,0,c0d96517ff1c91a7a46c3a4b1e0db1cef10b98bf863c1f603adc05060736e5a9,5342fd9783a43970aa2cd7ba935800b31db90e87d30dfd46a075050893a5ef90,unchanged,True,
test2,acceleration,ramp_0.3,dwvp,acceleration_scale,1.5,0,2ae15e1ccd572a18bb4f62f7a558de2e0e9fc8a889309e00f3a3a944ad3151eb,a040debea89aa494d22d9484f2ee421c22e017e14a21ca2b21564377b66ca647,unchanged,True,
test2,acceleration,ramp_0.3,vp,acceleration_scale,2.0,0,32d0838976fb0f14ee57d4256e030225586c95647bad73120d0d60c546050bf2,2df58addb57231828d5db15384d09ed6430594a32d70874f5b4d435b1d746707,unchanged,True,
test2,acceleration,ramp_0.3,vp_scaled,acceleration_scale,2.0,0,be0c2e6bee9673b3a7b62fe698585ea018dbc855b175fafa109e1d7e7a34ff1a,0f61d0c7000135783144a736c22f61bbd91c778efa7b67139eaec50ee1e24db6,unchanged,True,
test2,acceleration,ramp_0.3,vp_scaled_accel,acceleration_scale,2.0,0,68bf0a9a29365e3acd4d03d7781f7ac01a51104e8fda7e64fbdab3a871e916be,5753ad28f188cf52a39b804c08fb228981346d4388428063f03f441e39230dea,unchanged,True,
test2,acceleration,ramp_0.3,dwvp,acceleration_scale,2.0,0,ae2045dfb414f3819a3c3b95097ef6f504b7801bfc34e2e7771da8bdf6b7ac56,297ce345b95cdfe46612fdfb4c2761d3376fc6f0782c5212a2c01db9c1bb4a5d,unchanged,True,
test2,acceleration,ramp_0.2,vp,acceleration_scale,0.25,0,57e6b08753d6074652586fc675e07601c410ee5780bf2847b3e429ac80137db3,a6ca477f41ee49d4e80b40d51371340f605f7ffb9da5caa39a006fd7180a0dc8,unchanged,True,
test2,acceleration,ramp_0.2,vp_scaled,acceleration_scale,0.25,0,46daf22c561f3f788480b2e964e496b59fde358fdf78b0cfd9636297a2384310,a0099f34dafc042cd9f258632bfe273c80492ddbc5c2ce3f62f0cd1290dd5ae8,unchanged,True,
test2,acceleration,ramp_0.2,vp_scaled_accel,acceleration_scale,0.25,0,e2d68723143af5632249f1814d09a0d63354d077a8905dabf9a1b7ba56a7d5d1,ad041756f232670070b48501601b63e9c28582b24b27931dc6d07510e83b1e40,unchanged,True,
test2,acceleration,ramp_0.2,dwvp,acceleration_scale,0.25,0,0f4c09cdc4c0280614a2b39a928ffa24a93c5527aefce9b606c338f71961a98a,e4b045b1295a9b9f25c70482974d4e081360f594b067ea26913ef12ae374d435,unchanged,True,
test2,acceleration,ramp_0.2,vp,acceleration_scale,0.5,0,80e95011bab578c2c7661302716a8b08b9447f2e3d5dd6b2285de0b2e5ec3231,1f9f954d4edea5e46121d916f8ec275e450f0758fc6b1f25477e143a7ebc1b5d,unchanged,True,
test2,acceleration,ramp_0.2,vp_scaled,acceleration_scale,0.5,0,aa268768c2715a37d8d8d7046bd48e3bb4cfa654b82c1042bddfb7a4b7a8a099,49995e7a7f135e3490f7f4bb0a27d58e66601ccdd9c5ae6c6fa16f1391e123d4,unchanged,True,
test2,acceleration,ramp_0.2,vp_scaled_accel,acceleration_scale,0.5,0,5254feda2c078509e3497fbd6dffc5ba500475e32857e0fd27c29a6101664c9a,51a1f86097ec9a26916aebf816d191caf945c6777fd718ba89b1b28f7a72d46c,unchanged,True,
test2,acceleration,ramp_0.2,dwvp,acceleration_scale,0.5,0,1400cc83dbe8fd97086a0fe56c4ff003ce820e89753258cce7070311f56526f8,703684cb66a0ff9cfd5edd9bf5c325501eecb0ed59e8ec9909fcc92a9b952acb,unchanged,True,
test2,acceleration,ramp_0.2,vp,acceleration_scale,0.75,0,34f3cbf301ee8d7515a82100dd272ce97cffa4c5224b21f1855ee49e8d43b477,b58165f701eb0b675e3fb926167e202abe79548dcbc56ecb78105863cad6c2cd,unchanged,True,
test2,acceleration,ramp_0.2,vp_scaled,acceleration_scale,0.75,0,561c9556cd499cc55152264976910ef221f5aefb0151922e20ba27cc85a39c9a,17c19ca30c3f5c186d231b5848267a1f98cbe372a4913a702a066ee8575cfc3e,unchanged,True,
test2,acceleration,ramp_0.2,vp_scaled_accel,acceleration_scale,0.75,0,26eaae83e9f7290fb8324456d6a7bff91f05f347b914e339e359ac469c484cdc,2221a66ff6040f8ddbafd27373a766886e0ec3df91a492aee9e2de686716e589,unchanged,True,
test2,acceleration,ramp_0.2,dwvp,acceleration_scale,0.75,0,2dc098cb294740dfa5363259318e692d4b321ccf3687a96560010695396aa9a0,b12ecd71664fe3d19c3bf9eeff93f0e871b2a168183e42f7eff7af028f551725,unchanged,True,
test2,acceleration,ramp_0.2,vp,acceleration_scale,1.0,0,48eae529fd0d7cea1f856c962ddf3e1c69823524273b278a2005b26be370f1a4,0e93bbea4f09e8726d0cee7fff2d97174ae146e1bc951e0da521140fba9a48be,unchanged,True,
test2,acceleration,ramp_0.2,vp_scaled,acceleration_scale,1.0,0,f54bd919c817342270b265958e5ad9d40a62e6fc7f1a5d835b3f43598eb62e67,32b02417f5d4e9bb0f3c980ceeaa66e6190de73813a1fdc254e092514c372100,unchanged,True,
test2,acceleration,ramp_0.2,vp_scaled_accel,acceleration_scale,1.0,0,91265ca298dc52f7787b33ae056f5e6959a42574412a8d4072bf4289b6af06f5,52bd8279a00929b86eafde830131eef4de76ca1eacf32f1ed0ce64049617c050,unchanged,True,
test2,acceleration,ramp_0.2,dwvp,acceleration_scale,1.0,0,3c6cab3d87bb1ba53e5ebfeac76c117f50a964fd305435f84d871f22e4ac3525,31f3ab413bd3e82b50a5097a2a8ecd392dd52b52d86e26bf3405295b5ddf64e6,unchanged,True,
test2,acceleration,ramp_0.2,vp,acceleration_scale,1.5,0,10f50ca79b3e7b14963d9800cec448b6a1da206c62eab64d641259b493869e06,4770ef02abbc55770fe688bdb66879bdbfe6b9073ad40f685addb29054775a9f,unchanged,True,
test2,acceleration,ramp_0.2,vp_scaled,acceleration_scale,1.5,0,e14777bf10415edc1b446a4ebc9bcded489ff899821f2e1228c49155942cac05,765388f63c7fbd5c13a14b56ddd75dcb6fcd3c197d2810dfc4e5dd12f06f044d,unchanged,True,
test2,acceleration,ramp_0.2,vp_scaled_accel,acceleration_scale,1.5,0,66361cfeda5eba02798c43e324de3fc35ac9d280706cdaa7b2862184cc0a055c,78ae5df00493c3c3b88e8ca2601840e326f0386eba60beed24f9b75953ae42e6,unchanged,True,
test2,acceleration,ramp_0.2,dwvp,acceleration_scale,1.5,0,e4cdabe334651fedc19d929ab18373133e3e341df3a0eabe88762755c4be16d2,1bc57081d568d4c6c4c89cd274260a09f0507dd540e6579e74a0b186a68bbd82,unchanged,True,
test2,acceleration,ramp_0.2,vp,acceleration_scale,2.0,0,e2d437aeb80ab77cf904d88c93aade5086603cc43322e70b6d5d77e8953b96bb,12803d78e326f0016786746eb96757055cdd5bd6ee677df4ad4556254b316e7c,unchanged,True,
test2,acceleration,ramp_0.2,vp_scaled,acceleration_scale,2.0,0,3e507f291ba30c30d8ef22c314bca7e93cf4474922df0838c6b348379e04b005,18c768ef0cb8203dbc0a23c06da16545dfc06c27db95c74bb3f62ea08cafad57,unchanged,True,
test2,acceleration,ramp_0.2,vp_scaled_accel,acceleration_scale,2.0,0,1678d0b56541b8061660ac877152929a2a39ba999bc0f3cde90845b05adc74ba,50d1d95ac553ca8fe007b7f06c388c16d84437867172b025af3b921a21efc018,unchanged,True,
test2,acceleration,ramp_0.2,dwvp,acceleration_scale,2.0,0,6b678803704da570b3f9fb0d944ceeb30f99d30e0435d54439bb558883252fd2,0f83705fa856a898ba0bd2676738d48aacede746fe8d6fa6bd371bbd7f14d7aa,unchanged,True,
test2,acceleration,ramp_0.3,vp,angular_acceleration_scale,0.25,0,3028eacd46e9c0e04a550ca6d3533e679d806a618f69c22875c04fcaa1de3641,009e72ab81b8064777862bc20ebe758cb82d2d61a729e5a653cf33b129de7c52,unchanged,True,
test2,acceleration,ramp_0.3,vp_scaled,angular_acceleration_scale,0.25,0,c67b177fbbe819c35ce0331f18ff6a2cf777b6f95efc5536f1152640df4d3727,d2c6a733d39d2679a11eefb836068a1437709168f383f96d5a18fb1fbaee571e,unchanged,True,
test2,acceleration,ramp_0.3,vp_scaled_accel,angular_acceleration_scale,0.25,0,3ee658247f0c9769abe2b0934349b016ebcda644b33a177722fefc14aaec80f1,21d30dea98bd694466aed6ecfbf95430dc6355b8d88cbd5a5d4a26903253c056,unchanged,True,
test2,acceleration,ramp_0.3,dwvp,angular_acceleration_scale,0.25,0,24217d2b48bb912b91a71efa6fa439b746c3b03e3542575ca5ed6af3d1939697,55c3b62102526920fd74d9de0414387e7a3e629a492ba1374be04d019c4890d4,unchanged,True,
test2,acceleration,ramp_0.3,vp,angular_acceleration_scale,0.5,0,f38da90c6e6c5bdcc7a8f99444217cbcfab2911517975ec031549d1741201d00,c75252fce2f16b55c7df761a0e7c7ddc532e7aacff714b4960ad16e5f137a126,unchanged,True,
test2,acceleration,ramp_0.3,vp_scaled,angular_acceleration_scale,0.5,0,fab3e1108dced9b80854ddc621c22e88654e7401cb341c00a65478dca1db1ae9,9654d1c4e98fe4805990a2c0f43420cf2cdbe12c642c6a516c0ece129cab5fe0,unchanged,True,
test2,acceleration,ramp_0.3,vp_scaled_accel,angular_acceleration_scale,0.5,0,a0c34a6fb1e0572f09bec096b0687766c0d9ae983f4b4f994c9e2a6e22e95969,979ea2acf4b18a0e8d80f7efadf3806105f8e87a3eaae4cb3d910d423a3b6bb0,unchanged,True,
test2,acceleration,ramp_0.3,dwvp,angular_acceleration_scale,0.5,0,d22cdbe415b310853853c61d198450c216b1369c678f58b6f9c54f61a847733b,ddb9812c8b6451f2dd55656750de47c9ceb33138bd80856e6220513aaf0dbaa4,unchanged,True,
test2,acceleration,ramp_0.3,vp,angular_acceleration_scale,1.0,0,602cb1160fc1ef0dbffb17457516499b3ceff7dbffbe02dea83113ddc9f27a94,7abb69072249351f422b1abed6839e04de8f2ca248f72cf251801abb7d9c22e8,unchanged,True,
test2,acceleration,ramp_0.3,vp_scaled,angular_acceleration_scale,1.0,0,b259e555935de7ccb7979acec50d002c68ee4975ff7fd8cfeabc170382be5b88,0f5837e8cfd356f44ffbd989ceb90eb823f2a99b7c7963ac4c936b8b121e5257,unchanged,True,
test2,acceleration,ramp_0.3,vp_scaled_accel,angular_acceleration_scale,1.0,0,8cea39a5671d299247fa2acae22412b2b780694af05b4d8d0902713fe996aec1,a9c22f4a1266a019a3b87fd9c5b1fe466083a5906d795e2c4fbc9f500d462667,unchanged,True,
test2,acceleration,ramp_0.3,dwvp,angular_acceleration_scale,1.0,0,d20112933ddc86aeac9960b334d9e24f564bbf08a0c35381813aed2eb9e54c3a,70d8dd335654bb61c5b0ad1e01a86b6a345ec29048bc46672b0ae6ff07355782,unchanged,True,
test2,acceleration,ramp_0.3,vp,angular_acceleration_scale,2.0,0,fbeaab4bffcd245d377a902696bbf99159d7e6bd3a64ef8b28d90215d03ecf0d,73476886ad2ffbc9d33cddb46b7c7efad9f5966770050e15b86732dda26f1f55,unchanged,True,
test2,acceleration,ramp_0.3,vp_scaled,angular_acceleration_scale,2.0,0,4ce7627639585b5d348fba98328dfc3c7c170c5c959a743c45c3e99cefa7850e,fa0a12c7be9edda9bcf017613a2dadc3264ed02ce27be4fbe9193b27e9503cbf,unchanged,True,
test2,acceleration,ramp_0.3,vp_scaled_accel,angular_acceleration_scale,2.0,0,772c864865820ee50c54ac96307ddaa97e3502a75040ae98849b11a5939947f0,f6dd94e9b5661f681050fd482810634e954dcc60f40a66b6cb6c78f8d72df103,unchanged,True,
test2,acceleration,ramp_0.3,dwvp,angular_acceleration_scale,2.0,0,d64d995c040ba2c806398c41abf8a8f3ce690d2f36b0e9fcb7689b5a545dd3a7,f6fbeb671091158b64e5c934d8a12c8c57bbb06626cc389cd750996fb506de76,unchanged,True,
test3,nominal,obstacles,rpp,regulation,"cost=0,approach=1",0,e08579fc2c1034885934f839ec3ea386f610811370c3fec153bd4959d12b6c4d,5ef09e92b749ecb56419a4761977ab2326b03d9976f3c39359cd558a39dc70c8,new,False,
test3,nominal,obstacles,dwvp,regulation,"cost=0,approach=1",0,a105ca1af94887b62b188b6d2f2d79d71ebba0f0c90c0667b2c695ed19393afc,bee7a59255286c59ede8a212be6ee8c78de497bad8210fb76466471008723265,unchanged,False,
test3,nominal,obstacles,rpp,regulation,"cost=1,approach=1",0,01d439fa01241e7fa2a29c38dc07979862f62cd84dbea49920b9c347fd252d5e,fe67c4e33c957bb3c951da9850da37b67f7419ddd76060e25ff3d97270d1b97e,new,False,
test3,nominal,obstacles,dwvp,regulation,"cost=1,approach=1",0,3a7a0053d753d2e3bf626c5bdd48ddc01b171336211c283fe7a5fd7fc17187f6,36b3f811c8c55aacfcb2fe9c236fd6b4cdd18a8816bdeaa5d7fde4342554d21a,unchanged,False,
test4,b,offset,dwpp,fixed_lookahead,0.055,0,8c49acd86cc564a4a194e5d52d69437b73a41d3f442da4069dc7ea9a09cc14d7,35e4b456608a4168b89b3ea9f831f028b0475c96e3fd29065e217d884e3afeff,unchanged,True,
test4,b,offset,vp,fixed_lookahead,0.055,0,6e5b5bc58ef924455b705ae00c1d4974bfec713a7e915c0b008b7fcf7af13bd9,0be894a3ce4b54f9b59e67c716b54e5be8bd96c206b6aff177f37d6ef4882e04,unchanged,True,
test4,b,offset,vp_scaled,fixed_lookahead,0.055,0,f2692edd60dab5b7f42eefd9d228e4cc10e8950bfcca0ad31b7785ebeea4f2b2,0930d14c03e93e15e25ad347cd207c01823527d5c18141c5e37f8755fa88caa1,unchanged,True,
test4,b,offset,dwvp,fixed_lookahead,0.055,0,2caea46d6793a87038ad125efbc884bb19af291885fcec974e0b440c2751229c,25c120e89d421e2cec360c6ec570259caf3ee1f321712c45550de1a395417a07,unchanged,True,
test4,b,gradual,vp,fixed_lookahead,0.055,0,b73fa8ce4b6cf43f7d0945bcb87b3c4d5cc9cf30d2ace2c7967f8945bdb0857b,70c099a664d3e8711e5f0183c421e72a34530d5ba5d2efccbbb503046ec8d325,unchanged,True,
test4,b,gradual,vp_scaled,fixed_lookahead,0.055,0,2ccee0215d5aac868a8db8103a79cb3f9e9a98ffa307043037bb433979544a45,5304fe29abf6fcd5b2b71e2905fa559b86319b3f0519082b4decace8b88179e6,unchanged,True,
test4,b,gradual,dwvp,fixed_lookahead,0.055,0,51ddec1786caa447928f16678cb66e160df20474b811f50680d1cae24c246b1d,edc62fe28d12b041d434a486ae0d6661ca12b2b52fa0ef0d8ad55c89aa8cac4d,unchanged,True,
test4,b,rapid,vp,fixed_lookahead,0.055,0,77d9b51d7e24c565947f15205473f8b66ba0f3cf83c8c843d2b5c3204c84509a,36cf83ecb038dc73ce5b8ee75ef2f0f294c2cd19d6ad4a85f168bc08b7873b6e,unchanged,True,
test4,b,rapid,vp_scaled,fixed_lookahead,0.055,0,d7abeeb612d47137102464d02cb1cb6c9d446dce7861d8d620f8ecfbd3cfa2ce,b700d203fd7109a28de40775393d3a57f31e6ebe15cb612cae9bcc1061488e37,unchanged,True,
test4,b,rapid,dwvp,fixed_lookahead,0.055,0,2d179cf766ba0e65e5aa60031aad2a19913070fe4367b4f10445851b16e564fa,41a9335522641d8eadb5aec76d074cbcecc794e63795b9136ea9d38bdf3b53f0,unchanged,True,
test4,b,offset,dwpp,fixed_lookahead,0.08,0,ae424bf1d86e0112bfd92bfa9232e375f0f7f8829a53fe93c1f764c910eee9c5,26851b5a5dbe3fae2a599db6ac5f2f5ecb7335f37bc1699b8013e226c3431509,unchanged,True,
test4,b,offset,vp,fixed_lookahead,0.08,0,cb74b6a69db3028bb0a86b13bf90b79a02df97e9730fd766fb066f53c74e961c,aae95439c9048960451525746f5d5e373f2e442d0f554770b5d970e85eaf82c0,unchanged,True,
test4,b,offset,vp_scaled,fixed_lookahead,0.08,0,62dc1a8c957c1a7bbe5742a1062109977fbe2c5e40fe4381e0e99c0ff4609976,4ab8345af89eb82ca1424f0d783fd4df81defae188668a28cefcd034c76471db,unchanged,True,
test4,b,offset,dwvp,fixed_lookahead,0.08,0,5fdfa85762ffda696e9057d3e53cc3c22526ab51f3f563d92ab62c98835145e0,439bbc0fbaaf1e6da9de1e7808849d6aa89d4b5cd88881caff73851deabb9dfd,unchanged,True,
test4,b,gradual,vp,fixed_lookahead,0.08,0,8d1c79a89f39f45350e8e7e83391d83a62bd048165bdbcb09bafecc8e473f26e,7b76fd23aaa7a562adf5c634ef2539d6e018e63eaa8aa7b586f349038590b522,unchanged,True,
test4,b,gradual,vp_scaled,fixed_lookahead,0.08,0,04ef073389bd7d5ed7f9257acc72bfcda7554b1ecf1c9882a69451b1917e9a69,48c820265c54d5fb2f376dcf1dd8f291e49220f26ab1c197fbb54983252e5654,unchanged,True,
test4,b,gradual,dwvp,fixed_lookahead,0.08,0,aa34e32ede0aebf5bc24bb2fc7dd354c571ebff528768fb324e4ed21c13684b5,32b9faabb8b7d553c6ea2bb3003645f43a51abe4c3da421ebca63066d009f69b,unchanged,True,
test4,b,rapid,vp,fixed_lookahead,0.08,0,2685537d3623ff1066a9994be6f7cb19565daefc2882a2478d148d597653fdef,478d13724a23286aad9b9aedeab173e8b2c4d5050cf446590c8a4a5381ed1398,unchanged,True,
test4,b,rapid,vp_scaled,fixed_lookahead,0.08,0,2f620b90272960382539f9067c4343fc6388692a28f0034962720b8b0db2f6df,2ccdcc6cc012655a55fe5ff65701c30c1a44031ccd76689f663c115c5c5a9c4f,unchanged,True,
test4,b,rapid,dwvp,fixed_lookahead,0.08,0,7acf13544b828b913a2cff34fa32ff7de0c0e568c135588020bc7f0b88c54bf6,b6c68d060357bc5d335ec926477bbf82b016d1fb9fc816126795c18053712c4d,unchanged,True,
test4,b,offset,dwpp,fixed_lookahead,0.11,0,62cc82a47c6d3def8c01660b4eade3a80f79a7fab7314ab273ba60c1a8912f52,49d27907483ca14c3479c81776ab4b0ef5bed1d0fcbf8ae2332c1a461fe42584,unchanged,True,
test4,b,offset,vp,fixed_lookahead,0.11,0,291e0b6deb0186cadbd72a05b2f3cfb5a13ab3bbd096d6f8a910d162e72bb0ef,8b8b97641f6900fd9adfdeec0dd4146a3f7a545d7ce78d1e55def3bbbd89de47,unchanged,True,
test4,b,offset,vp_scaled,fixed_lookahead,0.11,0,287ea6b9a5daaaacaf6eca1661c38c746eeb6e3fa295dfbaa7bc335b0883d686,c94bd08480cae0377e0946bcb9924f85ac85ac71efed724d7c4592d547675566,unchanged,True,
test4,b,offset,dwvp,fixed_lookahead,0.11,0,5243ceb98da8a42347685d1b92bda8bb5b9ab003c4cf74314fd6b18bafc7f666,8e0fd9b2ed787ef8996dfddb9f86edad389e43d27884f98a757843eab6dafd79,unchanged,True,
test4,b,gradual,vp,fixed_lookahead,0.11,0,24abe5062200404e17bb7f701710ab93df4f9688e106688639f41cc425bf3f40,b57e631390b70f5ae10d10b9e90c350738aca249386661ee1efdb5582670e2bb,unchanged,True,
test4,b,gradual,vp_scaled,fixed_lookahead,0.11,0,89886bf22dc49d1fc9804e68b6ed8a3f8510f9b40e3af4523544f682ec99da2d,7116e9d16d0f7ce88731f399e4c4699a62a968b2166ca8dee3700d1a7214d6dd,unchanged,True,
test4,b,gradual,dwvp,fixed_lookahead,0.11,0,5c14800761b970728e7a2d731f369c13b36e2c40c19d07e4e0105a44c5eaf9b7,367e208fe2c0b03fe0dcb17ffc71fc496f2d66c2fbe180c5bf0d3799d6989c84,unchanged,True,
test4,b,rapid,vp,fixed_lookahead,0.11,0,cd372155d04eaaef2b7ff55ad5baf8e722920a9c721d239b37d2c610247315f0,ad8174ede9c2190a99cd4625ec7d3b0c7a764dfefa52a9ec7781d75a1456d203,unchanged,True,
test4,b,rapid,vp_scaled,fixed_lookahead,0.11,0,35a851430e47b17ffcfe6fac12b640014c5a3c54f04a7abdaf1c3ce4d7858ea8,d9a1a1c47680803c63dfe6e5a2eade0521d68d4f0a63ad2607be5be8da105d62,unchanged,True,
test4,b,rapid,dwvp,fixed_lookahead,0.11,0,7f692cbcfe6c2c003a984af46579206952d1e90033f80fc326967896ec4898a2,9463ed248b2c85f661adea8ab67f28044181d4b4220385eab4b112518b1ac2f2,unchanged,True,
test4,b,offset,dwpp,fixed_lookahead,0.165,0,1bf63eff9923add2c72086522b5192de7bb4cd718ad8cc77b38b7b4a7a1c3741,bff5f3a03d1ab971f39b901119a84b33f8c42b5c8bb5b4fa7e95156cd5a05edc,unchanged,True,
test4,b,offset,vp,fixed_lookahead,0.165,0,603e057d4225b11c7c169bd62f4892df5468cddace7b5d3265e525d5b636c9fb,b926d9dbc9b5e3e83f2b6a296e930f528b734d690ccb2f90aca9d3e3d039f6b7,unchanged,True,
test4,b,offset,vp_scaled,fixed_lookahead,0.165,0,b25a746c72e3ffb85c6bf3a01a485614ca333ac0486e8ea575768ccb7b983aeb,dbedcc9cf58f69de3d5e2a120c7f71a32db253e37df3bb379594bfb0f179788c,unchanged,True,
test4,b,offset,dwvp,fixed_lookahead,0.165,0,b702d1a71cba95747de099abae99e337cf8f18391131b855205104719c807e56,26dcc7307d6e6ddb1ab5360faa5f6dabda24874d1eb2798a0dfce02e8edfd17c,unchanged,True,
test4,b,gradual,vp,fixed_lookahead,0.165,0,85c302c473b458a13f3ace436af182f2c7396010936d89400190f4058b6488f0,6e0fa9c2e61cee869f94dfb975e6e64eb2a56e19cfd07e467bec12f96102cfb9,unchanged,True,
test4,b,gradual,vp_scaled,fixed_lookahead,0.165,0,6297d56d55fa594398866405792897bf335ca273fd85ad16ea31e4dffbaf9a85,334dbb79ff33c5a3f7c626b584bdb8299e579781062328a4e1eb731b926d3c10,unchanged,True,
test4,b,gradual,dwvp,fixed_lookahead,0.165,0,0d1ecc3d340ffdd366fea36f46a409919d82e74f2a07b87ee86b6484840b3544,0c83980a87c79b3a67ca682c2dc5f245dcfda4fafe53e0918fe0ffcab7f1bf6b,unchanged,True,
test4,b,rapid,vp,fixed_lookahead,0.165,0,349444f922bf96733f72cae4fc9d1bf909cafd9c0e52dbb81751c36f785dedbe,4e04287ee14445732861d458e516bd15ced525fa25613b9722b7900f51816686,unchanged,True,
test4,b,rapid,vp_scaled,fixed_lookahead,0.165,0,32ece0fa51bbd256cb62f0480d7e06f3832f11e6269e2af5845653d94565b403,99287f5305b3ee63020c5f2d46ec11b24241f8ce6d93ccb2a83dae4899cc7455,unchanged,True,
test4,b,rapid,dwvp,fixed_lookahead,0.165,0,2342748ca259658caa82378c1d06c6bae5f3caf3f7dc5aa8b8e76912dd270a95,883564c0b8ae6787fe61eb3a2db1cc61f921eac0c4c9df59a328b1d02ef77fef,unchanged,True,
test4,b,offset,dwpp,fixed_lookahead,0.22,0,fc6a2246c7da9bcdcec1d40b25e8271c19876e05a966a330a9d3538193fd9561,adc570d5fe7acb22794db4bdd05417b9acc44638246900709ad58465f44baba0,unchanged,True,
test4,b,offset,vp,fixed_lookahead,0.22,0,ef7d6a9c499fbe22e66a28261a5d8c0c3c9538f6ba97e43239b0a7048b401769,cf5dfebb066ee97a2ef727ab7d46e8744a34ed9b1d10a7ea66eadb947788250a,unchanged,True,
test4,b,offset,vp_scaled,fixed_lookahead,0.22,0,c74e4c045d227c08e091a989cc0493443698fbe2ff480766ba469957e8fe9bb6,9a8a439a5877215dbe0b7b407b6c1229d83676bd6e3f76025ffb050f3f576b69,unchanged,True,
test4,b,offset,dwvp,fixed_lookahead,0.22,0,416a0f5eea4a299291e8817f9b6ce71d107977c6a4985e980b54a2cebc0f9501,e63e4af35af31eef5b1da29479d89ddb5fb412576fde8578b130aae6293fc344,unchanged,True,
test4,b,gradual,vp,fixed_lookahead,0.22,0,d0a26dc96ccd4250a808f3941182cea645cbe1f998088a43effc9939e7f2388a,51e8e96fe97c02c6ea4fc0fc74940dafabea41bf0c1092d5a65db7ef4a955c47,unchanged,True,
test4,b,gradual,vp_scaled,fixed_lookahead,0.22,0,e9b053f9124be42c81b867b5ddf27c32e49c361488aa028ce45b680b70a2b403,1b583b343c8ffe215e19981e89b96ef78892527de914e3433d55af6b9a0c1559,unchanged,True,
test4,b,gradual,dwvp,fixed_lookahead,0.22,0,35aae8ceeb2fde939334e676929fb612c03a8460a1e39284e46b7e739d03c2f8,8da01d47bfda2227339287735531b0c2a2920b9c6ac598999c164673447f2d60,unchanged,True,
test4,b,rapid,vp,fixed_lookahead,0.22,0,73df6c351df2cc8991aea9f0f32b124028e553fa79e5938a43a1ce535ece658c,af02f897d34cfe2d2e3ddd106691def7ee0c580f7c9d4d558df928bb398eff73,unchanged,True,
test4,b,rapid,vp_scaled,fixed_lookahead,0.22,0,cbc9fd8cc5d3930d3446d2f711519816367a9da9c85352d803ce79c593f12095,1a960cf69fa72b6b60a4b3e0d66474eef0618f62323648dd377b445be61070a6,unchanged,True,
test4,b,rapid,dwvp,fixed_lookahead,0.22,0,3691e91024f1dfdd1e42d1916f03bc9ce19cd80bb35cb2af50f12d8dd26b42b3,77aed579b64d97bbd5001d33f46c2ee7b6d4f7b5756f73a9c392e3d66d8fb1ce,unchanged,True,
test4,b,offset,dwpp,fixed_lookahead,0.33,0,cc06e8dbf352f93806028a66d231c001b9a6e954aeeed3f0d0828f20e8105365,ff90cf2a2c8a61184d7f6264b0e4e2374d4809454e0d2a8c262e62be22825b49,unchanged,True,
test4,b,offset,vp,fixed_lookahead,0.33,0,a9acaf16a504209b5aee827bff4cc0d17dca5a9d2303e1a66d28d1925d84c650,dfbbf6a96d557b31a193bf0221845f3f675f3be5149db63e94c9b0c260e484a2,unchanged,True,
test4,b,offset,vp_scaled,fixed_lookahead,0.33,0,7c853f29f5d5d25b33bb897a33991553120353dbc03c5cccd91b1ed822e1a4d8,8f99cc160a016d8e8365c8ab563b7aa6d89043f43f933b02294038905cd43e50,unchanged,True,
test4,b,offset,dwvp,fixed_lookahead,0.33,0,ee6302e5e5d6bf3fdf37727c1695ca15bb8dfc214a78642c8be59dd4108f1c85,82393883c07107998b505d6e231ac186b2bde5d8b090f574b31d240de667c115,unchanged,True,
test4,b,gradual,vp,fixed_lookahead,0.33,0,325fad0840eaf3ecc8a17382082b2ca0e005b24658ccf19e951abcd520d1c675,25e24b3ba0f694d242f2d713eea768bc9f6ca0e9cb5f60336e50bb758d16a791,unchanged,True,
test4,b,gradual,vp_scaled,fixed_lookahead,0.33,0,09667a74173ff83a909f1eb67569d4386beba38f89364d8ab2c032725be0112e,fb30f0957fca0c97274256520f01ab78948dd00cbdc1d4cf524ba6c86b668937,unchanged,True,
test4,b,gradual,dwvp,fixed_lookahead,0.33,0,855465be2523e094261a6e48af62236cbe0752040714f0aabc5fabd1711c8d8e,d482587309276deac5646567046387b714921a64b403711603e3eecd757801d4,unchanged,True,
test4,b,rapid,vp,fixed_lookahead,0.33,0,8623d1476d10b3b1818a4c95680fb0e40b19500c4478804f69b82401037730de,54db3cae05cfa9d80eed09042351d49efbbd4652ec20cdc0549ba094ea65e0f4,unchanged,True,
test4,b,rapid,vp_scaled,fixed_lookahead,0.33,0,404a9aa231fe2d36ef4699b64a4d309f0dd07ee2d9bf1fda90aea6cb9d078ff4,cbdcafd02ed61563ef3fc1de3d77f142bc9b775f282e28e967d8aa58127cab0f,unchanged,True,
test4,b,rapid,dwvp,fixed_lookahead,0.33,0,757ffea5a529572d98a29a457add136de4d7e350ddb6ab589ee8941b74ea9678,70b99ceb5ac712e9d7e908ec54ed168dd0bb6c5f4b5e54a94319b48ce1d4b575,unchanged,True,
test4,b,offset,dwpp,fixed_lookahead,0.44,0,0b3262c2c736aa8b138052a386befb755763fbb5eef740e4e0d702e35de6ecba,25cc62a10e179add58f36500520952b544afdf69df01a5f0cf4cf67feff86885,unchanged,True,
test4,b,offset,vp,fixed_lookahead,0.44,0,088f33cd5cc53ecf8d513b7e991ce42d032a5b5bce5e3a93cd127bd192dc842d,93cb77fb42d10a9611ad6160faf4f64a49bddbd8d502aa72a01f4d47821c3ed5,unchanged,True,
test4,b,offset,vp_scaled,fixed_lookahead,0.44,0,02ccfbe8a5a1b97ea0548c97508f55ecf4e3cff5d627bb9bd112c471e4162386,0561612645c6b9241d4b5c038a6476194350387e8bf7617ff459d5d696eefe66,unchanged,True,
test4,b,offset,dwvp,fixed_lookahead,0.44,0,4e9afd22e448973ed800ab88194c938e9370e742f763df14ff80fcb1b214a93d,fae4a4a1c2388cdaf3f294561bc100cc70ccdc9054e58c475d0f5d502b7ce799,unchanged,True,
test4,b,gradual,vp,fixed_lookahead,0.44,0,0bbf0564308ca6fffb355778c81d77ac405c3082abfb862739f45e3866cc07a1,48505df5c92f7b67e594aa6de7bf247e69df0846c923232392a656579ee2a39a,unchanged,True,
test4,b,gradual,vp_scaled,fixed_lookahead,0.44,0,8b15b7f04c32db69490727073f3e7ff4e05a8cbc649ea12b65de970d1cd07730,a95f3f9cd3e0897060bb13cb2a7bfa917923b264929026372220de7cd6601944,unchanged,True,
test4,b,gradual,dwvp,fixed_lookahead,0.44,0,6aa5b58134dae227c876105442b730f3e7f606b0a1b8e1f314c451db0280210c,3b5341f79128a37158c7a493a8f3c56e79ae1f838e8c09472312c7a42aae6829,unchanged,True,
test4,b,rapid,vp,fixed_lookahead,0.44,0,62e65b044f2aaf66b90e8cfc57e24d008ff04719613022d891567587a51f5c23,511e85e2973c7a7959d422184ad3de0e18e74d08f8a9f2b235fec9d716e15c85,unchanged,True,
test4,b,rapid,vp_scaled,fixed_lookahead,0.44,0,8f80e9f11f1096663257bbc1e3a2ba498d074b4bad719b7198dc4844dbefffd8,f56fe7b96c4027d030b9cef2a6f3e154df44df682933cfc491e631aa59401bed,unchanged,True,
test4,b,rapid,dwvp,fixed_lookahead,0.44,0,662fe9492f5fa85686cb2171041e55d36057ced85dd8a60551bd713213a5dab7,83211d103fc595ff16743c4936f91948283b2bf2298c0bbf375a7db79dd3e44b,unchanged,True,
test4,b,offset,dwpp,lookahead_time,0.5,0,ecd7752b3146ab4716d9812abbca9359780c12023dabedf5381bb1c33ac89934,c9ff6e6cffa266a9c3718a4bb4dd3b98e918b289d61e635c765034c21fa83b14,unchanged,True,
test4,b,offset,vp,lookahead_time,0.5,0,9658ebab9d37c22b2d8fc61d1ab92ee68271c8a8f842a36993cc558d62aee031,0686444d7bd819dd7f7e4aa0ad08b461f3513e4093f5a0ecf831efc904d4b027,unchanged,True,
test4,b,offset,vp_scaled,lookahead_time,0.5,0,8b20c9760b653d9d7f322afe0ad5df27cf256f0ce8fc2f0e38b37b9d5c671b8b,c898581b8619389bbfdd8452c9144451401676950001fb7e3e001a6061dde52f,unchanged,True,
test4,b,offset,dwvp,lookahead_time,0.5,0,9d176f41a57a94dcb1847f53c1b7c3b009bdac20f36145e692b42ed2721b16db,e46d9fe9213a707532682909b3497be15a0e81fc4e4d510e2e633c3f02c9b8fc,unchanged,True,
test4,b,gradual,vp,lookahead_time,0.5,0,96ddd35dc8dd0d1edfb835794166212aa99590183659124e472043192c8278d8,6e7dea61db05c5c31c7e5f5584c708235fade3c6c1b07020109272587d5fcd81,unchanged,True,
test4,b,gradual,vp_scaled,lookahead_time,0.5,0,eee914a643cc4980a52d4c6641b7fceb6d34524af637fcfe0b0e132981db8991,2f80d15710456ad15cf7a230d0bf313b0dea9f5766feb706b7c0e961950a1409,unchanged,True,
test4,b,gradual,dwvp,lookahead_time,0.5,0,0c883daaaec8bf86d813d95eac8d73a41bc103c6118dcb18604b063a8f9e0492,b1b46ce42998f3859eac1ddc58a440ea51cce53da7b0b380be2571c25515fa6b,unchanged,True,
test4,b,rapid,vp,lookahead_time,0.5,0,4729b6aec062ff18abd430f22292ae54311ededb5c4e91836051ff7024a43b76,1e12460616b7527536790051f84ef33d4b4cd213313f2ffec9cae209f9900c1a,unchanged,True,
test4,b,rapid,vp_scaled,lookahead_time,0.5,0,c6dcce99f5f49c05bfeae95b815a5276bf6b81797528ccb5fc7e956f0a8f978f,58e8d2d15c88a59fecae3ea597f510f78ac892a102b2810aaf845b1dad561f6b,unchanged,True,
test4,b,rapid,dwvp,lookahead_time,0.5,0,5ea295e61daa6c3e557caae8e9b8fcfd19765fb62737261bd3fbc173a115a270,f3c2ac6e492ebea790a49bceb7d0393c6076d4e1ea7a41bffd896a0bd929d1bc,unchanged,True,
test4,b,offset,dwpp,lookahead_time,0.75,0,e03979a1ccaed365c9e22344e7339a3d56abc2212224be80b5e4202bb83905f1,09990f68231a27ccccdc9668f341ccbc684f27f1abbe09866bcc056a75c8a78a,unchanged,True,
test4,b,offset,vp,lookahead_time,0.75,0,c3b93320f743db01346b4fd4c30d0831affac025f359cfaf45cc619813d0623f,0e927a57d725ad7ca2c9730282bb2fae22d434e6cdb31c09b87d7c54b68ccd75,unchanged,True,
test4,b,offset,vp_scaled,lookahead_time,0.75,0,fc8bc517b82177413a8caac09f198303fa17e723cc7bf4e7bbd24c629f7468b6,ab14f5638f962bb45ecbe3190929136b63745b1c0e4925b746fd88e4802b5ec3,unchanged,True,
test4,b,offset,dwvp,lookahead_time,0.75,0,afc847ee6f57cdd3998c87a28ec28dc72e4727dfb52a59da9d75a9ceddaf43ad,4566413b4e6a7bcd87fdb6e54055ff2d9322156ce623c43c79d32b6cae072f79,unchanged,True,
test4,b,gradual,vp,lookahead_time,0.75,0,144b4e262aecc77521ac9753478f586fff9f1344836b638c252f945830631a16,5a98172899273fa02daae1aa233abe423bca8038a1b9c5f8a6e35997a0e65d68,unchanged,True,
test4,b,gradual,vp_scaled,lookahead_time,0.75,0,88599e4fd01b6ebae61cdc1dca2da7a6365a37e5af23fb159f8e7ce8fabc33d5,d6df7cac406efc2aad0f6fb188649bf9286b2ce7534deb1ed14f08a3d3555649,unchanged,True,
test4,b,gradual,dwvp,lookahead_time,0.75,0,3ed7d4876849b48c70e846f832c24122a4443bf2769e06a96e0e5a5636fc3c50,167e51ef0d24d26339597c55a38f44b82138098a441a11230575fece3bb05f51,unchanged,True,
test4,b,rapid,vp,lookahead_time,0.75,0,8b72254223209b1d0ba5bcf605f0d627ce352df69bfbfcce535deb6fcd1f1fb3,6ad967f5009e25b8e130bf01848c4a998f85321e53d1fc3785db4c51446fd00a,unchanged,True,
test4,b,rapid,vp_scaled,lookahead_time,0.75,0,30097b3695f32c7fddaa84443dde4ac7dd0b049535253fe98a1bbd29c5ebd5ea,2a2c33824b1149541e95f1b456ae5e8c4662e856a931d67fc90a6393d0146ef6,unchanged,True,
test4,b,rapid,dwvp,lookahead_time,0.75,0,497b7c71c80f64d1b47d98ce13b3f015d314f22c9ac849479cf4e55fac78f9c2,437968bf5f272416e64d754249540e495666e3ad5c7db06326ff806d457cf18a,unchanged,True,
test4,b,offset,dwpp,lookahead_time,1.0,0,2d97cc221eea2bbab9611d3664b2c6b12a6bcb5d2da22c56952f36053960da36,4d01c3ff479e6b785245be9e71105587a59e5d4a2e7b96540812f0cfe40df406,unchanged,True,
test4,b,offset,vp,lookahead_time,1.0,0,13789c7f3cc1c9c92167d9178876f3f6083f7c0dfe48398f8f5ec70fb0ef5d47,66be13300d66404006de853cbdcd495704546f004c21a82bb547e5c27a22be10,unchanged,True,
test4,b,offset,vp_scaled,lookahead_time,1.0,0,e379dc1a49f6af8f074482792e1c4d43f4f3daf768f75f2d407821c4300c667c,6026f54a1d78d1c98eb1fcd3dd74e07b768cf717ee4f5d794b702cbff84f62a1,unchanged,True,
test4,b,offset,dwvp,lookahead_time,1.0,0,99339e25a42c2c2703ee4164d47e01c4da6f7eb7c2105efb947e796682014d4d,33452b07529694513f67583d1c673daf2810015aa4008239d22adf2f44340b94,unchanged,True,
test4,b,gradual,vp,lookahead_time,1.0,0,529e0209edc443ad731c3fc2b28ce3af55741c58d38c3211bd202c579891abc2,99fcc31826ab4174820edb9dcfde5cc4e2d517059e18c8dc01b6d6bc3c9cdc51,unchanged,True,
test4,b,gradual,vp_scaled,lookahead_time,1.0,0,7e77c696443ca89d4bae1241b579af6a16c5efd8f620bbd035ae455bfc3ab359,27566e63c5fb8bcc5853fc4769cce08f3715f5d0d7199acdf71393c8186c502a,unchanged,True,
test4,b,gradual,dwvp,lookahead_time,1.0,0,c6e1d9ec091b9bc6dfb2f108eb2dc1eded17a99953be038951930f774ac4deda,2cb71d21b375afd5d46521a8f4c449465eb95301f9d891186ce0afb47e1c9cfe,unchanged,True,
test4,b,rapid,vp,lookahead_time,1.0,0,600a1de3a9f3a5762692a289b72509d5367cd2f7d4b5fed7eb1a0a68fda7f0fc,879dbe7496a7e00910bed1a2c0bfbaceafe522ba211aa248e1b8f1a4777b902b,unchanged,True,
test4,b,rapid,vp_scaled,lookahead_time,1.0,0,d7810170069985b215a55e053aedad9e425e66a5dfcac65c4d5667df89e95a88,4407e9081ebddc3552f8a2ace5e44a829951742a74c026d1130d06a1962920c0,unchanged,True,
test4,b,rapid,dwvp,lookahead_time,1.0,0,fbdd8337e58402da7ab67550841c3975706a25951d06033d016e7ab0f208e0c8,37a2ed307eec86488ed7617090c60e4a1e95916ef21998341ea386f3164f9668,unchanged,True,
test4,b,offset,dwpp,lookahead_time,1.5,0,002d7d4175567464e4fa242062e6b92980eebdfad6115202fd69887c31241cae,23566cbf833a6145a1452d27ad2322a32e3e40a34fea64a077e899cc1f85cc35,unchanged,True,
test4,b,offset,vp,lookahead_time,1.5,0,80ad8280c5b50309851c92240883ef96e23271665bb6df89bb2b50647b254ee6,c7ad9f70a4a4217acf6a990d089ed9720687386184c30210ffb1b2849317dc27,unchanged,True,
test4,b,offset,vp_scaled,lookahead_time,1.5,0,7bcb9571dabd7b46391be952cfbf0fd934a621fad609232b4dd702e3e0f5933f,25709114a77323466156e356a107d9d5d82ef9174720b524176a17cdc3dd9d9c,unchanged,True,
test4,b,offset,dwvp,lookahead_time,1.5,0,b6dcead72a8adb06137662582d1a928a32270522f97f7fa9468eccb16f3de3b7,137867693162b43fd5a27139a2e6d319f69d79296007654a6a19f1d322b3c727,unchanged,True,
test4,b,gradual,vp,lookahead_time,1.5,0,5481bee9a59a49fa64bf459dd1c0e80be0b90d2cc9d66bd26f286344788a47ea,79b110df781a17689d15f604e73237a6e05bd63970ad6de9908c054427d8eed2,unchanged,True,
test4,b,gradual,vp_scaled,lookahead_time,1.5,0,b8fcaf8d0c9de237129f7e7d73625e2071db54902acef9c2e0bc67a853e33af3,6f4ab1d6a19c21746b7502801b841bee973bd396cce6436bb9c2a71572b42961,unchanged,True,
test4,b,gradual,dwvp,lookahead_time,1.5,0,7586c0b66c8b49d6effe705b940aa2f9347a233e04bf2594ff5137ae5b835b2e,f052b1fa8fc84f20046daa582011c24cc8c12b38ee994924c0b57d29cc60fd67,unchanged,True,
test4,b,rapid,vp,lookahead_time,1.5,0,23b71e5c9f35a4cd75a171b965529ca1dadb051ad25cdc4cc62b70473745bd14,973ab5f777c2de077800d191f5a42a4ca96e9f77cb0ef99c9bbac519c346c358,unchanged,True,
test4,b,rapid,vp_scaled,lookahead_time,1.5,0,e35442cf28445c1d4c363dbee0764b8bab57c382065d9d86215a4b8bd6ebecae,a7a9ab37701b73cdcf18115d401e22cacd8fb382fc1f358361e7e9e86f00c8c6,unchanged,True,
test4,b,rapid,dwvp,lookahead_time,1.5,0,31ad284dc345da74a54afbcb4ed8650c05253f44bf8314e39351b0b08d9770e9,a241e29c02cfb77e2ecac910696d5e2390fcbead89a99aa0bd3a540c292afbf0,unchanged,True,
test4,c,offset,dwpp,acceleration_scale,0.25,0,2178d8af105510bb3dc6ea8f6599aab757d82c7bd57bd44cf492fcc18462de51,2c4426615fcbbf3f09fd6338551f1864d48c9f6154c22b80b3a590f9c6374843,unchanged,True,
test4,c,offset,vp,acceleration_scale,0.25,0,0fe6fc0cb087022bfad93cdee993c992038f375cde28fe3be9331b5742f713d7,1be8f912f83767356bd1c1acbf137b23cc48c9b57e8d50f641b71c7994443f62,unchanged,True,
test4,c,offset,vp_scaled,acceleration_scale,0.25,0,2e3714e31e4d051123a81b054ae108893239c98eb82eb4190d1cb33575b912be,f9ec471f5c830c3d697434e3d3203fab3718e78a1b1382126af4dec675cfb03d,unchanged,True,
test4,c,offset,dwvp,acceleration_scale,0.25,0,71a6e9eda6bc627d55837a4b20ad0fec245198b88965de62423aab347c1ddd18,24fc6ac6cee67b6a9d0690b61334d5da605a1ca754fb0b74a5101e802f033304,unchanged,True,
test4,c,gradual,vp,acceleration_scale,0.25,0,3f5018ac2e010049794ad3b9f3905c47aa1f2f4c66fecb999308250d952db41c,fd3bf5f5388395585909f6942cb2018dd27ff3f9acb02e9ae2c33241976f21e3,unchanged,True,
test4,c,gradual,vp_scaled,acceleration_scale,0.25,0,c71ecbdeebca0a9244c4a571fe79809244e954da3b87f85adc48294d0023f837,883d9dc6f293c955ffbbbd469ed238d7ec11a3c67038c272516581418d08dd70,unchanged,True,
test4,c,gradual,dwvp,acceleration_scale,0.25,0,d7f7193c1f64a5a3170902828894e606cd0a0deb70b78f96ec9d07093742ddb7,8d56bbcb6320009a3664f5d9005be85e66e64f7c151e0b25b665a721f7b17249,unchanged,True,
test4,c,rapid,vp,acceleration_scale,0.25,0,49e3d98633bf75c5c89671c38a67fcf98361948f8d3123508596d7de1d630991,75febfe16fa07ccc896555e6f428b68eab7f57ce122a03e6ba7f8ff73990efa4,unchanged,True,
test4,c,rapid,vp_scaled,acceleration_scale,0.25,0,f6246314820a62bc191183fb1405fed96e7a0c46079820138f055ff81a324e31,3f42dd4423dc275e8f7fb814000843ae143a81ab5cc18ce8b5e633542b9b2ced,unchanged,True,
test4,c,rapid,dwvp,acceleration_scale,0.25,0,0c94d4896e18a1a13e7aec54b1a30870f3502b8cc4de7012681979b88c6a6e97,bea3e84e2eb331e16f71610ef406c36ba0bfd7ac3083ee4616dafaffb661f326,unchanged,True,
test4,c,offset,dwpp,acceleration_scale,0.5,0,e48b15436478d21be73c454c7e8817dbe914fe20d9d23a5605fcdc5bf79f381c,b9eaf687fd80a2984c717c09d73420ff03753ff1dda2b883c25ce99d5c026abf,unchanged,True,
test4,c,offset,vp,acceleration_scale,0.5,0,bd4f2fed5b54969ec2f3b925dd0e4f6047a6349fe07c472f6c79eca83ec54951,686359cf6cd7d790d4ee8590f8fa3bf43e059c95bb0704166cf3af33aff4f3e3,unchanged,True,
test4,c,offset,vp_scaled,acceleration_scale,0.5,0,b4a88dc6cb9ca6410604568418050f91321ecbbe3a3d543bd5a6cadd771b9792,33a025abe72025bbb4ffff30784aee65c0be2e3bc6f23a7179c3e290dc576569,unchanged,True,
test4,c,offset,dwvp,acceleration_scale,0.5,0,1847ae91f01877762a2b6479c43299892227c3fe9d4d0db06b469ffb1d2f3886,34f4de02fa08f4e1d21ad90e1fbe225f660c4d1d7f22930fcec51645cda237b1,unchanged,True,
test4,c,gradual,vp,acceleration_scale,0.5,0,17036362e760b7847ac0d51c7c7c4f11d9b4f751df61308c5cc8119b20a56882,843e2411fc2e2c01085c04eb0e56467477c8becb38bc08b37a9d0d67469f97c4,unchanged,True,
test4,c,gradual,vp_scaled,acceleration_scale,0.5,0,6d8e78f3c4da073cac966535b38ba2617574a224a92beeb4011af915faec3d0c,6bf23ffce50ec076254c0050a787c14ab6cf46633457f9d789e792056748ade8,unchanged,True,
test4,c,gradual,dwvp,acceleration_scale,0.5,0,6af6fd98b63277dd8ace00fc0a76f8afabc840a7a0f30a8348a05126b0ba43e9,0d27b80bed7d371869bcb4332d7c36588f189b2ae3aa094a01fcbbb954098a6a,unchanged,True,
test4,c,rapid,vp,acceleration_scale,0.5,0,eeb8e1ce3e702ffe7b4348a32b1c82f47a3ca799efd549988bb6a4d9074cda92,d2584dac4457992412456411b8932614c54a2391d7a09bcfda6a56b627ff1cfd,unchanged,True,
test4,c,rapid,vp_scaled,acceleration_scale,0.5,0,124192b701068c72b5c2a50eea6871ef2b830ecc43c127292685c5bc979c1055,555a6d7b7f023282cea1febf763a2b89fef18ffc0fd29d9fd2b61618ceadbd42,unchanged,True,
test4,c,rapid,dwvp,acceleration_scale,0.5,0,892cde438c067f71d7514868823da8a5f5c8f82ebe86248a75898f92ecb36434,e603cdcd360cebf7d5e2449455a293f0f74bdd54ec6517e9bdf9c6479d00f959,unchanged,True,
test4,c,offset,dwpp,acceleration_scale,0.75,0,8e0fc43a06a64d71b9b2062c42007a34bf129a5cae588a4612836a6cc016ba24,4db405550e63cbfacc2dfed1617b034efcfce64b41458db390a69e576604e138,unchanged,True,
test4,c,offset,vp,acceleration_scale,0.75,0,f24cc9c6b20a488cdfd4e6b569c4b0c40e78bcdae0ea5e57328e3181e8b1a1b1,ea88c34ee9ee63042795986aad5cd06a056fa4696b64cdda3c525eb70d64f945,unchanged,True,
test4,c,offset,vp_scaled,acceleration_scale,0.75,0,5ec923ccb5aab4ecb096d99762f39d30975f3bd838139bd8d760383f93970b74,ff5f8684341ffae75a4ab2f66d0b1990ffa0b0ad3469f3057ed11f4da4e5bac4,unchanged,True,
test4,c,offset,dwvp,acceleration_scale,0.75,0,df4ccc2c4dce983f964697698c977d00ade2572ee8982a810259f3521d48cf43,bc5f7936346e46aab442a1ee3e5bae23b653e7c03f2521e2431f2de91b269e9a,unchanged,True,
test4,c,gradual,vp,acceleration_scale,0.75,0,fdcb77239c46208e311818cc7faae670102232b573246f05212d75d86a03ab42,81b340ac380b1fa70d55f94eca08d5050531b3ba2751f038b842414733f2082b,unchanged,True,
test4,c,gradual,vp_scaled,acceleration_scale,0.75,0,4882fa6ca40e565c4b536d341dbe3955b16e703c0d6ca9794b25948e95f712be,33b3f16962406c2dab22f2859c4f038b18f73e0dfb6cb99b9ec2a2087243377f,unchanged,True,
test4,c,gradual,dwvp,acceleration_scale,0.75,0,eaedbf51627097b20a7862e0d5ce073d7a0330e6be66ac352b6465e1a7bc2af6,8c5006afeadfd89ed78b6f2b7f7a5768cb4a4b7813640df12aa9201d8ea74119,unchanged,True,
test4,c,rapid,vp,acceleration_scale,0.75,0,ccfcf10dd9fcf9efefd737f2acf8f1796855de6700c3e2a676191d2bc78b5011,8d9ce8c82399f045c86cbbca469198644d84bf30ffc29047c982992bc8d21d3c,unchanged,True,
test4,c,rapid,vp_scaled,acceleration_scale,0.75,0,1c851191346c5627b8d581f15fdb2127442d569a521b20377eb9157c0cb0fce4,3d77149e6424b2588328d8a69c0207f4e48477fc7f92800a3c889df3bf52635f,unchanged,True,
test4,c,rapid,dwvp,acceleration_scale,0.75,0,6e61d6a2a09c3f66941e96907f2a0eee8b952136df12f861adafbbc70a9b09e2,1bdb70bc5987998c186b7cf224e098614f489a417f10ede706789baf81e797ca,unchanged,True,
test4,c,offset,dwpp,acceleration_scale,1.0,0,70cbf8283f91116c21bf0924488b4040d1743077781a164c80ca3495ab586bd2,09990f68231a27ccccdc9668f341ccbc684f27f1abbe09866bcc056a75c8a78a,unchanged,True,
test4,c,offset,vp,acceleration_scale,1.0,0,645a90dc9483de1c2ca9c995dd0a5a2c83698b8bf507602aab6e41be2178c906,0e927a57d725ad7ca2c9730282bb2fae22d434e6cdb31c09b87d7c54b68ccd75,unchanged,True,
test4,c,offset,vp_scaled,acceleration_scale,1.0,0,ea1a2a23a91adee83db608f2481cf5081fd952846e38792cbce23b1f0d880889,ab14f5638f962bb45ecbe3190929136b63745b1c0e4925b746fd88e4802b5ec3,unchanged,True,
test4,c,offset,dwvp,acceleration_scale,1.0,0,efae6a23d43660e461147137b9925bdcf7864eeb46fc32c076e531c452dd1802,4566413b4e6a7bcd87fdb6e54055ff2d9322156ce623c43c79d32b6cae072f79,unchanged,True,
test4,c,gradual,vp,acceleration_scale,1.0,0,1212cdecf0d4e46e120cfe750116ce91d714cd953d4cb3723123e1017a99ddd4,5a98172899273fa02daae1aa233abe423bca8038a1b9c5f8a6e35997a0e65d68,unchanged,True,
test4,c,gradual,vp_scaled,acceleration_scale,1.0,0,4e6d508ced4fd437177ee0dfeaac319f93b3e6e93081503d42bf57fc942df873,d6df7cac406efc2aad0f6fb188649bf9286b2ce7534deb1ed14f08a3d3555649,unchanged,True,
test4,c,gradual,dwvp,acceleration_scale,1.0,0,92da60967a1b8b889debfe89b81dcca7304f3bcdcdd24cbf56de3ff927dad5bd,167e51ef0d24d26339597c55a38f44b82138098a441a11230575fece3bb05f51,unchanged,True,
test4,c,rapid,vp,acceleration_scale,1.0,0,ce67027369e06f521de796765793a32819a23aa7c9d8cf44365979d8e2a74cfe,6ad967f5009e25b8e130bf01848c4a998f85321e53d1fc3785db4c51446fd00a,unchanged,True,
test4,c,rapid,vp_scaled,acceleration_scale,1.0,0,853f9a3ad73367c54e6dea3e5d1a5dc1e66ebb707892f54895140824b90c8b2d,2a2c33824b1149541e95f1b456ae5e8c4662e856a931d67fc90a6393d0146ef6,unchanged,True,
test4,c,rapid,dwvp,acceleration_scale,1.0,0,34a3d26c0fb39a162cde8ca4f39d4137a25d95b18c1a5a693ae73405737619b4,437968bf5f272416e64d754249540e495666e3ad5c7db06326ff806d457cf18a,unchanged,True,
test4,c,offset,dwpp,acceleration_scale,1.5,0,68f6980c5201ee758f4077ebac5d758e4d72f3e21c01267354029cc8896f4660,0c3d6b02745ab4e49c47c950171071feff8eb1eda1c9c2f66ca29305b9705dd9,unchanged,True,
test4,c,offset,vp,acceleration_scale,1.5,0,0d475e377c09a76fbe7dd7e8461a345e5b42b8d7b37ba74ba6965d078e64f906,cefccf7f1084a7533141c0411fe81817603e702729344d3d0615e974cbf78c1d,unchanged,True,
test4,c,offset,vp_scaled,acceleration_scale,1.5,0,a272de3bae889ac132cde979b2e6b31970c32c95c7ad509556cfeb017f18d7b6,e5eacaace07a199abeb80ec32c6ff9b63026228203a7e30a3d9878f83b29dc57,unchanged,True,
test4,c,offset,dwvp,acceleration_scale,1.5,0,42613e87dfc8c91092262bab2c2048c14911b3a320190e7d17ff366726d1c509,a711705c707c4062dbca61c3c4b17046a16e99e7c0354e4fc89d229d164e5614,unchanged,True,
test4,c,gradual,vp,acceleration_scale,1.5,0,f33d8cf82abfe27bad521556d1b9dd662b7ec863c52e56fdb00d99abeb8dd2fd,04f91a7ac47b20eb38364dfde981fe14e0c149c1f4a0a56c1795221938c9c881,unchanged,True,
test4,c,gradual,vp_scaled,acceleration_scale,1.5,0,f150897f2cd1b161df03ecd7936254f53c2a6472147a6501948b665572c1d153,ed92443dab5663a6aeb7e528c950b1a9c162c7a4ed9a98e995bd5e0b96021143,unchanged,True,
test4,c,gradual,dwvp,acceleration_scale,1.5,0,81959f9a5a1a19b76efdf0536897f798c0ad5d692b2f1a2490ea13a6dcc992ca,4fb0d8061468010583655f8e5ccfc3e9d3cbfc4ce682f987f7da52c94e30ca16,unchanged,True,
test4,c,rapid,vp,acceleration_scale,1.5,0,bdacb1e4f3bd9b148fa2ae6c6df5a114dd17fa614b31d18f7486f1bae95d6a90,072341855baa5b8e9f0f933ea9c65f889724551f0131fb945c2df9ba4a0e0efb,unchanged,True,
test4,c,rapid,vp_scaled,acceleration_scale,1.5,0,009301ec7511179fda00222ea17c75b232b497f506fce28fb92b3e5a04731ec8,569aa3bfb697dde7ba60c02f234ac7cebff83c6ddcc067b094995ac72b1a8c34,unchanged,True,
test4,c,rapid,dwvp,acceleration_scale,1.5,0,7beebb606459fc5a85f7b0a8d88700e438796c22a7be5f52f3bec77e6741945b,40abac4ef8399278aec5cd1b3fa312b4484488da19e544b0c7710c222fb40f88,unchanged,True,
test4,c,offset,dwpp,acceleration_scale,2.0,0,a7f890785de9923b8dcca47921f7c249d641d51edeebaa3556caf83feacf1971,17b0cf80ed8350a50588793029a883eead90883c2ec2571f6bf662d03af60e3b,unchanged,True,
test4,c,offset,vp,acceleration_scale,2.0,0,7bdd87bcff85662b9f4cb3f9ab805eb3d154af37ffb5133e239145375cef0687,11e60521632e924045838964a0a586a1b3e4d64390e173841b97592c00da0fe0,unchanged,True,
test4,c,offset,vp_scaled,acceleration_scale,2.0,0,0e7923d3473fa9d633e857b513bc1239d37f34111f7e8237c24d75672e7ecef9,eea5a99f66f1fe82b44e1a7ad6ef8e1e77a6682490099f5f598867a829c7ab17,unchanged,True,
test4,c,offset,dwvp,acceleration_scale,2.0,0,238afb6900fb138f5e7a656a639abf40d7b4cf0ca9bbb656a239a8c81b4b4561,20780cf0872d11757ac659036f79a13bc0f02aed9753a297f67503d8d4743337,unchanged,True,
test4,c,gradual,vp,acceleration_scale,2.0,0,117637ac3a162a2b3cdd7eb25c103fc45a4486363ec2383e3be7adbaa3242764,130cf5ea420f8621aacf29995bb2a6b16d4343544e2dec507611efaa14901d57,unchanged,True,
test4,c,gradual,vp_scaled,acceleration_scale,2.0,0,14ba5d5293844d459ae549a3e53a82b88dfcdcd5b38472e2620418a2c6bea7a1,fcc976d5a273c94599b9a868e54bb41a1bdd963f33ca7a0cb647f3b69db1ec89,unchanged,True,
test4,c,gradual,dwvp,acceleration_scale,2.0,0,d6690e8d0d1a2030c88db892d938b145c3d60f8466bae2fb976e3e81a5281ae0,cd1e98bd6d1255dbc941765deba72b456a4312387d190dfcfc99dd620ea17315,unchanged,True,
test4,c,rapid,vp,acceleration_scale,2.0,0,57d0a7cc501788dae714114ed2e6d8af854dc72b9f91ab65b1d822e686ca3411,4abcff9ef8f072e76c9c7c8cc4b474c52fbc4a5400b1f7c515bb28eefdea2f69,unchanged,True,
test4,c,rapid,vp_scaled,acceleration_scale,2.0,0,f97d7f300dfdf03695290f2a03a2eb3a7253b1a8a9c47efb6fbc08f9cd4ac540,bdad062f6cbbd3b0099dcc4e978e469107e63cb979662a5c2000e052b8cdd48e,unchanged,True,
test4,c,rapid,dwvp,acceleration_scale,2.0,0,9d883bfd18b3f4970b4c3c53873de3268a602ac097f844aa54ad4af71a3209c6,1381b1c73c0781f084c5111f8fbd08c9e4e2773d64cbe6495dbe8cf514035ac8,unchanged,True,
test4,c,offset,dwpp,angular_acceleration_scale,0.25,0,22bbc49560da90fb2d89f07c157da06dc07dd52f98fb496d23dcf424bf36805b,502970f2ca85579b9324f3205e9a14020892a65f759cb385ebbcae1b8ae26fff,unchanged,True,
test4,c,offset,vp,angular_acceleration_scale,0.25,0,162986de64d4a54ec9dc3909e406da2a7103141b99b259ff7d0c9e63b8a0b8a2,46f61c35456dcf17f276f0dd5d9363dc25eace99c9e536425a3367522b87dc65,unchanged,True,
test4,c,offset,vp_scaled,angular_acceleration_scale,0.25,0,b60b5c06e64a4cdb7ad2c7bf4d2158404e2ca85de188a5fb9d853e994d42ad51,26d82365b935b9f32527c0343985ca6a0665e95460f7a07591fda52b891a847d,unchanged,True,
test4,c,offset,dwvp,angular_acceleration_scale,0.25,0,90f24b050bf3ef8b7dc6f1b2bf7fcd850362e2a24f77a0af9fbce8dda9001dc3,ce0f9df16eb3bdcc5651acd1b4b6a3c396551ca9519614954ea938b03e4a5143,unchanged,True,
test4,c,gradual,vp,angular_acceleration_scale,0.25,0,37ed132b2fb5dbf4533a74497de1e8a979f5195e2d6276972ce9b03b089a70d4,c9aeba2063ade704686ad3d080116fadc1aeb625e318e7062c48f3201aca3347,unchanged,True,
test4,c,gradual,vp_scaled,angular_acceleration_scale,0.25,0,42d0fe708a4b243673920401e5e44de0ab3dd2353103ce45723c4338a683f30d,91f7689ab4ef22fd9449eb04be14e9b5bcdaeae6a97c66d56b0c582c781d763e,unchanged,True,
test4,c,gradual,dwvp,angular_acceleration_scale,0.25,0,ca41df80f26d08f7770c82659876c3220aca1402f9a15e5bd9392777f8434c3e,3f5d2a228959c290d02965a5a9527d04281f528e3b69255e6ab10f4981d43ba3,unchanged,True,
test4,c,rapid,vp,angular_acceleration_scale,0.25,0,3656bc24683e0ef2f06c94e2809ff9e36ce7fc5faa0fe5ba2161ee8c1baa11ec,ba14cad4d822edcfae8c0109e90d1142c309932f656d6e856a24cfed2b3140b5,unchanged,True,
test4,c,rapid,vp_scaled,angular_acceleration_scale,0.25,0,3cb45b904fbd756955b5ba474c932a4c9122612e6b22eb160413f9e37528337d,dc7a88be606014082a2b7fe500c8c89bb249211ccd8858832acc36cbe5912cbb,unchanged,True,
test4,c,rapid,dwvp,angular_acceleration_scale,0.25,0,f923b8db478d1da47ca3ba3d4db26ee0532ab35e3b519ee8f324f9befff8487d,8607e3b7cfc2ed804e8b5c535178ed58086346cba92ce7cb66daef7eb6590e78,unchanged,True,
test4,c,offset,dwpp,angular_acceleration_scale,0.5,0,366a42f5bb1f9f97d7375c3631760b64e98265ab8af5f4b39ec8dc4d261882fe,66e7332785b232136f8f517e47900c6c0f6ff27e26927c52b926440c9beb480b,unchanged,True,
test4,c,offset,vp,angular_acceleration_scale,0.5,0,ce576dfb1573476ae077b81843a88821d5204e4c279e31f78537e1e038be2b92,8b1b8cb62c5e82d83f5250db204aa5f83c854c25a71e2946f277bc0f0e66e8a5,unchanged,True,
test4,c,offset,vp_scaled,angular_acceleration_scale,0.5,0,8e1f939b789d9787cd50e8a63fdb98b3cfe5f5cc2b18f246504aa894526c2683,f04adb7caa9ebf201c74fd12f6a178215c8c99051ea1233715fc70138fc6da9b,unchanged,True,
test4,c,offset,dwvp,angular_acceleration_scale,0.5,0,0514a9a9980a495bfc839e92db76a8e7368eb1aefc5120ceaf57a2285b15ee8a,46e8bc946628b2da41d627abf3f55123b5e84ff0202f24e3b31e4ab48368b052,unchanged,True,
test4,c,gradual,vp,angular_acceleration_scale,0.5,0,cca53a3a72b92a017d5c55333b9ba211f3658c759bcae41b26064bf4d577af8e,99a079b13aa747333503b1b3cc28078cd3853573329dd87f7a6b3b4190ad19c3,unchanged,True,
test4,c,gradual,vp_scaled,angular_acceleration_scale,0.5,0,892e6a638d4bb8e9794b85d8cab199ba5d5357cccf47c7dbb8fe87974ea14069,684f8c1a0e758e56fd17dc02bc76c6283944036aa91761c7322ca2624a2f12e3,unchanged,True,
test4,c,gradual,dwvp,angular_acceleration_scale,0.5,0,f996ee36d0d632679f88116913f23e9bb60683c24ea07f9445dac017c7a3b297,0f9c87b2072e53684eb054086063ed5add6407bb811ef2a2416adc56b764a984,unchanged,True,
test4,c,rapid,vp,angular_acceleration_scale,0.5,0,316ec059de051613d0c0360ecfe7139b8ab90256af17fc5c150ec0433a48719d,f308ae9c972a80e7dd1c50afe3add97d7030f5eff284688f483ca9a39f0d3e29,unchanged,True,
test4,c,rapid,vp_scaled,angular_acceleration_scale,0.5,0,2fa7969c18a33657d08242c8f34e48c5ae386d1e72dc1bcefac7307a69c98787,79654c780d586736fdabdb2b144c368fa0825d038deadf0c2c863b08d7e0d140,unchanged,True,
test4,c,rapid,dwvp,angular_acceleration_scale,0.5,0,03e0ecab2d8e4e0d801ddf9ab01b370810c0377b857f1d057ebde76a09b93a0c,249388600902cb4fa8226aa7ce6e24489c8f584cd227a868082b119de809c4ff,unchanged,True,
test4,c,offset,dwpp,angular_acceleration_scale,1.0,0,04c50f1101ff2228b30d428050dac97fd19a6e05c8de2d46f3d98b0e15f0fe98,09990f68231a27ccccdc9668f341ccbc684f27f1abbe09866bcc056a75c8a78a,unchanged,True,
test4,c,offset,vp,angular_acceleration_scale,1.0,0,fda0962779fe7c16c94e18a0de437c5ade8c49d45b1ca883736c347c80d3dce8,0e927a57d725ad7ca2c9730282bb2fae22d434e6cdb31c09b87d7c54b68ccd75,unchanged,True,
test4,c,offset,vp_scaled,angular_acceleration_scale,1.0,0,cb073a3fb9ab71579085ce8a365094a5520fa49e0426213dc98d280f1669be40,ab14f5638f962bb45ecbe3190929136b63745b1c0e4925b746fd88e4802b5ec3,unchanged,True,
test4,c,offset,dwvp,angular_acceleration_scale,1.0,0,9e8df6474a094335dddb79cbfc64d833cc581d87f932674a8ec046c054ebcd48,4566413b4e6a7bcd87fdb6e54055ff2d9322156ce623c43c79d32b6cae072f79,unchanged,True,
test4,c,gradual,vp,angular_acceleration_scale,1.0,0,7929ebd448510c7d79aff595a862f6206235a04c40c787a7555d10efb3635e56,5a98172899273fa02daae1aa233abe423bca8038a1b9c5f8a6e35997a0e65d68,unchanged,True,
test4,c,gradual,vp_scaled,angular_acceleration_scale,1.0,0,761a28edaa08762f41c188689e49fdc5d5710c1c4aaa25ee912e5821c92be1e9,d6df7cac406efc2aad0f6fb188649bf9286b2ce7534deb1ed14f08a3d3555649,unchanged,True,
test4,c,gradual,dwvp,angular_acceleration_scale,1.0,0,827d3c1e6318a87179a81909ae3b4249aa6a0ad430d4a6068c439da69c069390,167e51ef0d24d26339597c55a38f44b82138098a441a11230575fece3bb05f51,unchanged,True,
test4,c,rapid,vp,angular_acceleration_scale,1.0,0,7b06724654a0809a55c242531581ae4cb80fb96827152dae89316b3f2e72bcb8,6ad967f5009e25b8e130bf01848c4a998f85321e53d1fc3785db4c51446fd00a,unchanged,True,
test4,c,rapid,vp_scaled,angular_acceleration_scale,1.0,0,7b1a27ce319cf00205165075276be085e40d72faf61759b541430d1c57b92344,2a2c33824b1149541e95f1b456ae5e8c4662e856a931d67fc90a6393d0146ef6,unchanged,True,
test4,c,rapid,dwvp,angular_acceleration_scale,1.0,0,f221ab060d633cf0e570e1135dbc01923ad2cb2f357a5f777bfadcf35ac56eab,437968bf5f272416e64d754249540e495666e3ad5c7db06326ff806d457cf18a,unchanged,True,
test4,c,offset,dwpp,angular_acceleration_scale,2.0,0,b9f902c990a65251889bdf68e4bcc1d651a935abefb0476ce49c9846ee1a0682,899b9c6c3d930f48776d4cfb7fc1376215562b8b42841efd40cce60f7581b06b,unchanged,True,
test4,c,offset,vp,angular_acceleration_scale,2.0,0,bf9dae646264b4a0f705b24f3694a05620b948649a8a063dd335332abcc2525b,3f621d1d1521981749940c96571fa06f5278eeed69a2a1cc1798cba986340bda,unchanged,True,
test4,c,offset,vp_scaled,angular_acceleration_scale,2.0,0,82fbe84443920efba72a0b3af77db6ad5779404a54ecb5c58994ece362a8d8bf,ec2a52ad87f2552e913c66c68f1028575a13209eac1140b30c3ac78473efadbd,unchanged,True,
test4,c,offset,dwvp,angular_acceleration_scale,2.0,0,161d0bc20db331d911f84ade5f69b959143c0520fa1327cd7e6e12209436802d,818138e6eb652107e4d017248a3cd7fd4911f66cec5512dabc853045bc816167,unchanged,True,
test4,c,gradual,vp,angular_acceleration_scale,2.0,0,8221cb292c27f625972e91f2c6e3e34da2bc59397dc85e6b3ca8c29dbd4db864,336ccdcec5c37a4c6a80255a77dd8f0477047369b5429160b02c74d6b939fbe8,unchanged,True,
test4,c,gradual,vp_scaled,angular_acceleration_scale,2.0,0,734cb8ed3b2fc35d8ec8553ff117b1c6f401eb4a8960892cc2af9e7812783f8e,a989de6ca039a46eb0722a2a006eb9cf9297181250c666a23addfa053c82cd3f,unchanged,True,
test4,c,gradual,dwvp,angular_acceleration_scale,2.0,0,e41f1490c057d88e5b4abfee29344c607b489831a269b2ff19033326c96239d4,d7cc63cfadf0f5836ed1bf22fec2c7e04bd48fdc988152ff66e0f7c475fb90d0,unchanged,True,
test4,c,rapid,vp,angular_acceleration_scale,2.0,0,a0a763bef467778dab852904354a07f6e65e4e620a8e8ed0634b95e0ed3a6414,5e76a35db65f4d2eb4445827bce8be7ebb8c3aed60ac0391ecf49e8e03e5c4d0,unchanged,True,
test4,c,rapid,vp_scaled,angular_acceleration_scale,2.0,0,a96aa6db9832eb1c4903096fca0a56c5130da57ed24bb60a12c568b690a0ee79,0bfce925735ccca8eb0f7b696e7dc44f1c9797601d30d344f3b85c992ead3735,unchanged,True,
test4,c,rapid,dwvp,angular_acceleration_scale,2.0,0,4381358545a7e678d2ec9aa4414d853f78ffcbb05fcbab060be3ce59c76dcd01,1733e8eb7c6d4e288602c704576af8ef2b15347750c4198541cc60d0bc9a2935,unchanged,True,
test4,e,offset,dwpp,noise,0.0,0,eea1a2f1280e45931ed38385a54ba99d9fc178d84030c0118cf7c505514ce2a2,09990f68231a27ccccdc9668f341ccbc684f27f1abbe09866bcc056a75c8a78a,unchanged,True,
test4,e,offset,dwpp,noise,0.0,1,9e1b53056d8b760b1bc13c6ce2356885c7dac8bb3ce6f71fbce4af8753d2a71b,5c3b67302addebc9f5b513061f3c99ef65a4be29a726b4d972edad34ff71f3f8,unchanged,True,
test4,e,offset,dwpp,noise,0.0,2,ef69ca8455b9e8254183ebe46a1ca23d9ea354cb9fe2eee5603d0d272c1af069,ecc09357e6059e08449bdb7b2cd34f06c55723eaed0f91200392ab8fe77dfbad,unchanged,True,
test4,e,offset,dwpp,noise,0.0,3,a0101f5e1125009ddb3f809b96f454eed4b3064e39c65ad13cd44885c5261597,313d10fa27cb7f19c0033fcc9c265fe944c621a0390fae3b33191e1ffb227b61,unchanged,True,
test4,e,offset,dwpp,noise,0.0,4,e617611ab0892ef5863441a2f5fb0bfabb327a72d86c7d2c96c330e68f7280d0,ea05abc3f73298539e29e93c5bfbdfe25dc65eb0482f19e3285cd9f017f4e8ee,unchanged,True,
test4,e,offset,dwpp,noise,0.0,5,25af2fcd604580e0740b9d8f3a521bd0795cde47128d1542db758efea884b539,83dfba85304e5a7af2b93065da1fc9b26d2bfbf15d6c71c5682d4f6678a9803f,unchanged,True,
test4,e,offset,dwpp,noise,0.0,6,42603d70719249815dd4ceede200c9388d2511f844eb633c4afbbbbf50fc267f,96788c514dee85a7a7da02de98959dd209e7cfd267eeaaee53c735523ca31398,unchanged,True,
test4,e,offset,dwpp,noise,0.0,7,944b9b102cacac67afb5a9ce4031bc20363571797c07703493f6098f10f069bd,b7581a264d4827a1b35c7b55606bdb36cf3927544ade3cf986a54e386ff288d1,unchanged,True,
test4,e,offset,dwpp,noise,0.0,8,a6642f2b445b65bf2b21aac729932ab90796d72daf140ca9bbef4a66c23d9ccd,98ebb5cbcfe0d450186964467c4a2900f51f30a1f563a2f0f33d185487e41147,unchanged,True,
test4,e,offset,dwpp,noise,0.0,9,71a13a8989dda24eb391504ba5fc1a1c9996572f96f70edcd125269429fd6c40,4bad46e2a262997a14455b6cca88b47e94570f114116f4fb006c53c8a175c342,unchanged,True,
test4,e,offset,dwpp,noise,0.0,10,b5ae2660617b358c3b9d13e6aaaeb863a6ff90fe729a8ed5908fbc132ce7339a,717f4119452df0b1be80e4bc4b104ecd240427c52f35438abbcd789b80f8ea2e,unchanged,True,
test4,e,offset,dwpp,noise,0.0,11,55d219385085c2a2dee5e7adff653b2f618f392a359bf2aecda82a3b809cfb0f,ad4985b025bf651e5924eda57fc9a54559bcc1e6b8a6b8abee652b0a6aaf17a6,unchanged,True,
test4,e,offset,dwpp,noise,0.0,12,6aa281c8babbc310c0d4e297face217183518b15189754fe29909a39762cc4ae,e185fae647d7d976063f5ce1686f7ad6d1d670306c0f7a53a5c3d77df195b0a8,unchanged,True,
test4,e,offset,dwpp,noise,0.0,13,db461332fb25c042d7d05ca1f2f6cb1864495ff78c4dc72ade4c7bc590ebff50,6f85267eb0c5153aa984ccd65e960b0ada12455248ee8961a92648cff0ef039c,unchanged,True,
test4,e,offset,dwpp,noise,0.0,14,cce20ba616b011d051f34d60de820458f51ead36382ca93bf041f26eaad6f709,2b5799309a26d691cbc358fd23d432e7ef17f0abbe3b777ead8c7736bbb0ac8f,unchanged,True,
test4,e,offset,dwpp,noise,0.0,15,070368357aeaf95269e04ea9755ec1dc23016618c39659bb1bab0506f4791a3a,e48f642867a40d8b6dde33c3358c9cd169709d1ee905c2a54cf253f53d2e345b,unchanged,True,
test4,e,offset,dwpp,noise,0.0,16,058cf5797f089efb5a0fad4a90ea290ac27865160b1af38cfd52949999da7677,3627c21f488cb8aba80571869c8ef04578817a03f11accb54b8f47eb0b327081,unchanged,True,
test4,e,offset,dwpp,noise,0.0,17,530865e2630cbf4e33556e3d8a6cfc2ae03af8273f607e973a9f6ab48e6a62af,5299156a4d5d4393715b8264fe3e1ad46708c7ee82b24a46970977b803576ef9,unchanged,True,
test4,e,offset,dwpp,noise,0.0,18,d49a15a8970c306aeaaf2788892b160bd517f753833387befb9eb8ed703dc2fd,13a8d900f071345fd2682e609eb5fe276250c9b45096913db06b3fd7a5b23893,unchanged,True,
test4,e,offset,dwpp,noise,0.0,19,827b636063f7876a5957b44efe6df6ffaabc584317a38878950b99a797d0e8c6,50d136d319b9371ac14b09c63b1c8ecc1280abec0b13daf8f391264e16a66084,unchanged,True,
test4,e,offset,vp,noise,0.0,0,984f610707d95e8eabceffe5fd0088a1c17fc2ede8b1ead643209d7a4228a0d6,0e927a57d725ad7ca2c9730282bb2fae22d434e6cdb31c09b87d7c54b68ccd75,unchanged,True,
test4,e,offset,vp,noise,0.0,1,db1669fad3b7ec7809ed2c33b51843b89dafda54aaab726c00dc4025db3b12ee,9d81fa52c48836ee05da1bd51f26fde8310f4fdf3de99c4deb644e4a9c3e2e99,unchanged,True,
test4,e,offset,vp,noise,0.0,2,22f8091557b8b6bb5f22552b0c9a36c7d4b35380604b903c9ce9bad59853a744,01419f9231f835895d429fa0ebfc3b6eef28297eb1d5d197e9156c2ed9aec6a3,unchanged,True,
test4,e,offset,vp,noise,0.0,3,5467ad5b73f8c662fe219d29ab8dcdb8a7d21a70626b1d23107343189a3bfb57,cfbd90497f41694663b3a9c4433929b6aaeb12cf20e0e602f3375667ca84c9d5,unchanged,True,
test4,e,offset,vp,noise,0.0,4,a302ab41fde3200b0a72bd844b09b538ce7378962d111c39bfbab8e1f22a04e6,ed11e8a5f6260edb537ac566c9b76cd737121c2e2d8daf118a4816a17d7fb52a,unchanged,True,
test4,e,offset,vp,noise,0.0,5,bf740492c630952292c6c65bc77e5e6495a6521c66d507a1f35b0d8428253771,d36f9ac22225c13649fd5e67c4d571a563840bea1e0913ea120ccbc012bc6c1f,unchanged,True,
test4,e,offset,vp,noise,0.0,6,de534c4ac1ab7ca6e2b285a8d8000363bc5b26c6c0cafb6a8b353072f1c3aa3f,33ff5b5101cf916414ccbeaea23b7539346dc5dbc64bf8b7bc33c6d194917619,unchanged,True,
test4,e,offset,vp,noise,0.0,7,57d41d65795db6170d82e57659fb2996e5c95abe17b329c320d7b8cc05dcb2a8,97d1815cf660baef3883d7aeb3dc3924783b6bf5591bd0d9b51d4e420eac40f6,unchanged,True,
test4,e,offset,vp,noise,0.0,8,022e7c66488b181ab037477fbe7318469d7b781d9441581efd2191ab5b0714ee,3da9510a34825722f7869ecf0d36c08cb61b13686de5150426e759ce4a0d4d0e,unchanged,True,
test4,e,offset,vp,noise,0.0,9,911803226a6d881059baad74e0514c9f26cd95ce17cc0e37ad51732d9dee908c,ed9f8d19e44d15ba92d5c6bf738ebdb04244c741f37c0423b31443f4ea7c2835,unchanged,True,
test4,e,offset,vp,noise,0.0,10,02937bd6a0a90349541ac3c50b318aeb1fc101289a64092a0254b3532fb6eb25,cbd369afe36c90530f06ffaf2216b99fd014f2008ab3c268c84b98574e63c838,unchanged,True,
test4,e,offset,vp,noise,0.0,11,20fc4c18cc5024d8a1a5b9e7174aa76daa95d4b0d2b9bf5558608abcd2827584,21204a6c1fed46be916bfcb9ff9a31b99b38746d9165267f1e8ff20b6aea9dcf,unchanged,True,
test4,e,offset,vp,noise,0.0,12,61568fd82398a3d3baa76349955c5af349925094fa94d84db26ddb6cb573073c,aaf329c67998ad3f792a0c2b59314f34b86b800fd8f0f4887ad6a9ac704ff28b,unchanged,True,
test4,e,offset,vp,noise,0.0,13,547172432438504d4c6fd715ecf22d025da8882797792a16177785af6fa9f920,ca1f41b4224ca6dbbafec3f3948d240a47290d091733003f29ad5010357b4e83,unchanged,True,
test4,e,offset,vp,noise,0.0,14,caaca85d930ef22c4b7adf6c974d3676379e61712b1beacb04970c0d3185a1e3,139e8713da8dd3427127773c5ae5f33ac1b1e84bb07ec847f9bd233b985dc8b6,unchanged,True,
test4,e,offset,vp,noise,0.0,15,d00e72bfc7c6f26ec1241b22dc97cd2a608441b781927f5437199a2fb96f741b,2bd1825f474ed1cd710e0af388a4019450526ae7fea4e9e1c212b5277f7551f4,unchanged,True,
test4,e,offset,vp,noise,0.0,16,b99e4bd9e40b661c8a862a98dc5c541a939aa4a24feb282db978383357d2899c,a766bc975de0b0d77ab5b9524d7e380eed7517952a9f206e220d6a0b4600640c,unchanged,True,
test4,e,offset,vp,noise,0.0,17,3a1155790934c27f7e1b4cbe26884ad1146f3d1014e7722911dd9960c6e0b3b6,e4c3d9b2a9365a27459e53f70f2ddeb0402ec3ecf09e8d621f40054f87aff4e0,unchanged,True,
test4,e,offset,vp,noise,0.0,18,e29eedbf1196fc31d37b9f00dd4a492785cda9b3c5f4b34dc83696c7816ebcbf,30c2bd71062a9c5288c426357bf757989da57290a7316d1c1dd08b206aabb91b,unchanged,True,
test4,e,offset,vp,noise,0.0,19,cae83eaf8de0f5a9db9b3f4e7ee0b22716f1288c1e80cab8083957360ad84804,316ccdeb5edb71d98dbf4a872bfdc6254e245d5bd0a86ef16dbd6e63b74d1e75,unchanged,True,
test4,e,offset,vp_scaled,noise,0.0,0,0c2988d389828add9898f29c7e4c8eebed59bd402b435e0fd4cc1e0651677343,ab14f5638f962bb45ecbe3190929136b63745b1c0e4925b746fd88e4802b5ec3,unchanged,True,
test4,e,offset,vp_scaled,noise,0.0,1,0bb21044aa9cd62d0846af1bfe022a55c127e140b03c56e9c2b384988db67155,94b55c7ad1788457ce2ef32b8198505b019eed5969dc72e7f8e7eafdbfeb29ff,unchanged,True,
test4,e,offset,vp_scaled,noise,0.0,2,1ee309ab04239bdb18819b816d351bcab72a1bd4d7e5c96ffcc6de7d6c85cc87,f5bce4a9e1e289b9edbd2d2c0be4d6ce7c35073db47bf90053ee512e416c0334,unchanged,True,
test4,e,offset,vp_scaled,noise,0.0,3,93a94a058af6657756615a8d9d8247f1adcea57b308aa1847118173a3f50ea5e,88cf4f4241df62cfc768988230133a3f0024d38dbb13e9d2c2ae3aa253dbf9dd,unchanged,True,
test4,e,offset,vp_scaled,noise,0.0,4,e3bec4ac8a895583fc44fa9f08ae372aa7a7d72942f61590035e0c3e6faea871,89fa10cba3e4eca03e1a5682ad9855add2bcef00a254c635a5f0306a39d2977b,unchanged,True,
test4,e,offset,vp_scaled,noise,0.0,5,40dee393aa1458d8a6afc54d2b6ac33ba87c49e61389224f7f8f2b9768c4325b,209df64810cca61edbac33420387e96fe502e112c31022db5963ca7ba2a4b4ba,unchanged,True,
test4,e,offset,vp_scaled,noise,0.0,6,a130b5b492c5a57553513518ebd9335f63f39ff84da49d5f7268b3a0272dff61,2334da260e902389bdc18ea5860c3b65b3a8cf28ccb0837a1cc225a59500b95d,unchanged,True,
test4,e,offset,vp_scaled,noise,0.0,7,eb1f5bf9c3c5af9ea4dc1ae39320b3d94c2e93375c9a1bc07b8def657518d730,f18a4fd5216cd5cafda3a7cdf191a9128c5580c8f3991abcb611ab28755dcd92,unchanged,True,
test4,e,offset,vp_scaled,noise,0.0,8,23b3292e3b541759b8ea8d611c555104c383072b4b4b20a2df253a36b928365f,00bc131c703a4e2acf6867de11ecab5ef1a1fdd72527390097c4bb588354e845,unchanged,True,
test4,e,offset,vp_scaled,noise,0.0,9,2fb0d4d72ea720aebe938e2b48b459c8b3eb8bdc3a978dd37e21650832df2fd4,87298d53fcff831262b4ee25c289993001a6cc2550f50c46944fb2a4a5bf3201,unchanged,True,
test4,e,offset,vp_scaled,noise,0.0,10,39542fb3d2f77b8308b21c0f1947a23490aca112553900e88d6c3f4999b15afc,6d37aec1256ef95ef5aa037074a6f98e012abfec3f1f960abd97bc0532094176,unchanged,True,
test4,e,offset,vp_scaled,noise,0.0,11,2de58653b38fdd7bcffa0027dee010169cc6b8d1a7e13e18ae1a04698dfbfc2a,7691bc7037496363561e065abecdaaddb2ed3572f3d871496f70ebd24ff57fea,unchanged,True,
test4,e,offset,vp_scaled,noise,0.0,12,81c923f11ece488b8182c498a7f1ef860366980107f045a52462740de92150d2,3f210bfbb588056b59a3f9e14041416f9058b563519d52a333b9e598bf432112,unchanged,True,
test4,e,offset,vp_scaled,noise,0.0,13,60f8cd90cbadc214e7e74ad21a7274f58f2bd73d10df5998128b5c88937514f2,b1fcbc48ad6ab90c76db2648bad3855d18894c45883f61a114bb1c965f3b21b3,unchanged,True,
test4,e,offset,vp_scaled,noise,0.0,14,d361e7791bb835193d6a0c934f5835cc0bf4bf5481ed0651e460b310152c6a01,cd4e4d89e0c26ae526936c73a261b7717e163c90bca66d9267d9a44e1854ebbc,unchanged,True,
test4,e,offset,vp_scaled,noise,0.0,15,37188e107766b0f19787a265afaec48f08a804f804b32f38e139249ad3ec1967,c62c95c35416bac309b2caaa6fdb0f734f2f2d0203c23062b6fb290650ac6f82,unchanged,True,
test4,e,offset,vp_scaled,noise,0.0,16,749a1b19f90ae50afff689395e06caa24ce825a70dbbc6cd4be19ce22982e471,1ea156d9a5d7768642b77e5cf572f11ef155447dad169b149484f73ef2492555,unchanged,True,
test4,e,offset,vp_scaled,noise,0.0,17,8beec478bf6d638e73cf5791ac757046f5d89be2266fbae5420a838ec924db3b,4deb833f30174fd44e72ffeaa5ff962aefc9b1aa6f20037b05323bd25a1b74f4,unchanged,True,
test4,e,offset,vp_scaled,noise,0.0,18,4bda222c07897964551ccbf9310cf1378fabb087281330a0a6684b3723df9339,135970ec9a1ff5b20abd664ec97260a16f615659237f5e53712812ab9d233a55,unchanged,True,
test4,e,offset,vp_scaled,noise,0.0,19,48b4ff86429a402437615388e47a9f824342d020c578c9b9ecff69c57c9f2206,d8ad518aebbf82fd3c652a69f8396476b84950b7dd71ef7ab3db7d4951553e68,unchanged,True,
test4,e,offset,dwvp,noise,0.0,0,bed552c68d7bd949bcfc1aa8d95139e03943f48fd1fb73b0c9d96cc16fd91661,4566413b4e6a7bcd87fdb6e54055ff2d9322156ce623c43c79d32b6cae072f79,unchanged,True,
test4,e,offset,dwvp,noise,0.0,1,7a8dd131325d8e2ec6beda98a574e4b298a3c8e6a94574bcf26dd4a31d8d9677,c6040667add265bfee9082d11dce13d2699426442f0c1a4d771ac9e9cbaa7a3a,unchanged,True,
test4,e,offset,dwvp,noise,0.0,2,915549f0284c7bdb87416e550a3f8437e2085d59aa2ec9c0ffa81913c02f962c,26045abd85829cab0acf9a7dd64f6c8181d22fa6bbfb8732a25882c39809a94c,unchanged,True,
test4,e,offset,dwvp,noise,0.0,3,3ade14d5003cc1f372baa5204eb48ac88cb2f670e8debb850dd5f15e47975ed8,76f596046d177bb4d7bf7da7469cc706e0eb317ed30adbce0ba63eadfb073db7,unchanged,True,
test4,e,offset,dwvp,noise,0.0,4,33526df9d2695e4490eed163bff81117049072bf559ecead0474b4742f85fd54,be433d1e74284dc81cd7951d088b751e7f4edfe1ebf0a6553a53582dd2f41ce5,unchanged,True,
test4,e,offset,dwvp,noise,0.0,5,01fdd3307d5e2f8eba82d53ac8c86478d2359f642f097bb002500f9df0988b32,9fdff795cc7078744be13e66ec7fa8d7daaea2c2d2d1a0f96492f8dbd7878a4e,unchanged,True,
test4,e,offset,dwvp,noise,0.0,6,f1b7c2aff9a21bbff75e2a341857fd25c3f779fb78ea40c51e146e5503c43e73,bbc16a56eab0a9c2e1c7c80f50eade02ef1af1100619837bb9c5620f43b72203,unchanged,True,
test4,e,offset,dwvp,noise,0.0,7,a7fff62e57d918016779686e8d70e22f373b0db993c478c6e577a1701824418e,cbe4f012e2a1b2935cc8387ffcb4abe3289cb881bd39a27f40579ee00e12d9bf,unchanged,True,
test4,e,offset,dwvp,noise,0.0,8,dc6ffdd97017290cb736c5ff8d61764654322364ef6ccaf0b46b8db9a3fb34f0,b4db0dabbd85bd2b9867a20655b7e7d944f95811d3a2f127933a7e56327170e1,unchanged,True,
test4,e,offset,dwvp,noise,0.0,9,1707be6e80a4e31a99390f42a925018c1bd709cd0b492cfca028e1c426c717d4,2725bab8673ac38946eb5d681279fe0b604f372359f715184560ee6a6822687d,unchanged,True,
test4,e,offset,dwvp,noise,0.0,10,1b6b924449b9a2094904255dd365cca00d2766a3f40e4791d24e3935306c0d49,15f4e15e90db0d739d062f340f1a9ba640bf5d38fe16a7cf381de1976fc737b3,unchanged,True,
test4,e,offset,dwvp,noise,0.0,11,5e1d8ef4eff57a1c109e6e3ec5a900ec208717820323aeb092dbb0951a85a387,ce9445c8339b6761da3dd20ffaf30a2b11bdac8faaa9a1dda423c80929399f3d,unchanged,True,
test4,e,offset,dwvp,noise,0.0,12,c4b002ecc3c6d5a3dafcd3bd4c4bfe99c7c35be55f0bb087b824b5cb51e7c881,12ca31dfdc150701c3523e5c7e0041559f6b7c58934b6f30755ba97c97062d61,unchanged,True,
test4,e,offset,dwvp,noise,0.0,13,d683bd938c7e09cab9c076483a3b7e8dbbaeb10883a05c7d1ce1f264e629aa67,0ad2a9caae73be6e9eb5b3614840e96ddbc76660ff290dab9557cbaf229e807f,unchanged,True,
test4,e,offset,dwvp,noise,0.0,14,ef7b66685fed9829634225725f3c63ce13494800d1fad07a30983ec2414d8e30,046045360870e551b61c4f9a62275f467106d3af668bbc0da43f0ec061a236d2,unchanged,True,
test4,e,offset,dwvp,noise,0.0,15,696637ea27fbfd8696d0fd72b8699f17e4cc340f9bf3744631c6dc8d5b97131c,bdd217bed9a6206942d11aac8cb2c4c3b214292b504d6fc7366400994c5420e8,unchanged,True,
test4,e,offset,dwvp,noise,0.0,16,95d1b67a5e77b298f292e53d2d26c00d4ffcf4d0f486d297cf844d8cefd19eec,64b33a2da571844fb900065885689afd05a0c7bee2423d4ea17cbbeb8c74640f,unchanged,True,
test4,e,offset,dwvp,noise,0.0,17,0998b1010c7366ecaa52ba0a4ba45ddd536d56bfc547066a8ce9fbfbb8e6a521,513420b934286c012df26527a61315e48215f28819c9ea3d8d5c7c03c87398d1,unchanged,True,
test4,e,offset,dwvp,noise,0.0,18,59805276230065ad997177c064b8cf3be60a66ab16367cee3c91ec05492579c4,24bc3d273ed074da672b521a50b6df263aa63e853a9bf21ae580aaefeebeabc4,unchanged,True,
test4,e,offset,dwvp,noise,0.0,19,e4d28cf74bbd36c132347f06e7d84070777c37574ce0cb5057fd6ca5015d083c,89220642e7c22d9a21e25fad97ef375c2d28e0515c5fa405c8d4da4809f6cb60,unchanged,True,
test4,e,gradual,vp,noise,0.0,0,207c86bc4d9481898b1198564f74877abf164bd17c36807882a64a66a1b52a11,5a98172899273fa02daae1aa233abe423bca8038a1b9c5f8a6e35997a0e65d68,unchanged,True,
test4,e,gradual,vp,noise,0.0,1,8449fc3edf306d522dcbf3640c96c892b60c7ac30c73b5b706652c947d66a897,4759d933ba4976dbcc01746266dd88b48009f8a866e5b3dfdbc48db691da485f,unchanged,True,
test4,e,gradual,vp,noise,0.0,2,5e220fd16b02c112ebec0618311aa46812b60890f262aabebf545cbf870566e0,5c83b71d49338bdbe2da7a3d08d4fc12753d491c7cc5843ec49decf49e64f140,unchanged,True,
test4,e,gradual,vp,noise,0.0,3,7d2d02a605b4e84af5c86a0d8915ef9927a57b15a92359d799ced644e5862317,187d554d8684e2b1d3146059aaece0ddea5b77e7d1eb4f20fb5a5ab426e224f5,unchanged,True,
test4,e,gradual,vp,noise,0.0,4,0058003adf50279205fa3d202ae35466ed0d0a434f473052169c4ddc77f6e56b,9d105260458c780477d97f43c6e760fa0aa400036fa35fbdd04e15382338eba4,unchanged,True,
test4,e,gradual,vp,noise,0.0,5,15d92068079304d4b7be195afd4c27d9199f76b5b5f4c22f15484bf081f8b163,2a4767b18a7a2b17b8f3995176e85a6d1d4bce04321d99696b835d592ba904cd,unchanged,True,
test4,e,gradual,vp,noise,0.0,6,778fdd35f413f721575b7aa61f8abc90cc83bf293c04ddcf1984027da82564a0,d0a6acbb64dec747abddba1424d5d1266ef1e8a308a4d4a78b1f295b53864b4f,unchanged,True,
test4,e,gradual,vp,noise,0.0,7,388f90d4f06a5e3713fb166548c2297b18ced54ae2666f6860de25ff6f04f016,c243fd2b3507713fd507f7a5dbbc28786cafb5820680cf7e42d709ee85874602,unchanged,True,
test4,e,gradual,vp,noise,0.0,8,72a87be7c9593d02b94a0797d3454f51c41d29ecd1f8e8d49a48aa5baefaf74c,fd78ff4c79c7c096b8799fdd6f9e2935540106cc7853860b2f788b89a7d33d4c,unchanged,True,
test4,e,gradual,vp,noise,0.0,9,5e494d918b2c60835fb5abffe55d43747773f035377cdb92b391b4eefa774586,1430e2a9e8122b2d4eed59b4456d4c09335207c6f63cd30c33041b1d3ffd53b2,unchanged,True,
test4,e,gradual,vp,noise,0.0,10,27b62c98c8dbd205d022fd0dcb61818128c65bf431b45b2a70a5628c28e4a47d,989ec69cba5f6812f5c469cc4e9126b372a9ee43bac9bdf8f0e0ca947978a497,unchanged,True,
test4,e,gradual,vp,noise,0.0,11,c8cc5d8739723e3dbb515a4da27d09bc52139a8e71a75f79b8d4a78f26a52766,7d32165f85b15d8d6ce0bf1293e8725089e34dbd3e399cd9b69548ffefd77463,unchanged,True,
test4,e,gradual,vp,noise,0.0,12,0a04f59eb433c98b512aac8ae9c48e4d770faada17a77a11aad26fa9f8435b29,c675dd70effd1f773bf15daf4b661358451ce6abac0a373f84a9022a2ca87016,unchanged,True,
test4,e,gradual,vp,noise,0.0,13,d9e326dab9ce376b6f3a06654218324735d1c7a519c0f5366f35b179d1e16a21,313fe1ef0b4f377374dc58f700592387cd72f59682e6a30600d3de2e1ef5d306,unchanged,True,
test4,e,gradual,vp,noise,0.0,14,548ea3952eab6a7078b19ae0b15f84265c989a438eabdc473aff69736d608ac9,eaef5e340187cd5e1e9810884724d8c5ccd0d15fe9af51d0fe3081fcc32b6fc2,unchanged,True,
test4,e,gradual,vp,noise,0.0,15,d62abd3bcf79f4ddf2dce6deb0e985cc9a02fdbf9eabfc492a0b9ff5f21116cc,df23a1f107453abe7f7feb12c78fe2b796028b70eadeba135a3e1cc9817a9055,unchanged,True,
test4,e,gradual,vp,noise,0.0,16,8a1f2c2176005c0a4dadcf2aee0fb8e18d505dacf9b745e78b20145e4dbd6e9c,97e37793ac580e447105abafd03772b251796c3a1a56ad0c0cecf920a9651d3b,unchanged,True,
test4,e,gradual,vp,noise,0.0,17,1b523886c392163acfe4702e6ae9499991b711a86f68a73ec91b4f7126341481,2c0c82b12f6178c3d39582fec0058ca8edb52d41bc464112d47ab783d991a76c,unchanged,True,
test4,e,gradual,vp,noise,0.0,18,c57b12af3d3d3c72624dc1b4dada60e44847c46295bd10943e12103f1b23bff8,0f65aecb2112fa433a837c9bc5477993407c65bf885cc731380b36cda32bf9eb,unchanged,True,
test4,e,gradual,vp,noise,0.0,19,8cde2d9e154174b87b69cf9944be20a74860df5af87e65d0659801dfb97916fc,16a6c56329064fce70f6b31e28fa5ba68869c3a4c8389e4361cabbfbe95576d8,unchanged,True,
test4,e,gradual,vp_scaled,noise,0.0,0,9a6705393f45e300cf51e9123f0e22cbd2209fc94999ab36c70672fae0e51218,d6df7cac406efc2aad0f6fb188649bf9286b2ce7534deb1ed14f08a3d3555649,unchanged,True,
test4,e,gradual,vp_scaled,noise,0.0,1,5d85b612155727034f54d6963921f84f2272a1d17151c53fee168a0108d6b107,bc9ad782ef7d945e77c836c3eea8015669b99198ac5555ed1b9a2623404bcc1a,unchanged,True,
test4,e,gradual,vp_scaled,noise,0.0,2,6450f9924843b1d9658f11dae2699736cb30a6e1003bd5ad7e8e5e10cd6d59c1,76e0f37e5a4ad10eaaad92f241b583a39ddcbc0428db44c1586c39881db69001,unchanged,True,
test4,e,gradual,vp_scaled,noise,0.0,3,027292e266f2b5a2d41fb05e12aa373bca6ef769b09d2c78fae6a513e4829991,fecf96137d8491f81b74f6b60ae60cbc924d9b46c1f28dd206ee0f15c2f88c43,unchanged,True,
test4,e,gradual,vp_scaled,noise,0.0,4,247ede3aa11c365258c3ac94cd4eb71b0b1afb23017573e858215d3a0817f3c0,731c5756e765da555ade5092ae7873772260518fcb9e31391ae8ad84026e21d1,unchanged,True,
test4,e,gradual,vp_scaled,noise,0.0,5,43fa2ce8de527132b18b616d2ef57d6ff66b8f7ab03dec28ca3a570a5f6aaeaa,fc6578bb192da246b3a0760a0a7eef985898bfc41b5001e76ca280df8b325aa6,unchanged,True,
test4,e,gradual,vp_scaled,noise,0.0,6,031a44e50a48f52f4056aa0f4125834063c00148fe8265d196a9eea2b204404e,5425f8b81b62d1c39b7367c2754edcb62a96f0deb8f68872334a7814b6b0ec01,unchanged,True,
test4,e,gradual,vp_scaled,noise,0.0,7,6846833a71d58b38f8e01b11dfc9930bcd3168705b1a9c30b9af3978c19f8ffb,85a800440e56d3660ef58b8d68df5dd5584c54be1706e8f926eab6e1e013eeec,unchanged,True,
test4,e,gradual,vp_scaled,noise,0.0,8,8b19f2af3f33fc221fb82b6cd4426f25be8561694d2bd59ce64b89626e8fb1a7,78e41b973cf25244e55a6ff0392ab4164dac524482097ebeb62bb0f156fac88a,unchanged,True,
test4,e,gradual,vp_scaled,noise,0.0,9,ba844aadf385cb8539cf9a7058b44d5209a2d79d8f66a6af18dd611f80ad10dd,120ec58ca02cf29a57e6e737c16b08a4738429d12e4117355bb429a0f2183a95,unchanged,True,
test4,e,gradual,vp_scaled,noise,0.0,10,1005a5f27197af61fdeafbfa3ec963d8f18df88f0d6fea32bc223f12fd921b28,44ef7530c544771e1535dfd9e44a0a9f3a58a0195bd9a58d00f30046393e78ac,unchanged,True,
test4,e,gradual,vp_scaled,noise,0.0,11,b64b0c690c96dbaff8000bbe5e4223fa4ef9e7095c0b9c85ea0e0c6addd44818,752340a5b66198efc10aeab21b63ae161e289bad72716456718a430251185f40,unchanged,True,
test4,e,gradual,vp_scaled,noise,0.0,12,67579d7ccf415282d3cd2f010cbb79f7dcabc59ac0a6d493441c231df7cef203,3c55b129728a46d94b0e102971570b730f8f3ddb7e210ce333c8f37e55b1623f,unchanged,True,
test4,e,gradual,vp_scaled,noise,0.0,13,f8f4c57366d049accfa2748f3437e7e0bc033330f9781d3ef5678c96bdc1e178,68e4b93ab200c84469334088b9a083ada28bdca13e029183b99a9e69daf78dff,unchanged,True,
test4,e,gradual,vp_scaled,noise,0.0,14,8f5b1de2992b69f0e45838651017c58795b27c66fac6326944912959cef5a713,cac8bf9df1a13b8576648f0f54b9f5ac2aa81c608b9e26c86b581ef70b60e94a,unchanged,True,
test4,e,gradual,vp_scaled,noise,0.0,15,207187b1147d0524071d9e3ec4bc8169cdc7312c25e29c4c1e9f7dac11a6f0cb,86ae2bba1803a89bb95c7f4b589b57eab92a6cf73ccfbe77e0151ea4955c60c0,unchanged,True,
test4,e,gradual,vp_scaled,noise,0.0,16,9961fd4f4c4a5cbcc55707831d156db0edbd203d2fc06904e3556541f3660c1b,1ee9c2cfc48959c40eabde5d84a197d9d6648adf4c421abc52ff039ad829b6b2,unchanged,True,
test4,e,gradual,vp_scaled,noise,0.0,17,a244a66344ff66b763dd0372eeebcef65d38cd9fa11b0e57b86ab8d0b751d902,22fadc2f19c0b1b26056250ee0a51e51d5ad18ea079fdac4a960c294c883781c,unchanged,True,
test4,e,gradual,vp_scaled,noise,0.0,18,0160582049fab888b5e8a6cb47c98a2c11b8545a731f5dcff64e27fa3cd6297d,6dc0f5faa2b02683932c0338f636678f92358bc005d2f785271b86463f440ddb,unchanged,True,
test4,e,gradual,vp_scaled,noise,0.0,19,fbf58b934ad6f056543b0e85f0a8b21e2fcd44530f927b4f913146ada90b3a12,9b100f2faa6a30120e113e76a3f0737f7666f4a1b76bfed95c0a97b995f048bd,unchanged,True,
test4,e,gradual,dwvp,noise,0.0,0,9c4d4c2fcd6ce75f1db45e9c807fd23f436716d92427c8e22c64de0ddd1ca244,167e51ef0d24d26339597c55a38f44b82138098a441a11230575fece3bb05f51,unchanged,True,
test4,e,gradual,dwvp,noise,0.0,1,7430faea8af61d540829dc3a87d74f275800febe752f44dce448af91acc43ddb,0bd7af652e7f54a566ba7ad18e8af12b91c06e21f7fc9e4f745c5c1d52c0f8c2,unchanged,True,
test4,e,gradual,dwvp,noise,0.0,2,9943b087889b2047a939ba954503d331706217245025a9aeb530f72a0a5128c3,02841e09208784d24d16f0c07d8d56828beffcb70fb0a74e7b59a49fe8acef75,unchanged,True,
test4,e,gradual,dwvp,noise,0.0,3,000afc8fe76a99ac1c68f933b62958b33398cef3b3e5232f9892bd49ead6743e,f219b7e96b55720bb72790e4c844da19abf1ba8e4eef9da2a67b1beaf535a868,unchanged,True,
test4,e,gradual,dwvp,noise,0.0,4,6b5d09e78fefa30be0292bdb18836a90f027160277cd3d7fe9481810ff6e02b2,f3305ba6f61724d4a168811aa082e66eec474e90c402f75d95213a8277d97a55,unchanged,True,
test4,e,gradual,dwvp,noise,0.0,5,e494ce6ed9f3da4025cc388c6753797a20e775ea84074855cd06beae7463a01e,148a92d24c8dfc1b13fbcefa7d739eebf90d14330c862e27f14d909259c66f84,unchanged,True,
test4,e,gradual,dwvp,noise,0.0,6,e0df776261ee6892ad5747976b293c4d993311f923da102c13c8102b280c9a36,1bc2e76b608dfc30e267fc6ebbbd8d0e0bdd4eda4a8a03641e25cd0a945f0f17,unchanged,True,
test4,e,gradual,dwvp,noise,0.0,7,1fd076ae66a0083f6f2d518ef8cee8df2fd1cfd544d4260a4c666f9b108c950a,bb3ea945b1a16cd1b2255773355b416297c57af7d288f0f39b36749c95b29583,unchanged,True,
test4,e,gradual,dwvp,noise,0.0,8,e4c7b59cbd71d338ba25dca33164bc6bffb59cabc63e76ec6578c2f1906873d7,3277b4a78d42e71ae44198c99119aa827d70e1af19d3c9386ac8548d548d109e,unchanged,True,
test4,e,gradual,dwvp,noise,0.0,9,f707d8b11810f204afaa266a6d1b218398794efd57d41228931e8b957dfef466,3982ae3f1340a6d1ccb04f7261673debdc17c1f54d9d0fdc59f5fa1a9484b31b,unchanged,True,
test4,e,gradual,dwvp,noise,0.0,10,2be26f8195f634bde9068d479cd2168c0facc0fc9cef04f1b3770f3837a4228f,9c9044f8fe2861b82321e50a86ec05634f6a21bf0948d2b5666c8ebfc6ba8c5c,unchanged,True,
test4,e,gradual,dwvp,noise,0.0,11,f3b7da7cd405106a98c73a13cc1315f243b4250c48cea9f68b5ff3767bd515c2,81712e79cf8658d7c4f672a2aa908c23d69efe2d001d5abe0fef5f3ed1360c54,unchanged,True,
test4,e,gradual,dwvp,noise,0.0,12,21c22cf77ab3b6f79c7fd7b8e8d33378038faf638a2895f01f7e7a9e069e7af8,37a140784421d69ade8b8ad8fe9a8758a7ffcaecc733a07fe9295cf69f62c32a,unchanged,True,
test4,e,gradual,dwvp,noise,0.0,13,f88c5058f04cbfedaacc96e3e7d57b4a9bdb35059df712b5d3bee3325523fb3e,4916bae90c9d3946ebf05269b1aed26eb6ffdf85060770b45b45dac78ac7e0d7,unchanged,True,
test4,e,gradual,dwvp,noise,0.0,14,c7880152c52d4dee73c3eb34ab6883fe4555615b737fb39945dbfdd911c54a0c,93ba2f238b2de5b642e6c76fb8b9cc49cf22f0f0753d278f4510bf12ed54f1ae,unchanged,True,
test4,e,gradual,dwvp,noise,0.0,15,6deacd44146c0c1a42855acde6ca56cc21c5bb226e5c7b674f535d211ee0f159,41cef61ea2fc04f9104b3b3d572a09c868a408c42bec44615ac483ebe969ccc1,unchanged,True,
test4,e,gradual,dwvp,noise,0.0,16,62e8c15d29daeef205998d10a9a4f75fb16e42814c1fbceb892b682c383e7f59,ad397b726664ae52c042acd83b7d166ff8ad6df8eeb98ab816df3a5908461ffc,unchanged,True,
test4,e,gradual,dwvp,noise,0.0,17,1131ef30fa715c76f37714594b933469d735e6fc2459dab9b6be5db82b81341d,c8fb1ff936c8d6057f3fa5bc35dff58cd6c46a7a6052ab4e250961cb88e73b3e,unchanged,True,
test4,e,gradual,dwvp,noise,0.0,18,1733424eae6470d1f79dfc4b4eff7692ab9b4b3986e7f5e6050ac5e0d44924ca,0830e492fb334ef9a4729cee30d36da2dcbd9590ae2868d1640bb17cadb04437,unchanged,True,
test4,e,gradual,dwvp,noise,0.0,19,ea4dc9249b52a10e288fbe688225a93e6243154bac2dd867859d7e3e47c7b328,415441f33c485485f5d567908106b1aca17f6d7413c6c4b32748bde22699d725,unchanged,True,
test4,e,rapid,vp,noise,0.0,0,8224552d5e4e1d12e0c92b0a4f08bd3e046e5f6dae9df2b048e9ac0d1ba2e5ee,6ad967f5009e25b8e130bf01848c4a998f85321e53d1fc3785db4c51446fd00a,unchanged,True,
test4,e,rapid,vp,noise,0.0,1,31fffdaaac848d9640ddecd314e37a1e36aa0b46a99947ca29a08c00446e9ba4,fa63bd30958904b518e721dd09795c64fd0f8e0903c00a8bda15cd9d816bef29,unchanged,True,
test4,e,rapid,vp,noise,0.0,2,bc659ddfafa56af05bfaa7c8d86abef0409e9587592b901711f8c1fb5e833b8b,98e0ab715e089e12542d5fcaef19b17191086455091aaf0fc376fe9381405d5b,unchanged,True,
test4,e,rapid,vp,noise,0.0,3,ef105004fc6459aada57970d6c09d9722bc45e6d415ab1ef117d0feb74cdff56,9692288f1d471edb6cbbb81395272d487b9c17c52088b24fb1448115829e06d3,unchanged,True,
test4,e,rapid,vp,noise,0.0,4,447b2d9bdb88ea4e6d728ce4230c5a4538a3e3d3dc1f886bc9a0cb42207c69cf,02aa1f34c7952d884974cb54570eb6794f188744667f0a379f21d7de31274016,unchanged,True,
test4,e,rapid,vp,noise,0.0,5,69c49f65ab7e8457a8528ef356ced426891963c43d79c385b8f233fb6eb8218e,c7647207766689c837c7dcfb0fc8888a12244f4fe8090b9ef0f153c4ec360276,unchanged,True,
test4,e,rapid,vp,noise,0.0,6,b4f4b3c4d534167a60dba0d326ed33c436a6cf91e84dc881455ed3b4af3e8ca8,89bf0cbaaa26d3e23d9be637e4d81c387aa1d40e028496320b1b32ecb1cf7ce4,unchanged,True,
test4,e,rapid,vp,noise,0.0,7,b33383bc861639cd5d0467e0c0776ddcf4136385399b7c0c6bc4b6485cb74177,88073487ffc1bc6410160b7a48b388fd5180edee7f1a491661fa37715c30eb63,unchanged,True,
test4,e,rapid,vp,noise,0.0,8,e7098bdd47f3313ab0a985b09402e4adced48cc76e4c98a36130e6430b915374,3c0654509a55cda95b3276354c0139c22a9366e25631fe7628a000f120d7f54d,unchanged,True,
test4,e,rapid,vp,noise,0.0,9,3805784721cb3289507b0c8375aa24733039a11681732e838012e144b874a2af,e2fe27f9e5c2991b84d3cd7d7664a7c6e7efd43b987a54f643bd5207fc097ce4,unchanged,True,
test4,e,rapid,vp,noise,0.0,10,0fd43fa21b96eb2ed1934d5346ec9284960196069eb6145c2151097369033f7f,1ecc7501f6809d22309fc329eb7e99a007f12cdff9d549d1894e59a292266e0b,unchanged,True,
test4,e,rapid,vp,noise,0.0,11,4e6b42f81eccce6b5338dc5231bfbf67948adc28747123ef8c680fa9109d2f04,1e8a45e335b9770ab51cb4ab23cb370cc43ca70afdddbef87f582827979d40a8,unchanged,True,
test4,e,rapid,vp,noise,0.0,12,3594d09341326d2f37664e35c7133f7b52879f8f66b61043b3e4013a2380d59b,ab592ee1321379e58ea03b344cef890e0ede8d47fa7d995546304730d3f963cd,unchanged,True,
test4,e,rapid,vp,noise,0.0,13,42bbf21a898d61ed635f566635eff9ae59ce2b94da7223064b71d38add06913a,f99f4906eb1d728607ad080a54af8ff3d588f8921bf70b09b38a29c379f3ff6e,unchanged,True,
test4,e,rapid,vp,noise,0.0,14,32c2094a10d2f8ba6c20c0e8fd10786a7a39a80bf1ffd2b9f39394311fda2e0a,48c20aaaacec570d3b4ac70fd78141a7f21b11bd7d63727297abe3d556937f35,unchanged,True,
test4,e,rapid,vp,noise,0.0,15,fc83a9b21a97d14dab5ab6dba3fec85660ace233c92d65df745c0d83adf80c84,f240134f80fe8029ad80b7fc6429a802ed18b0f6dbd528ebbbcb39242edd4600,unchanged,True,
test4,e,rapid,vp,noise,0.0,16,84f900b1d46f72af981a28d2034ec441b50da9e5ff55925281861832b59ed6c6,a3042c5f2004f1556573c6e1690a689a23aae9a3a143f6f054fc649bed3df916,unchanged,True,
test4,e,rapid,vp,noise,0.0,17,42aa190154688e4cebcb071e4981a6a21af76de08e9a46c86846a87d335417df,5330d243c955ba11b79258ba49a383608a2a9ac88467c13fe1eaccf3f56a2e05,unchanged,True,
test4,e,rapid,vp,noise,0.0,18,0292dd63107b085fa254bcd5a633d78d54df518955eefe5b20e3d1e24a9bdef9,39cd52a46f69e9d008d5fb94f227f46794964388492a89b704e6423f69acf62c,unchanged,True,
test4,e,rapid,vp,noise,0.0,19,50e8eb49f92debc930678c574765716f247026fcb660be750bf2e058d2d4ba9f,fa3ef07573262507914662c1605337d09a262777af75728c19076b302d5ba3eb,unchanged,True,
test4,e,rapid,vp_scaled,noise,0.0,0,a12897f6998210f8c9f97e6061059d7cc0c7d073e8bf53e5e2f27b005e12f0d3,2a2c33824b1149541e95f1b456ae5e8c4662e856a931d67fc90a6393d0146ef6,unchanged,True,
test4,e,rapid,vp_scaled,noise,0.0,1,0792892bb2f3cabc9bd531a7c61dadf43358b6cb03475bafd83f78a95a0905fa,7d0f55d9aae6e61681ac6973a4b9c78f7a4eda55adcaf88e3a55ad8197718977,unchanged,True,
test4,e,rapid,vp_scaled,noise,0.0,2,48024ebc8f0c011d85ea23043b855354e1085f58d98ca02932a72f78fcbedc8a,3f12a027c1db2055bb0d4e7d8767e82809fa2b0c403bb3e88213fc5cb19c5668,unchanged,True,
test4,e,rapid,vp_scaled,noise,0.0,3,e18c2718610136b325b077d3f15c3975d085fa5623818814ca33902ec0c42f02,925b1cd901ae92c9190ee0394aa10c335b22a26ff9b4eebce24678d67eb6bd32,unchanged,True,
test4,e,rapid,vp_scaled,noise,0.0,4,6a5e22bf6edcd25fb39b3b68a601709aef16ea48db31380b06c8d9227ae9c240,36aefeefe083f0f6e8d0173a96ebe44ab69b1a8a9fb8122a7f323eadeabaf40c,unchanged,True,
test4,e,rapid,vp_scaled,noise,0.0,5,e7cc2ed58891f5e2a744cb47430f785e25e67cc44d83c29cf6b76a041f197285,c0dc2531eb33aecf7a8501fd4c178d3a7056be095a8d8393d7491a37f96ab73c,unchanged,True,
test4,e,rapid,vp_scaled,noise,0.0,6,7c97b1d4b6332072d9c3bfe594289041493ea2a3da8174fc3796e6523c82979b,4ffbcc787c64070dc691f249f36d4d14912041b67fcf1a8b1ae877465605f96b,unchanged,True,
test4,e,rapid,vp_scaled,noise,0.0,7,2a0bf65f2620fac81dbd33ddb7369d788f98569e9187b398f457855c9c8086a7,28b09d32968b39ffc45d4db89022a05cf4945dd7fdad31cad32d46604e5db8a4,unchanged,True,
test4,e,rapid,vp_scaled,noise,0.0,8,7e337ef435658dabfa688990be5e13c64e843fce85e070c048f5c3c3391c1891,3478f897f38834a46c984a688e588f9cb2557e3170948763f8299853aded613b,unchanged,True,
test4,e,rapid,vp_scaled,noise,0.0,9,049eaf9848b71aef5cf9ce4fb30c3a177d8f14523c160a8ef9c122216ed1f883,6f4a168eccf0d56e1eee6ca9e71c66f5c1a382124d92d45ea429cee154a109dc,unchanged,True,
test4,e,rapid,vp_scaled,noise,0.0,10,4b845ac201a6849fd08153b8e7799a0453c64f5e13d9f72bdc548ea2fac7fa86,b0c64c36fef08dfa8385f2b4f9a0b23da1404d180fb091ab6cbbe8dc07959403,unchanged,True,
test4,e,rapid,vp_scaled,noise,0.0,11,3cb4c218ad1131026f8a4f78593132d45a9386fe4f22af5a43c458bd2dfdedae,0ac4458afc1d5e38b3eb97d9ef248b0876c523e856afb75830a680e5498761ff,unchanged,True,
test4,e,rapid,vp_scaled,noise,0.0,12,0ab36b562830224f4ebb81df5d46868bfbc2182e16e4024af36915ea30bc9ca7,2303328bd8c0baab094cd14ff7dab6831a7bac60c23796aa863e432ae19c0797,unchanged,True,
test4,e,rapid,vp_scaled,noise,0.0,13,8ffe96e1b89044c8a76d20386ef30df455c29edcd5731f883565c4334e6892b3,c64a9d19045cc947468835962b001a2ad5f83dc224fbd58974ed402d8e4a54e5,unchanged,True,
test4,e,rapid,vp_scaled,noise,0.0,14,5f507e6f5853789e123a46c137a4ef92a167a15c00cb69b8a880f953afbbdfc6,763d7eab6ca4f72ecdc21eb8b1b744c5ac0eb65d04f361b5f8d20d8fe705512f,unchanged,True,
test4,e,rapid,vp_scaled,noise,0.0,15,0741476682f3f4ec23eb247dcf203a1459e795f3151d38f99236cf7a46777653,e1d89ac785dfacd7649def1740d953cfcdb45dca91c65a6c7718d5607e09e8a5,unchanged,True,
test4,e,rapid,vp_scaled,noise,0.0,16,f74fa7e8ef1929e0b291018a9784dadf30064bc95a919b84dc964f5fd1c8afbb,ce91d552666b7e44eadd043e48d1448fe8dab2a69fe79672fef3b335477351a4,unchanged,True,
test4,e,rapid,vp_scaled,noise,0.0,17,ac067dca4e9fa807b1880bb3e721515eb0a1d85297352ed7694e4e986b76ffd6,ee9d85048ab6c26a57f0e485532adbfb5c44743b2c976265931a428d40a690ca,unchanged,True,
test4,e,rapid,vp_scaled,noise,0.0,18,35c443bb11a823a3c7c40a58dc007e1c1bdc05587f8cbb31260b7426abc3046f,1a8c9fefc2673e2dc33e50b9593b90ab9b57627102bba40a76c35ac7a6da5f93,unchanged,True,
test4,e,rapid,vp_scaled,noise,0.0,19,6e5b09b6b0417a4c7da8bbbb8e8ac3272ecdc90aaade17719ca6a6df093fef3a,db4ac0792c51106e500e3108056658440b7065630eb74c0ab0a861e4d8e58604,unchanged,True,
test4,e,rapid,dwvp,noise,0.0,0,c615e62aa4624024e0fd1542ced4de9c3833a5be2155da0e74ef4ca5719c9d28,437968bf5f272416e64d754249540e495666e3ad5c7db06326ff806d457cf18a,unchanged,True,
test4,e,rapid,dwvp,noise,0.0,1,341dfc863da32ec40ca21389f89bdcf3c95d58d314ec93f8be222a75aab5fe8b,d32bdb2dffafe7eba5122fd8417b630fd0a6abe10787b0e13603d21765ac9874,unchanged,True,
test4,e,rapid,dwvp,noise,0.0,2,32ec7fa5054e7e79134d87e3612fa31bb0b9b18b467d75a66e03560baceb0116,5097160a17391e64164b4b39ce200666875883b39ed31241da9f548d7e849335,unchanged,True,
test4,e,rapid,dwvp,noise,0.0,3,c23cfb2d8e5f568233b10a6e6b88e130c149699112da2c318906622c008d8bd3,a59a3cbbf4b02b1d95014081424aea7a264ac936d8d8951a4efe2de0769fc168,unchanged,True,
test4,e,rapid,dwvp,noise,0.0,4,6072a1edef6428ae375fe2bba58aaed39a74f42348650fdf36cf6fcd8c8bc06b,b938987a1628e5113b3bb84433a630c47f9fe083e1f22a976906d70ecc2f7e44,unchanged,True,
test4,e,rapid,dwvp,noise,0.0,5,37d77f5130d820cd0cd6777ceeb640185213a5bdc4c3a66e31a23c52a8800fdd,afff5a69027f19dc570f7cba057ea53aeb0d0c27a261d266a2427b8c3ba63948,unchanged,True,
test4,e,rapid,dwvp,noise,0.0,6,8096402fb3fddc0027313e0e34fb14a8e27cbba5226c487a7cec8375e00d058c,65021b950400c22b4fe3425d50111f0988d43a86f4a901dd904d9b8b95f37d3e,unchanged,True,
test4,e,rapid,dwvp,noise,0.0,7,46f6680acd1db3c16f0fce59f088e1bdb60d453aceb4bd4cad99da7e55ca790b,19b8e3fb74c37977509069ad5a18d3a7b0fdaf1ea8953a9c44261d99d870cbbf,unchanged,True,
test4,e,rapid,dwvp,noise,0.0,8,497614725aca08dc55760483448e9b440d5416b1642a686443fdd38089a2730e,7a596d13030791aecee51f0b1c505502f17231a60df124671c4b415dd60f821a,unchanged,True,
test4,e,rapid,dwvp,noise,0.0,9,c5bea962df8c1cdb68a1e763d034ef779d671b455080f883e93343ea726b28d0,b868156a27c0cdcbf320caadd073a645ef3b1b64669c7edfd8cc7d6f5988dee0,unchanged,True,
test4,e,rapid,dwvp,noise,0.0,10,84cfa2f56be073b2072744e131ed6a0a0e24dfb97300c08d525d86d57f4f1abe,c1ce8fe5def2e624e93ea46d792c10628e387ca8f992b26f0eed698eb1375bed,unchanged,True,
test4,e,rapid,dwvp,noise,0.0,11,a14f9637216e812f8f574259a38566207817f37ad09f5a88455c33b750aa4171,d3bfa1e75710d139a2aea4135fbea4903c7e89d10cc7cbe439584ed9a05cb1a5,unchanged,True,
test4,e,rapid,dwvp,noise,0.0,12,c6d0cb31615e74d885ecaaf688a5baa39828085b9eabdd4082133158d9e3e632,9678085f4f1e65468d577adeb0e0185f24a5adc66d16e109cae73b02a95bea9b,unchanged,True,
test4,e,rapid,dwvp,noise,0.0,13,245780c602b3a30d876397a89873b9df623971997c078156d4c720a538c2bbb8,f604468b5e0cf7e9254d28e41a5fe728de19ee8e11692ca857eaa369e53392c8,unchanged,True,
test4,e,rapid,dwvp,noise,0.0,14,9f95c52be0ae484c20bb99b05cf585145b4658615cc5a97682bb10022580fe6d,94b847ed332708ccda57b896b4b6c73ace4a047f5657b8a8b10cfbacff6726ce,unchanged,True,
test4,e,rapid,dwvp,noise,0.0,15,5025bd3d00016573fe8d09d8ac06b95f8a479c02d79afb5c2334957a8bd907bc,58f0adc2c517da7387bc61685a4c7f0a8edcd9f3ce1a2386a604bbdf69d52f6e,unchanged,True,
test4,e,rapid,dwvp,noise,0.0,16,407d69e16bebf73a5d96edc1bf02d8390058bb1435f3540c0568362f4284d81a,cfc0f60fd400a500a934475f45a3190db5ba059fb2490d3ed570a00745f471b1,unchanged,True,
test4,e,rapid,dwvp,noise,0.0,17,d16347ded64bb5c72103d711c4bf458c3f8ee1c463b5b94764f9f86974697fd9,124c19786821760093ba187c633e415759a1c4fec2291194314d3f5c7ebc66e0,unchanged,True,
test4,e,rapid,dwvp,noise,0.0,18,6e45df0bb2ea7a9b27745b5d2b2ed1283bd1cbc55ed8ae47d17cfe0d3354791c,0848099d4f3b3cf905132efc4851e5488e2b8f630c628cb6326e0f468258a7ae,unchanged,True,
test4,e,rapid,dwvp,noise,0.0,19,61fefdf9aefc0c83cffb503d37a33433d2de63bf5fd8d72632783ce8afe0940b,bb1511ebe21af2d15662b231ef7c26ce298bb909e13cc2f542dedbb48aed12eb,unchanged,True,
test4,e,offset,dwpp,noise,0.002,0,b00dbf1ee5115fbf72e85553abccf68c6dcef2720dea874ab64d73f4a9501f11,d99387d07a95596bbd60f23ae383e928322502e10fb0efeca3d05e0092da39f9,unchanged,True,
test4,e,offset,dwpp,noise,0.002,1,fcf08fae83b9fcc304a77e25d84bd6f227e8624ffafebe87a15f364f4120e1fe,fbe1cfa60c8d9f12f9be3c46ca0f8615c068d1d61184108a68c963828a0b141c,unchanged,True,
test4,e,offset,dwpp,noise,0.002,2,a42a73ecd24a6362f6207de955386ccb7276ee37c4d2092cd005d570e7506fd3,ae72c3365f5126e90b0749d9909882c9b532da428fc97287cc80531a52e20fc4,unchanged,True,
test4,e,offset,dwpp,noise,0.002,3,ef709549043a8ca672cc6e4dfa1c802dcaab013d7e3bd5f46d1e67a798d04382,563b60900048315b19e1a36f8d86b57e8c5129c3d0eeb9371db5b407b4582264,unchanged,True,
test4,e,offset,dwpp,noise,0.002,4,26517aacb67bb4bd7ad40aee94b2a84b2d4d312ddef799761082db1b07b4fc71,c33b175fdc664307d1a62d59e34fe3ce768f0ec9f83c7efd77459b2850cdb939,unchanged,True,
test4,e,offset,dwpp,noise,0.002,5,8e52b5acc4dda5387a30d2cb621f4afbe6448f0e164a2f3a6d8b79607ed0ce39,1a775a9b5c3619e5adf02c4da8b9067c2e3aff89eea845bf7b9600c3a8806fa7,unchanged,True,
test4,e,offset,dwpp,noise,0.002,6,3ebf8b87a599a9e9877de7c06b4aa015eebb2aaa0c843800e9ba878336b64e2f,ec27033f069e38dfeee5e568f1b61be7792c9015278c1c0ec9a6b9038cd6dbc3,unchanged,True,
test4,e,offset,dwpp,noise,0.002,7,c1c7843fa81a38dda75bcf8348f7cba4f21e3c8462c6da174f5bb7f13e77d7ce,b8788426c50a7f23a9300ad857d117c5c5fddda57f232e98e1cf58b1d4688ed0,unchanged,True,
test4,e,offset,dwpp,noise,0.002,8,1122822a1013d26729920363e6a412d0b934f0e9a49dcfa2a377210f1cfbe22b,952e024e2b9b2f12e4d496c329e265e24d59a2d76afbdb1515376ccd92559866,unchanged,True,
test4,e,offset,dwpp,noise,0.002,9,5059bfd96160dbdc8f14108bdce4a73accc410db1187657ddac490d0dbdf439d,0b44ddc69bfbeeacf6a70a5e454dd8f614fb4b9541706bd742b3887cc274d41e,unchanged,True,
test4,e,offset,dwpp,noise,0.002,10,4a6a0559523ac2b73ba8c672a7b85ed056d4d8e54dfd2b32fcb986d55a5cfc78,4be61914e9927b91698499953f1aba4537b9278651413f6550478485fa5876a5,unchanged,True,
test4,e,offset,dwpp,noise,0.002,11,349f4a7b1a0ad318956e424a3e994b2a92346e623d22cd0ab32b0323b8d26a67,a54eaeaaedf330a41971ac7d51e88a2238fbbd1c38480aab2dc2bf90353f68c8,unchanged,True,
test4,e,offset,dwpp,noise,0.002,12,92622b633760dd877e6d9f35fb3083dca7a7117485b7484adf7e5bb94b892f5c,e27b34029830b206615af2686fcde6c76b95315a65bd50f6015c9a58c7cc2d47,unchanged,True,
test4,e,offset,dwpp,noise,0.002,13,7c03d8e53f6d7479f367c9639a56342724941c14566a4261a7ede896ef68b0d8,d419fd7baed4cb23c07dc1570ba26af48a4dfe7d69014d0fa613b1f4a076cdf0,unchanged,True,
test4,e,offset,dwpp,noise,0.002,14,f476e06a7ed26aef43e102e44a19bf7ebb2d2b85d5898add33778393d04ecc51,aa4cac33a47474a2462d22b2892c2d5d6736a170cdef0874b9cd34c705b4de2f,unchanged,True,
test4,e,offset,dwpp,noise,0.002,15,3801447897ab4071267ad2003a6d69181dd7e5d74d28d8c96e7af84a715b54aa,6b366a152b1eb6fe01994229016d4044e63016305d36940ea144a987e85b0753,unchanged,True,
test4,e,offset,dwpp,noise,0.002,16,d3cb5f83c4d3a1fce6e05804725f83c771992719cbaf861974443d7ddcaa9be9,0448531cdd6391a4180add42855e4c0c7aa613a513fcead1743de52fae1c64cc,unchanged,True,
test4,e,offset,dwpp,noise,0.002,17,4b2bfb2b7ccccca474433607621ed20cd0c556a1655cb3f43daa711cb1785b29,46178486e25a2a34b6a50eb729fc856b783ab67caf117364667c6fbd3966938d,unchanged,True,
test4,e,offset,dwpp,noise,0.002,18,ec574ea6bb9718cc164117b580d3b3958927e31e95decc85e69843acfc617d0a,448fed9259acee921c7098439950d83775dc391a42d21bca4665b14f0b23f1ca,unchanged,True,
test4,e,offset,dwpp,noise,0.002,19,e77480160dc4c932d2ff5d26ca9be5f736d3004728081ec87467a8bcb0fa9039,6dae90bd57470d88d30fc94df652b1bbf810e3d47b49b64c83e4667b1ae035f8,unchanged,True,
test4,e,offset,vp,noise,0.002,0,a0d8354a07fcc7558fe7d737fb1865dee69bb08b21acd5636fd5d026af049bc1,786f0742109333d5624fccb5c33cef2423ccb259bf8baa28c27dd7d77e5117ef,unchanged,True,
test4,e,offset,vp,noise,0.002,1,126ddd80e707b3d74c948455b9ea4ddea29b9741781a95c8fd77105edad527dd,2622689dcf5410074a4d32bc177b1643089e44bce13eadc8c1cec3c0f3aa11bc,unchanged,True,
test4,e,offset,vp,noise,0.002,2,afa8e5059129a8f620090c4aa479b7a95dd4f64bebc5cbde7e75ba8d35aa54f3,8b6c03855079145a9733ad80ba286723721fba508578895fde6137838ea030f9,unchanged,True,
test4,e,offset,vp,noise,0.002,3,71a12ee3da3961f4ed0488e3df56fefbd8a68ca858e72ddebaaaaa6722645223,e3218fda91f28a76405a8f790a6ea84b110dbdeefc86a7c313118bc1ec434294,unchanged,True,
test4,e,offset,vp,noise,0.002,4,eb9c385bf488cbe6efd6bddf925064243af64836a18e1d6099eb72e46c4a0964,502a9e4429b1d276a4b88c02e8ed69cee8f7ae96d654b861769e1cf9d86bb3bf,unchanged,True,
test4,e,offset,vp,noise,0.002,5,98a0ab2a46b532a3242d970d151e0980a2db8ff1bc2c4354463fef4f1a4c8ea3,a4dfd614653ea5f8dc98fb652abfc33db73cb636e4c3dc562942d7e95e90c5da,unchanged,True,
test4,e,offset,vp,noise,0.002,6,1b4bdbf3e7d94e1202b13cf54fa51a757f8355cae0d7d7678b9b906a6aeb68da,9da762ca576d57ec8da75086abeb8d9bace2117e9ea41ee956fc4ecfd0d17963,unchanged,True,
test4,e,offset,vp,noise,0.002,7,0abe068f365ff0fecf5ca07dcaae692e28bb88b1991ed00a8ec085f3aa6957b3,3f4fdfddb1993fa6b7ba7f6852a7fe0304c8fc2b1a8066071f2dfc57e2455ef9,unchanged,True,
test4,e,offset,vp,noise,0.002,8,c1f505e00d4a60dfe979573a6643c17ca503f7224876870a34ff0e71e8e14645,a59d5ccf72e4e5d7b654d97008fdd24993a587e2824b5086c221e186dfd30757,unchanged,True,
test4,e,offset,vp,noise,0.002,9,8c6c6804c63edf0d58633b6597c9648da18adeec6afca6419d14a749d5fa1813,c2c18f047503c20ad9a8b32c0b3956bc0a2ea3f57cdda40be1a35a80e58fa3cb,unchanged,True,
test4,e,offset,vp,noise,0.002,10,20ee8cbdfc63ac9162b384ca1cfba47ac34be68be5ba652ce38e93f09ee3cd4c,dc6fd36ffe85ae6ceebfaf906bd8b1e5f6138f9b1ef9f343798fbf360e8f9ee2,unchanged,True,
test4,e,offset,vp,noise,0.002,11,d4c463c1adf0bd17d98cd561ebd39ef10b558a142bd3f59aeb85b7d99d8c3d1d,45227638bbf2afa5e37a8745ac914e503e7aead5d254a89c789f30581e43a56c,unchanged,True,
test4,e,offset,vp,noise,0.002,12,737caf193b76f4bd4a763616b11e920f02b3dcdd2aab6dffeb4940ce6eea444e,d05fb57bf8f5d97645f8678ee9471c6f7216d8e8ef5c8aba0b96f614770414b9,unchanged,True,
test4,e,offset,vp,noise,0.002,13,77f73e54904b8c8d8b53b45ade4c392b2d06d725e022e40897ca9c1660fa6dc8,62f6cb635dcf85413402e97ad7de0a5950831c8e759e9a93b63ba28bf6be2697,unchanged,True,
test4,e,offset,vp,noise,0.002,14,536b6f685f9890eeabd23b024c9004eba4b304892dc9a705dfcc0fcff324d542,f042fa0a7ef7704fae4b324df6dc3e001b6662445e5bf6c8e5c185ae6decf9a1,unchanged,True,
test4,e,offset,vp,noise,0.002,15,a1e60020a9aa5f8b2cc63cd2565911cf07c6af9cc07ffbdb5324380beeaa6fb4,a0004d7addc222ee03495eb0aafc14e1d3663d70bdf445076ea4604cbe0c71b6,unchanged,True,
test4,e,offset,vp,noise,0.002,16,61f3ac41ab9079c108492b1d773f2cbf2d155f4953549653fcf2bac278324b22,53d9aea9b128d007bceac301fafc23093715c6b81fadd0419512a6c1faf8fa20,unchanged,True,
test4,e,offset,vp,noise,0.002,17,edb523c1b567796fa6b6c1bfe28c9c5a6740156222f12116bbcbd21fc1c86991,3e5897db76e36cb0b81fe114f71b281522b4de04470d5566033dc6d5abc01ea5,unchanged,True,
test4,e,offset,vp,noise,0.002,18,6b1ed2c8f829d40d11cd7261ba8dd73c5d7296093caaf10f11d5e3ded5a71c80,4f624074975aeefc161455c871fe1cf4994a3ab76cdd90f72a1912e596b802b7,unchanged,True,
test4,e,offset,vp,noise,0.002,19,554a728dff04a3ff64429c63df30871de53f88dfe05037d45bd2ee6889f1a98c,bc668c9b3c56a8238be1238db08a7af9217bd13ffbb6ceed2b54f29f6bfd04f9,unchanged,True,
test4,e,offset,vp_scaled,noise,0.002,0,f233bc6792b56915d0cd6b7f88ae32f8cdc117a559ad4527fc1b44ade752008c,b71c94361e07edd518e778d637509dee288b8928bd01458baacfef4725199769,unchanged,True,
test4,e,offset,vp_scaled,noise,0.002,1,46842f8af69f4fc5daa7695f8b2958867de70ed026e7083987ca71b571f0390e,d8f25d30f4bcac91723335246d138f9b7fffb7f3365909abe1de2e7ab3cb5602,unchanged,True,
test4,e,offset,vp_scaled,noise,0.002,2,919c6e10ccda3822053d2ad5b4836d54905505c1cf23371b0f99212dfcee7119,e11b9635ff2b8c20da8ed61b58a44c9b59675c6c247e30cd53fd4093be20a295,unchanged,True,
test4,e,offset,vp_scaled,noise,0.002,3,2c22f65b7b21758b2883b31942e450c833748776218eddc0cec599994bfed4f0,abea3121933df568c7b074e05a5a1a2402994235fe9a3cd9c7660bae9d5b8909,unchanged,True,
test4,e,offset,vp_scaled,noise,0.002,4,aba9f523dc827c582a9e8b5fc3a500590be90379accb4aa0410ab6bc6b2f3eb1,4064c2bf790d36db5d1715438289f3273d5fe5569ddf7bd8d540926bcfd199ac,unchanged,True,
test4,e,offset,vp_scaled,noise,0.002,5,db8a44aaff544a0af7e6665e0488d031ab7bc3026f56286c056ba513ebd88ce7,9f7a578e85d51e0b2377b0a72c1a47ccb608d66bb153790d9ffc31cc7a13cedc,unchanged,True,
test4,e,offset,vp_scaled,noise,0.002,6,2bbfa29718f9ad97bd6c146fd7c85cfcebe7d9cfd968a45278a3c355fa9de8bf,ab40a4b5cc5068fcfb4db0c7cdd8bfbbdd0b3645fcbed4ea676d6e6958b9df29,unchanged,True,
test4,e,offset,vp_scaled,noise,0.002,7,d30bcada273623c513452253f36589942d3b4c10ee252a9f1ba67098f3fe1cf2,092858bb46799b9464a06006aa4715452a7ad995e0963c09fa2fa4ab422dda0b,unchanged,True,
test4,e,offset,vp_scaled,noise,0.002,8,713555a27193feffe8c4fbee13d8bbb01eff9b70cffc6e7834c61974b3fa7b1e,bf49b29a9b060fb5783ff01bb789a69df191892562410be0bdd58850dd6d4ab5,unchanged,True,
test4,e,offset,vp_scaled,noise,0.002,9,43c9c485c9a62313901ed0342421b7387ea38b4621d86062f7cd1f8a53504b3b,bace12edacd55b9933714969c70ae13b5fc6f8a5b5dc32261b761a45d1b8954f,unchanged,True,
test4,e,offset,vp_scaled,noise,0.002,10,2454b06ce09592bbb0b4119e467ca3e13e1755aa04d1e937cf4aa949c71f402c,bec4842f58cdec25fa3ba00ab3949a203877ae68216f96d35972dac9106a7b0e,unchanged,True,
test4,e,offset,vp_scaled,noise,0.002,11,fb45344a2884eeb45ed378622ed3b82eb985738ac0a8355eb83f11eb611811b8,ced5633b410398672ab998ee0b2ef706689f040f4ff2855b48573ab621c525e8,unchanged,True,
test4,e,offset,vp_scaled,noise,0.002,12,b2885e5109456b00617ff605dcfe822a6369013aafa407ab5d1bf327b25d7cec,622b46e82c0ecd58291c1327551e1a75c85ca64e321217bb609e5199e59e40f8,unchanged,True,
test4,e,offset,vp_scaled,noise,0.002,13,379425d7a20faf3c4a9599cc468602f6fa3ab923b464621f5651469ff0d14d9f,32171965cf704c69bc64908e598abb60c5af0d6d47521e0003c8c5f8d980d423,unchanged,True,
test4,e,offset,vp_scaled,noise,0.002,14,ffce9174c54e1c066ffa3ed809e3ac16c9129b3f8b2c56910f00cba6f7abc992,f517d217cafa4a57ae86a89367c992d4b4b0ce64c3be6377edbd61ec1977d7f5,unchanged,True,
test4,e,offset,vp_scaled,noise,0.002,15,7d4bb3dab411c5b1249deeec7bc7fabe602869987c23c98ef5c0d5c944bca50c,12039329cf9a4d36988af3db595993bddc2fbf2dd0658e66251732fc9c43e6df,unchanged,True,
test4,e,offset,vp_scaled,noise,0.002,16,66787bcf76b2964ce6f19cbc067c447a3f18d195d45fffc0ee5405fe31df92dd,373e0f5049a80c15fcee9c15375464cf5416dcfb051489e3f57e4f038e3005cd,unchanged,True,
test4,e,offset,vp_scaled,noise,0.002,17,b8342a68d74b5c671c3dafb73d9246b5571decb5a7334f83775a3ec101bb4a8e,2be4ee21f161217afbf1a255d2c08dfd39ae7784b2482f4086791ccd9f3b0a58,unchanged,True,
test4,e,offset,vp_scaled,noise,0.002,18,1ba7ba1447b285591cc9e3f67825a91367cabdae21c34d1a076c3f28bf9aca65,3b79073d6e46e9745bdd2352902862bcfc511b6245f80a82adf430466cfa0e5c,unchanged,True,
test4,e,offset,vp_scaled,noise,0.002,19,04c24d1ae1dfb25286cb0d5c2364c166a2a219f9a8c97a52aa9da742bfeaede7,c5f8f3f81c535f1b9948fed963507eb7f4b803c21d1ac648e20f5a5834f39a75,unchanged,True,
test4,e,offset,dwvp,noise,0.002,0,b6bba5a2c5e9c8f8cd5282fa2f73cede0e85db41c51e53e08770a118b4fef881,c34759382bbe9876bbb5ba68700633560db076711f7d14e25be8f53d5428183b,unchanged,True,
test4,e,offset,dwvp,noise,0.002,1,93fcef7fa72a0bc8cdb282f272e06b0db89ad53809df92cf5dfcf21d40720fb0,682470114f860dcfdea6bfbf50b4d382436a13f2b3171728c43f22ba4b6f8fab,unchanged,True,
test4,e,offset,dwvp,noise,0.002,2,88395546871b67e79292d7dfced1a21bea381dbe9b1a6e0ce1f87b319fe93817,9389896a8d71f017766510269bec664c1ea55abe0f989297f59d35f903d92d02,unchanged,True,
test4,e,offset,dwvp,noise,0.002,3,ad0cf926651e4369f5cef6eba1fbdf532d986c47ce6647088eb4455ca422df20,d81d8712126e3b34e3118caeac09eab1f446b74bca8b25fbfcba683fd6a8687e,unchanged,True,
test4,e,offset,dwvp,noise,0.002,4,87be97d36ad696ef103332662c4fba59a94d2965ec74bb4218a991694387abab,e4553335a25b99805c8abdc21d35277b18669989d3371011cadbc6c461889418,unchanged,True,
test4,e,offset,dwvp,noise,0.002,5,3ec4fd736d504f9985c6819b29c9b99c38aa71770a311b2e5ab7673e0e51a90b,381d54bac48456a551e8eaa90e3ddd0bafb90427f517844e50ceebf4f422dde1,unchanged,True,
test4,e,offset,dwvp,noise,0.002,6,3a424b827e3a4914c72f490bac1427cd3962fceaae6b2fa737ac274f371f3638,27873e2d8718afdd5d7b42389cd18fb0033a8f930c5714a7b219e0dbebf0d475,unchanged,True,
test4,e,offset,dwvp,noise,0.002,7,6cbdade94deb0388728f02995e1d048eb0b4ba332e87ac71ecefce5d1d92f369,e83fd3314ff480dcac04310f9d52a284f22e7cd2e3ffd9286c6e3086746b3a34,unchanged,True,
test4,e,offset,dwvp,noise,0.002,8,91431f8ed2faa57f90d5c98fbcc207163c34e63c81fe3922030e78b006cfe4cf,98fb9494bc5afd081d5b4d180b1b96af181ec99787c1307e52f6b3cafbf9735a,unchanged,True,
test4,e,offset,dwvp,noise,0.002,9,2fd46044a7404244c6d8337b2a40ccdfe64c1ad6d5d6af03fc783240cb9dee79,a97acdab3562746a5304da8ba58fe341851dad896fe5f8549e7e98c0cf0b78dd,unchanged,True,
test4,e,offset,dwvp,noise,0.002,10,41f615e9127a29a28ef43e828b63a4cdeba0fbc38d0c3e43b17523355b651b22,fee6eb33262dcc5a01f70a0c1ebcbdb6286b39195cb5f0066e9b2f7120de7ed0,unchanged,True,
test4,e,offset,dwvp,noise,0.002,11,a72f54fb930a592bb31893666942da2bed43dba5726b1954ede27053a6a507f1,2bd9731e4a3b61e8e4d0fcfbe85efca7c5a5682b462e3244fc3618a4f8136fbb,unchanged,True,
test4,e,offset,dwvp,noise,0.002,12,f4571c5f431c27e8f26db3f1119c5e35945aa8d71c90ac11dba55bb2f230164f,176d9905ba79c95944b8d947ba105b84daeaf44e7c8d51964fa89ded74d9484f,unchanged,True,
test4,e,offset,dwvp,noise,0.002,13,dc3b8736b93d54db2eed7e9f657ae2d8d367e21008bd9b54e5a2520f37e26ae4,094203beb7e58da4b276d89b6e8d9eb8f245fc86fe5757b00e202e19a7d95b1f,unchanged,True,
test4,e,offset,dwvp,noise,0.002,14,1d1ea674202e8d0d57a24d043a94bd7214d3ce6a65d7b008bb045345327d3d74,00acc9f410dc1c831f96df9378b3ba94990877b8d4f65daa003edbee0913f786,unchanged,True,
test4,e,offset,dwvp,noise,0.002,15,485dce0dfc1a2acb86567233dc068d72dee056a44da9910cfbf46575030c6383,aac0b417910fddee7593a1377e25ccff32218d3512bf3414ec0d724702ef0239,unchanged,True,
test4,e,offset,dwvp,noise,0.002,16,762843a790663e676708145a704c6c9ed222c16a1f07fc64b84514cf23d410da,0cf371c1adadacd4dd2aa4dd78c24b0af5f2972e46449473d7e1bdf890b75154,unchanged,True,
test4,e,offset,dwvp,noise,0.002,17,6db1851772a6e6f35bbb96dfc7f1613efe0dce14e072df97def750792916b6d5,f8f81d920fd3010a37cfb37df3324ab4a006572ac5efee1518be0508ebc6e7f0,unchanged,True,
test4,e,offset,dwvp,noise,0.002,18,d69d53bc53b7d4cf0cb6f901f727e299a15d191aec8649035e000437408ca279,8a0d66f5367df74a357abb8d2f8ed65d8862099ea159773d1d4262c30c50c4b3,unchanged,True,
test4,e,offset,dwvp,noise,0.002,19,e16098560f2965f6801da43307254f0219224e7e1651d5c2231662fced243abb,c543be7b816f7fe0819ab0da7e2c07b5214ae80e98eed69028b35e66df3aa916,unchanged,True,
test4,e,gradual,vp,noise,0.002,0,ae07919626f278ec3d68aacd046ee25e1542f1cd87284e5a01bd35f9ae83bdf1,ee029a5764560b3ac09c14e9e6a4176d75a2a85a5453377708db8155984dfe7f,unchanged,True,
test4,e,gradual,vp,noise,0.002,1,16bcf03f59a390cb845be7d96a77a497133c36e2ef73e738d7c513b673469662,356302a8e87297378dd7455147ea18c1ae9413bbe5e8ebba182928b073199f1c,unchanged,True,
test4,e,gradual,vp,noise,0.002,2,2d752ecda0f0e01f2342e7ed7dc9c444ef58465735b4b4975600d8d1747a6260,e069658ff3497fbbc30f490c2ee053a5e7cd622d28d050f1cc3bf5d3eb352435,unchanged,True,
test4,e,gradual,vp,noise,0.002,3,3607794c453f7db51f9d87e20cc6e862567c8870973e59e66edc049ea44b74aa,4ff47a0b10ea50927ee343f871b0282a2352956e4e658ffedab0a1ef720626a1,unchanged,True,
test4,e,gradual,vp,noise,0.002,4,fbef73e4460eae381b156c7846072243f2c94acb7002bf448dce6e6e9bd89d86,61a10102c25e2a5c1def8f13c5bf9dbbbc40b6a27658c8cb8ac6e15f1bb4720c,unchanged,True,
test4,e,gradual,vp,noise,0.002,5,78c859980b7fd283520507735d742f91cd46a504908fa01659c2658e46a75a6d,71e65354c38aebd9b602e3d1d96ee6cd36d0aa9b573add72f7f8c29357d95a7a,unchanged,True,
test4,e,gradual,vp,noise,0.002,6,6c20eada297a455daa71c62c92a815dbfa515c3d7ed3db1cc5663c0bbc36698b,3496f338c150cdd229827ccb7858a68f954ccb672dfa4a4814389e66bd401a5c,unchanged,True,
test4,e,gradual,vp,noise,0.002,7,f46f5505c42e0b54a2c5a6a34bf47770292565cad3d23870cf10f4bd6715ddd4,ff6689616c34a6f99da0814bec5d9b633bd80a84878269b0b606f1b6d1c40bf9,unchanged,True,
test4,e,gradual,vp,noise,0.002,8,81ed9d8738dd8eed46298f49e4d08873fcb7a1f9eda5fe5f8a3d7ada509e6da7,d354fcaf20a229f8e008d3b4d40d4d5747136c405b8ed23e7d9c98953c754472,unchanged,True,
test4,e,gradual,vp,noise,0.002,9,5190ede47b91ad3816fc0c436686c02d85d9d4ca89ef40c7e806e3fff84d2bf9,553dc241d3762cbbd98f5a33e0a40eaa1ebedde72cb18f25c9a15bd2f28cf07e,unchanged,True,
test4,e,gradual,vp,noise,0.002,10,899b33178263f52ecfd39b7e416c19708a0b32ae6af7f5c33c5763187ae6e2e6,9d1d5d2e2587ad909ca99e67370bb37611d74d196d35f99d936638d8c6f3a0d3,unchanged,True,
test4,e,gradual,vp,noise,0.002,11,f4ed1313e0789daf10ead143882e0a0e4d566ed6f7c84c5fb340160cbb2455fd,94bb0ff0ec784a90add44d06a5cba4313b66fb1144d844b369f2458ea9fb139f,unchanged,True,
test4,e,gradual,vp,noise,0.002,12,d0235d0fba584d5fe1153bb9c3173f16bd6c82b942015fd138d5a4c8f709dd75,ca950a1f9c9e7c0af329ae8e6596b8cfcd06a14e314c5c2d282d9eb21ae67230,unchanged,True,
test4,e,gradual,vp,noise,0.002,13,df897a275f9923cad404001d572b44bcec2aaf50cd3b8d66eb0a10e5d98e85c6,f4bda5b728fb726d5729b185b0a2ccfbda4cad46a6c2a9356448598cacd41a4b,unchanged,True,
test4,e,gradual,vp,noise,0.002,14,e46a53661a0ba2b598438a65d212c2b1c78d8e21439252b44583ca258808c85d,4d53f6391a964cdd5e5d3b346846d22a03ac1c3e45ab3b04ebabc9f7bc7d0f90,unchanged,True,
test4,e,gradual,vp,noise,0.002,15,4e44ae950c2f41d529dc0014fe610544340b92247fc63f80f99dabece129e39c,66187d65ae4be5af84cbb202e74f97f1310802472bc86b95fef1113102fca3b0,unchanged,True,
test4,e,gradual,vp,noise,0.002,16,4e718d8fceed2b05447847c9e7740a3aa6b7e8d56ed739a1f0ddbe9e18966695,6139fc1b1656f551908af10ab32aaa9177b2d08f2a3f3cf7485d392fb19b4bc5,unchanged,True,
test4,e,gradual,vp,noise,0.002,17,c46860fdd5e250aa5546bb5a306bf5c69b45f5442ac149652e502ce6bf091d62,10deb3fc4c5b12f022c2fc0f11cb6156e78a31e03574f99b20572807173ddc82,unchanged,True,
test4,e,gradual,vp,noise,0.002,18,02da803aa2dfca93ac52bd1f5a74827e36612bf501264e728bbe78ea4a7299ff,944840d9ad60ba9eecc0118f8afe7c7bccf726b6fa5605136f94ca050d569f54,unchanged,True,
test4,e,gradual,vp,noise,0.002,19,a05b4828560a5accd75a8c5481b54ff6d777813f5a728c974987dfb4fec00f51,4c56e433c9dcad0fb4a004d1b3be4828d31f7498c8618b5fdb7b50d87b585772,unchanged,True,
test4,e,gradual,vp_scaled,noise,0.002,0,632726381f4fe8c49d76cda5d106caf792b1798e2a9a62ee110889287ca604ab,dd964bc61c19661c76cee7d08a36594e07175027e16c67d6424ac07e3e100946,unchanged,True,
test4,e,gradual,vp_scaled,noise,0.002,1,3e17569babe8ff002bf4b0b28962fc48b1b2dc67168fa3b0d7f9c0d898ed3849,51e3553561ee6fe3a18b452225f660e2c286f13a41c2de27002eb7b22b7f80bf,unchanged,True,
test4,e,gradual,vp_scaled,noise,0.002,2,42802c5fe7a8cc60397a3da09e516675740cd039c260505be9a428597ec8c250,63f8888c37ffd3e0edd3dc0a4ada37b43e73c8485a0df4785b9d733e4c8e3391,unchanged,True,
test4,e,gradual,vp_scaled,noise,0.002,3,8173290b124c4c07af17ab5e7e82b0edf3ffa3264d53a2acef56d7be7616fb0d,1bf92e697731cab68bcfd36bb6bf2883a0241a27355d0ef7e87d804a9fa14f52,unchanged,True,
test4,e,gradual,vp_scaled,noise,0.002,4,bb7b3e56d267b292820685f49d7ee4201a9dc0e7f004afbccc964032fb4c0253,b9008aede00c3f9f604267cc149254c493619a04692220b9142db35ad900e3cc,unchanged,True,
test4,e,gradual,vp_scaled,noise,0.002,5,9a761625e7d168e7d059aa3dfeff318cabb8c609c69fa50dab6d22ca0ec0703f,673e13debc4d6eaa440af92758183e82bca82084c335e23e0cf3651f629fed3b,unchanged,True,
test4,e,gradual,vp_scaled,noise,0.002,6,e033f003c0a1712ead09d822db3823b4df26792133c75a83cf293c68293a6939,432c1b3fe16a5f58c70cca089dfe357123b8c65e511d881480e321ea0a3b911f,unchanged,True,
test4,e,gradual,vp_scaled,noise,0.002,7,ec13a71b51abc7cf6066ee0c6dca6c05814a6a8ddd8f8382cf89a1fa91bc93f6,a4ed16a6c1c298af9ca6173600052f83fbfae6df0a1cbb101b7cd2f14ba2b4bf,unchanged,True,
test4,e,gradual,vp_scaled,noise,0.002,8,b7238310ae07fc99016a2828cb9789a7e9660e52bfa1e676c9255a9a380a543e,80ac72ca1ca8461d6cfdba10fb7314b95104b1163a8a86f9f273a4e8e610be97,unchanged,True,
test4,e,gradual,vp_scaled,noise,0.002,9,0533b22fa7f38fda7ac19c2d6960a2e4cb805a78951e5aa7c41b7d8676580444,69982931284de8f40b600406d36a22bba5c86ff9d4613ee16cfb6648f1137c73,unchanged,True,
test4,e,gradual,vp_scaled,noise,0.002,10,722e7c6884d9725175867a0dfbac41fb449c3c7155f0e5bc3904c1407de3f168,235444f748a83568fb1e565cb25f554b488f487e0b586e32166d9b90fb7d23b4,unchanged,True,
test4,e,gradual,vp_scaled,noise,0.002,11,c13276693974522c1c439ce58c1e9ec43e6c2cc473b377957f8fc0d9588a06dc,c091a2d54747dd24642ff8e662cf83768489b681e92f1d7cdfd8484adf333069,unchanged,True,
test4,e,gradual,vp_scaled,noise,0.002,12,c3dc630cd076ff2c91926bda2459d5bbe3b83523f2dbb5de69dae64326759e25,dcbf355b426edc45c987589e4384af9e657473090cbce738daa92d7498de5742,unchanged,True,
test4,e,gradual,vp_scaled,noise,0.002,13,f59dcff767d6e04f33894747fbb6205961b0b81313603fd21010843d9193f6e5,658230f135ecbb9e960e5fde3bf669e407e53e3ff97fe66d0ed9e9617bb11829,unchanged,True,
test4,e,gradual,vp_scaled,noise,0.002,14,824c286ab90d79af4d7cc4eaff1045cf157cf55b2cf7d1c9d3d28909782689cf,53f664a08e6e2d62d7471594618bf1b962e1d3d58bd6fab4ac0b639f8064c4fb,unchanged,True,
test4,e,gradual,vp_scaled,noise,0.002,15,2cf6f394e7194a698f0fa2d00d68b576c67307fa7d8af402c0daa6dbbf078312,4a711c3dff8c97c023f4563b220e6cf87556c6c84542faed86ecf43669ac0556,unchanged,True,
test4,e,gradual,vp_scaled,noise,0.002,16,ec155fc56aa28ef4912fcb81f20d2078f09816f64895afc9e2ebe044b1f53244,965f9eb03434b9501e0f79ae32b562e48a4735b9f13cb93a9bd550b18ee78dd7,unchanged,True,
test4,e,gradual,vp_scaled,noise,0.002,17,2e9894a14fd37ff086addea7184ce2469d7feec7e7c0e9a8ea8c1403f2b739b1,0d84c2d97e17907fc0d9dc145136e1618aef7efa5e9bfc34fd0fb54535822ace,unchanged,True,
test4,e,gradual,vp_scaled,noise,0.002,18,d861a429bd32a58639382b1754908a8a095896d67fdeb97d94053e4e32765de7,5bf2077c4a718a0be2034eb937bd04de84816d448c595decf32dd72efbc2c651,unchanged,True,
test4,e,gradual,vp_scaled,noise,0.002,19,c50f8147faab36f0d0cb2113919ad58d6e9608ba778fe19252a1aaf3a3da1c1c,75562c70d0b2410eeee1f9ed06e90d558dbaacf7f0162f5c4b6abea150379c20,unchanged,True,
test4,e,gradual,dwvp,noise,0.002,0,4b53e1fea9ac8de391318034a1bfd0df0e6b0c8ef89f9498a3b54349736b0ecb,0cf9377c25719948762b6ac43199bf31ec3ecbd8420aec4c403b85390e03c512,unchanged,True,
test4,e,gradual,dwvp,noise,0.002,1,1417f2bbc6fcb5d0e748376564f4b8f5ae04b7936e38ce42d989fbcb8df9d9cc,238978e553eebe4ddf05bb23c17c94ad8c7cc2c3aef8a0f7c9bc5f1c8d4635e3,unchanged,True,
test4,e,gradual,dwvp,noise,0.002,2,b6968aef4729cadf1e504d469f43c49669e5cc5171b2a0292634183a715aa604,66da92d66f4496988e6d61483707793bdba25c0f7b371dd289e57767dd380909,unchanged,True,
test4,e,gradual,dwvp,noise,0.002,3,ba8de56e541c5664736bd9b478a00ae88df1e7842f04c74a9090195a0265eada,67ef1571c612fb6e12ac794027759a575faa66a14cdbd8f7de69e394b9d0d30b,unchanged,True,
test4,e,gradual,dwvp,noise,0.002,4,8a0e0053e8ff6eb5e129412b3f9c6f92728c8f470ba555b2877b0b0b8fcf6e8e,577f1edb9f2f2acdc3d23a98702b5cce86dce022afd4255560159412da2d1d75,unchanged,True,
test4,e,gradual,dwvp,noise,0.002,5,a910ad24c1034f9b1b688c4189a39788d75e11afd40ef94d97dd209fc650ea16,b2dd8db9cac4e8645d373aa1191255c4363e426fd579797fbcf5bdc18422b164,unchanged,True,
test4,e,gradual,dwvp,noise,0.002,6,033ae6fc66ccbe3e69bcb1e1f4cffc30a44b4d847d259440db2075b1505aa43a,1d78fa508379632f71dfed6f414e6a75e3ed50a6d3c8637f90fe9dceda427ebf,unchanged,True,
test4,e,gradual,dwvp,noise,0.002,7,4daeee0f3679616e0330dad4171e481fcf40a296fff3b5b93f5040b4b872e0ce,29ceaa50084e1f2e87a71e3cfd0e64b550c4bcda2a41b987ea37c3ddbf52dae8,unchanged,True,
test4,e,gradual,dwvp,noise,0.002,8,7fe0d502e1c9fb2a84090957558bedb2af5041b1b5292dc19ba191c58aaf0869,41925631d2970c9632f3445286e58d1e25f9845e2e2c20ad72772dd7c9a76478,unchanged,True,
test4,e,gradual,dwvp,noise,0.002,9,aa43cf1603bc9e8adcb37e478152ceb0a78b839278ff93453a7447f4978e52d1,0b4bedec6b47943a0893e5a612d1ef6851747c18fe84604b836b7044dd7c6da2,unchanged,True,
test4,e,gradual,dwvp,noise,0.002,10,d2c06e754c48355b07f9060a9d6f2921aa4ed588f98e3e1d27e5fc2ee5a1b76b,c2290a54fb0a2c89529ddc393d03ad165831b7edc6c069b24b866b5c2943edf1,unchanged,True,
test4,e,gradual,dwvp,noise,0.002,11,3d55cc053821ec4c182c1917301dba353a115f10cebb801db16f05d124c74605,397a7d5bd6acb121aaa5a00fa03fa5d396ec965c4584bbb2f121c9dab269a38e,unchanged,True,
test4,e,gradual,dwvp,noise,0.002,12,bfb787570106a15ab176721c2e232ae5fb6255438c8f490b0dbf5e39264eb7e6,730d80363d738eb9017a416e0c8f05c84a5bc3458e694c414ab81f4387d6b3a8,unchanged,True,
test4,e,gradual,dwvp,noise,0.002,13,965814e7b181b8946d4709e3c9983bca6c889d0fe0311cdc37cb84fbc9885e1f,6a209d6081bf88af4de3c279548cd209a67998ed68260d5096ef93ece7e6be1e,unchanged,True,
test4,e,gradual,dwvp,noise,0.002,14,44ba47f073058ca1181f81405c13ed3186354f43a929f535087e2bc15c1411c2,8f039d1837c31969176f1d1e0b987787b7da6bc736bf59b617c8dfb7018cf6cc,unchanged,True,
test4,e,gradual,dwvp,noise,0.002,15,3d4004f2996d9135a1cabecb81aa0b0aac15a7f7676308c0b7fe2d466a9e373d,53fce6fbd0eaef33d1c8a7a860f93d1ec6fbfcd092e4a5d818c59d8285a2d19b,unchanged,True,
test4,e,gradual,dwvp,noise,0.002,16,a2b92e3ca7603d9342a7e06dfce3d0f9ce993d7f73922278a60dcad376dfe743,32891b28e96ca20ffe489c5bb0438acd7fb6ddc962d10e4f4dd2f2dd35d6f2b5,unchanged,True,
test4,e,gradual,dwvp,noise,0.002,17,39021bfa9e6bf4f2dc281f074aee5071896ea29939a19d3f6523d79f1fa7a083,894c3f1da6f08a16e0555655e671bf72518216bb192106501c0dc553f5b036d7,unchanged,True,
test4,e,gradual,dwvp,noise,0.002,18,25fd12f73c21334c7ecf74ca92adcb42a9d2334b9fa863575215d03c40597710,149b1c94fe1dc2d516a36059f8b5e9effb9c1aa3c2c991e7764c0c63ab117d79,unchanged,True,
test4,e,gradual,dwvp,noise,0.002,19,27ee9f81aa136f4f9296bd4fbfd67f017fc3b0ee90dee2291838063452f1c1fa,d946f78f69a2b20d91ae3545e8ffbcda22bb609ed9951856f978a585fbcb05ed,unchanged,True,
test4,e,rapid,vp,noise,0.002,0,108ffd17c61a676f16a3474c68d26162de7df746ec6cbe590e5f37e4bcdae9c3,347a4c6be52422986d740d2fb283a998e4a1717111cef3a3e75bc411bc3ccec9,unchanged,True,
test4,e,rapid,vp,noise,0.002,1,c8396f8c338349fb526e5d23029ad88e259dcee4624d73fe0574d5a8d7298475,a85311e77eab27afdc2b92e4ba47cd5856e8bb2ec88490be7987018cbdd0dcc7,unchanged,True,
test4,e,rapid,vp,noise,0.002,2,4ff7e7a13e9c22480da32cf03f6b9d6449d99b39f874ee8c4834aa76b30b319e,a24d02a251658df8c21af95b8891b8da861df76bf9b794535477b25df196e118,unchanged,True,
test4,e,rapid,vp,noise,0.002,3,4f98a0ba9a8d9fc0b20d1e852e3bc4d3cedb096650aa8e8604b9bbcb1d7bf60d,e1071c5aea8bc64f54e795e5edf99166306ada5ecf3ec230ab380421f2e905bb,unchanged,True,
test4,e,rapid,vp,noise,0.002,4,ef585d5164220b4e4d5a12d80f377160b1e53073cb5197a87ae766e203b66742,5a9b863a843908e2f65cdba253b8dd31779b540c3ffddb81761e898d1111aebf,unchanged,True,
test4,e,rapid,vp,noise,0.002,5,35c1c4e9848f77296ca361859a68e21aa045dcb58cb8e020ae9b780412fb0fad,b1192f80dcb1ba2eda28e0bb21cb94ef3968502fe902432198e63184eb26953b,unchanged,True,
test4,e,rapid,vp,noise,0.002,6,1a3faa47587811d71745e91b449a12ed616d897e52db29c9ea3d0eeab988e573,7a4e61189b5ba038d87a2a1e4ec6fe59e7ef567341657a25e895913355eb6486,unchanged,True,
test4,e,rapid,vp,noise,0.002,7,4318312468306660bc652ea619c6b63e14928a047d6400af3696f653e26ad8a8,481c05c43f94496031c44c57bb53e50ca32d7a1ee9ac3a079bf5d127c4e07895,unchanged,True,
test4,e,rapid,vp,noise,0.002,8,69ce9ba670c1dbe763e95a1e7ebc5f2dc0b602d46912016fce6f0271fe8a09d8,d7e7bd430aa1e2989c2428c79350ec414b69de30323d44fd6fff50ed3fabb44a,unchanged,True,
test4,e,rapid,vp,noise,0.002,9,467c0d1b64ecc5dd9a36a2685c61388a33823627b8cd711701121aa9b880ba5e,b1ec34c6a6c867e96ee596c65c6284621964aac22eadfc4c14cd967ebc5d7ae5,unchanged,True,
test4,e,rapid,vp,noise,0.002,10,b637e967a93d0699f04e012b43751d52255164464cbabe8fdf9492af1c179596,5d442c8f33cf0b658bba4de9fc7600b8738fd5105adc5dfe5b5ba539df9e3a47,unchanged,True,
test4,e,rapid,vp,noise,0.002,11,22b3be0dbe1851e2357a2869acb20b81ede5a2431f373a19f35f8736a237caf8,0ed249cafb55f1ee51776f26bb19e8d8eb2fabafb810efe5741c7367dca08354,unchanged,True,
test4,e,rapid,vp,noise,0.002,12,5543a752fedb67fbff88c4e97474af17d6c59204f169d5366dd75d23b7182ad0,51e28bd2c64523338e502018fe171b411a314a94b70e9fd7f9955d4d6916849c,unchanged,True,
test4,e,rapid,vp,noise,0.002,13,8f25a04e37210a88cc4993d9b892fb3ed0f6449108c84e14c08837839bc3b939,cdf430465c6135c86eeed49bcab78a6ba280056c200b8c297d48dc5647c945e1,unchanged,True,
test4,e,rapid,vp,noise,0.002,14,b78007e45aaff1e4712b2cb1bf8fd35e2d1e3c6ebde626b3242a6a61af775a48,d26e2e83fed4854c506ca42e2c67371d7f0abf455199d4ff0916338453561cf4,unchanged,True,
test4,e,rapid,vp,noise,0.002,15,625cc40702d69ad88a1a246eaddbb5e1a3db8277c4e1af42d8a3bfb569b31044,812d4fb81df54b9a0cd1e6c7c930b255baf6192badb6d6d0f9dfa60ed884bcaa,unchanged,True,
test4,e,rapid,vp,noise,0.002,16,2b4584bf7b52612e90e0a7c38bbc52d7760aff3262d0bf38a8c4f8cf1686c30f,fe1f2270ddc6aef51e917792fc0470afc573c9a73c22bcc6e146b936f05ff630,unchanged,True,
test4,e,rapid,vp,noise,0.002,17,7be9d90bf0602dd94eb7a669273490ccfbf74ac62d0b7e354600d0e1a9cbc743,6927549b7896056aad6f9d037d29e58ba8890b38ee3de1dc33073b799b97a0a8,unchanged,True,
test4,e,rapid,vp,noise,0.002,18,1fedc92e959eda9ba28259ef114fde9415452467a4ba53e4b8c35adac18b4a5e,78ad593fc3b84df918e437833306ece909c20f01613c9c0069fb868ab417085d,unchanged,True,
test4,e,rapid,vp,noise,0.002,19,4caf68862efb2f4b0efc009538c6d8e92f92fb8181ec91b6687a34d1feef41d4,f08342fc1d2df8dd0fe69717134d8d07cea7aadf6e61bffca5da5ded5545a4fc,unchanged,True,
test4,e,rapid,vp_scaled,noise,0.002,0,20055660639c01c569fb628e91c6a95be9bee965ecf0ba7b8951fa126ddf2e89,33231ae354a432b98a0f04833b877ecdc95cdea87f7bd64bbc997db9e60e3bec,unchanged,True,
test4,e,rapid,vp_scaled,noise,0.002,1,c690067d1188d27bb074a1eeb70e76138f8cd4aaac6c53f635143c671dd80118,f81cf7b5b063b5a20d4b334356d83965484b7faa66bfc8a7eebc8a6a27a17944,unchanged,True,
test4,e,rapid,vp_scaled,noise,0.002,2,73623c7cb01b38fc17f5bc723474980409b72c01863e6f1f64030d1ed9f92c0b,0abf85c6ecc197c23f2a913497ada9cee04c6fc942fe084a3d9c743e978ac4c0,unchanged,True,
test4,e,rapid,vp_scaled,noise,0.002,3,c73569332aea29b9eebda311fbe9b3f13e80f56e8c9a7780b5acff59fd78b5b3,47f8e50e7518b6fb240a6b4c7c15ed7e57027e05e9663c47fd604d9c491467cf,unchanged,True,
test4,e,rapid,vp_scaled,noise,0.002,4,a5dde2c1a057fd02bdd03e05c85b2d54ce14a9d3a18ffeace5dde11635f924aa,d9c442bc66b675a6e0e954fd9e574cd6e8fe59bd047aceb385bdfc3cfcdc154c,unchanged,True,
test4,e,rapid,vp_scaled,noise,0.002,5,d8ac8999cb4e46f829790762b7580e4ffd44502892fee981fbf343c6ccba371b,93f99488ebcf70300abf05aefff568b0c305cebd859ecd2a79325bbbf688af33,unchanged,True,
test4,e,rapid,vp_scaled,noise,0.002,6,3a06d5ac7e40530bddb8b993e8f106381a59fa1aa5a8a4da0e6fa7ca2bede666,7fa65b6c2464b46e09620f21dd0645d072f7a4ae69633851c9991664903a7a30,unchanged,True,
test4,e,rapid,vp_scaled,noise,0.002,7,b500f0694467235de384d6b09b418a03fcb81cd271cf12085f3fe4401a89435d,1b2379208a5a102ca1981a2838ac7e6f6cb240dec8506b85ed70b69839a88638,unchanged,True,
test4,e,rapid,vp_scaled,noise,0.002,8,e1fb6aa59057da8b533dac91692395c147774d0e62c8ddd9901f4468c2bb8999,46d3d95d864e52eb4c3ebbc8b38e1050999de14df9a7cac3e29a4f9e4ac0272c,unchanged,True,
test4,e,rapid,vp_scaled,noise,0.002,9,d0846770c6f29e15e4cbfaf8e5caee8f04e9ca377275bd1d01db036a78fbb67f,00d7ce1f18540285f4c701a2dfde8428712656440c790ef95645fdef9d570a85,unchanged,True,
test4,e,rapid,vp_scaled,noise,0.002,10,a3a79aca185a11455ba8a71f2915749a15e828caef77ad83d5b8271e967a6d78,8e03890c21ebb8b6d17f2b365fb50c068c9ca07b2ea3b7ba026a411fbc83c2bd,unchanged,True,
test4,e,rapid,vp_scaled,noise,0.002,11,275a5035ce0fc0dcabe5d1b761266cb05cdc64c6553abf301b6a3c42504e73b3,dbc4fb7a0bf27b4e958d9febc734f628d43fce65e437e8098972d38255b83b58,unchanged,True,
test4,e,rapid,vp_scaled,noise,0.002,12,dd01146ba8b735d06c051df0a330713d2ed6f738b13bb503de9495dd65f42e9a,e58d1df96a0e33f8aae8d5492204e92a39a30b782ef356f76a15ab83f38ad3c3,unchanged,True,
test4,e,rapid,vp_scaled,noise,0.002,13,3ad59430c08d8cab17dc6b74550004d8aef6f0424a069e7e36809c91970c56a9,663fbd6d5134797691770afe6707c92e679c3630aa75eb4a6b48c031792142a1,unchanged,True,
test4,e,rapid,vp_scaled,noise,0.002,14,3caa7b096b6d4b3e34cdf60802333189617bb7d918db7e221f47de528c998e13,a0511b32c72e06057ec0f11852202e1945882d321ac8239f9afabe5bf2cf2fad,unchanged,True,
test4,e,rapid,vp_scaled,noise,0.002,15,766a6e9ef8025f6beb90402d15781b68c161be2cfb87cc9d44a21deb826c0aa3,093118beeb8250865f4d4f7d39d9cfefcfd7275777642e3c4d3b3c9e7ecc65ff,unchanged,True,
test4,e,rapid,vp_scaled,noise,0.002,16,47d3b670bc7d0a93d7074f2381f11462e7dbcffe4f368ac8a3f18b4b5938c9d8,9f63a1cb1efb2e0ea560666e8ee066365995480cb24dc7769518a31b380a525a,unchanged,True,
test4,e,rapid,vp_scaled,noise,0.002,17,cb0df10ec765f9080de23905a09d940d6830e8f01c0a11a5e8cacaf7b3fe8c7b,d08a8665a367544e230742072844f7cdea741d01a62b53af859956c319e9aa80,unchanged,True,
test4,e,rapid,vp_scaled,noise,0.002,18,cf646f8f7024c2b0567e5b6f64b8632a6234d66a9e55139d05a210e951331f19,1ee8810cc013e997fedd0b8bb4aabf6c393fd669b5df46d36b2fa8479cce77e6,unchanged,True,
test4,e,rapid,vp_scaled,noise,0.002,19,a368d1ce3e3d90c7773f7d2e5fc4a667014b7e3e29bf188e488facfcefd1b627,cb2db8f0d49a5ed0eb5c8a1232e7bc01c4f02f45b248c9931c8d8eaccf54939f,unchanged,True,
test4,e,rapid,dwvp,noise,0.002,0,7499c271a561fdb4c9e5fb8691ce86c000c898d79cd34e55253f59fa3e03ae84,95432a85168fdf921f092c9394f2420a1295a8c8616be4958e9cbf5bef5bd67a,unchanged,True,
test4,e,rapid,dwvp,noise,0.002,1,876fe8a2514a5ea54d4d506daa599f0c7540f28bac0e01bb2adfa73403b111d8,41666589a99fa4f459df234099545d9ba258a251db45d119b60fca060cf017d5,unchanged,True,
test4,e,rapid,dwvp,noise,0.002,2,6a74e7348446c03126889bd691e8151276998b514dd654541b0891a0a498a56d,a02fcc0760110c6031b39d30d43e80a9a3b847b6f3ec47f66a1767feedaf264a,unchanged,True,
test4,e,rapid,dwvp,noise,0.002,3,6441b09a9e7edc27ccf70b46af57197fb303ad1c9123fd3af7df7bdbe028d4aa,80d6261a340d89035a4a97fb9d5961db7de652787d0fa565b8e778d81ffb347e,unchanged,True,
test4,e,rapid,dwvp,noise,0.002,4,1d68214b3078c8527adad946da43279aa9f84349c69ed11756149903ba1c5447,c289e83926185767fb9b54f04c9895c0042fe8b46f9a4cce66200aedd568358d,unchanged,True,
test4,e,rapid,dwvp,noise,0.002,5,b2dfe45570f5bd39916ac9ce023382ff8d39914930aa555e7c878a1212186e5d,3db86fe86a7d28d36b2963770f7d7faa44b60065cf12f93c915d7f1fbb9cf572,unchanged,True,
test4,e,rapid,dwvp,noise,0.002,6,d74ffa2a0ab0f23803b0891b4c7ba19d1573f64d48ae6616935ed0891deff045,dc63ed223afcc91a66608b7a604b381568bb8b760ea259af44438771d4ef19b9,unchanged,True,
test4,e,rapid,dwvp,noise,0.002,7,fe4c6094881ca5c1630741e6ffda1a51209185ac9b858f7d55a4d0a0aa771d0d,f35d40489c92bfefde58ebf853fcf6ea52ec17448142dc82e98628c8630e6c01,unchanged,True,
test4,e,rapid,dwvp,noise,0.002,8,7a90fa0cc5aefa1e97a58d1db5c227d0eac3645b9098368777435c3126a0fc08,a394b018acc496ade87e2b74bea777914c3d16ed48e8aa501b89db32454af55b,unchanged,True,
test4,e,rapid,dwvp,noise,0.002,9,d37d09a0101d7f21db14a8f8f91a553f8b30f9133c062c1dbae036bdf34aa37d,59a2b4aa9dc36892ac7fa56457b43eab6e28dda7cbb6f302946250c656283227,unchanged,True,
test4,e,rapid,dwvp,noise,0.002,10,19f6e6cc8b830ef08ba401e2cfade1a7338728deed24cecfe49bc23890ab3376,859d98d33a1bc78f3531fd378c059969ba626379966dc1be7f738c39c55027f1,unchanged,True,
test4,e,rapid,dwvp,noise,0.002,11,9910926a9d135d83b62249e910307a07d28f02801c650421d828986ca6b03271,e2a48496a30799dc08b11d0bea040c6102fedbf3183409f3a1ae00cc1c930a61,unchanged,True,
test4,e,rapid,dwvp,noise,0.002,12,c3ca6ef6873052161f466cc67ccb79100a57a9f017c0186a55e27e488909355e,a19b23db709b2a0b0314874979999e73744039ce53968a81d2e21100275239c5,unchanged,True,
test4,e,rapid,dwvp,noise,0.002,13,c198e5630f5c3cc9773f1b5a65219feea27040efbebe489831b921aec1444c7a,49ddd2e8f1ecdb94270764290f6e6d4363fdebc0f5a45fb21d9fe96087e7f1f4,unchanged,True,
test4,e,rapid,dwvp,noise,0.002,14,bcb2bd8c0e36d1f4138246bd761bef7e63b72138151025942fa38f54e3df70ca,422395ee261a3f1c6dba9a97403c91b4770e5192f9c4bbec3bddf378efb820a1,unchanged,True,
test4,e,rapid,dwvp,noise,0.002,15,70f19ca76279d7aefe7407fd81a5bd9603d0f2906796d708411e787404ffebb7,78473ceaee96a6e51fdeb8c251029b117714cb7b1f1ea4f1aa674d13849ff315,unchanged,True,
test4,e,rapid,dwvp,noise,0.002,16,b8eff7d1cd61285aa2954da8df6b1d2f0d51a08d6d5a773bf8c0af4c292fafa4,503f32b53c782f8dbecd550405298958a654570b93c75b9a54064a22d3b6a3db,unchanged,True,
test4,e,rapid,dwvp,noise,0.002,17,9af70d9e760031de2d979ccb2dfb16d5821d1439b3c063d291fc75cb569954ad,bac1a4022caf399bc9871567f805a62dbc09af78daabba8ae2c451964ba62de4,unchanged,True,
test4,e,rapid,dwvp,noise,0.002,18,28bf1babd753d148a61d61d48177abf0daff4477290ebf9f75553f7de60bfc10,f6e7f8222491a26d4be616d60bb57f05881ed12f0dc7ee9dba78434f1826b00c,unchanged,True,
test4,e,rapid,dwvp,noise,0.002,19,fa11bb5fba860ea8104863dd2aff8e9c2d64ff44144c2f1553deb6395c9e2726,69fe18f271324d942de0af0e7656a48f1b285e7ded45507337787c66fc4484ea,unchanged,True,
test4,e,offset,dwpp,noise,0.005,0,3acd838830521ebc4acc015ff6d4dcefe3e91adb1dfdbbf791cf2f18917f73dc,126ec13e0ee151707e3886f8d016c4941f7d702b87f3bad39b72f9846d83fc62,unchanged,True,
test4,e,offset,dwpp,noise,0.005,1,f90abb829cef0fd7d4645c10ce9b093f0886c16b230a13cad00742d95f7ff084,9da5c4ee7fd00f78a72a34be10bee65552bded82a71625abdeec30cfdf4d5896,unchanged,True,
test4,e,offset,dwpp,noise,0.005,2,1bbac22d5570d0c47c9a406f5a52c374c8e94032ebc847090fc00279606fcd6a,b12fda76f5e64491f93c79c77f4402223cf89b6dd92b2d081649765c7632637f,unchanged,True,
test4,e,offset,dwpp,noise,0.005,3,c4a66d6c26c1fc7cb32e642c275c23267ed86c5ca2e3541fd49cebbfed83a921,480b577735b330215c8854a2842345a753e5655f762aecdb719d1c332930bd9d,unchanged,True,
test4,e,offset,dwpp,noise,0.005,4,678213edc89b72b7e743a6dd3a58d6a0a93d3625b364df5a249c193853fc3c0b,d24cf09028eb60b43af18e09f49c1fd72902e125b63af076391ffe941fb7326a,unchanged,True,
test4,e,offset,dwpp,noise,0.005,5,f2fdb4cd79bec6070349e5de5e770ddff4a97157a49a4e90fefa09dfafbe8fd9,c0bd24129fde375ff41cfde980814e743eeb3fa6b646335f5cc4d8bec3980f7c,unchanged,True,
test4,e,offset,dwpp,noise,0.005,6,315720257fb9ba1bbaf82d53c52b73f0429977574bc645cb81db9318bd51cb2e,1419b08ca395d93b62600730a1490605e7560eb13e1fc6696750177c6594c5e5,unchanged,True,
test4,e,offset,dwpp,noise,0.005,7,6dff902fd1c9dcadbaeec77dc74063886f5f727da01732d833b55aa8e7acb840,5a43eae33a6508ee6649b22adb157dea3c27afe5ab2ff2be5ef2f30503e2d493,unchanged,True,
test4,e,offset,dwpp,noise,0.005,8,07124e00c84460f3f60a46d6d7085f6411d1a10aa73eb5a5ccf13666b1b6d8e5,4786037a56a77129f11631ae754b2fbdaa74b38e1605f0d346604699217cb53a,unchanged,True,
test4,e,offset,dwpp,noise,0.005,9,e150ee80273ff578ae5955bc1ae8ef703201258b8b4a1b676e1d29d881fe41f1,8de4306cd821fcdb59ea3373dfa29c74620c0f73494522938ade986a2520893b,unchanged,True,
test4,e,offset,dwpp,noise,0.005,10,3524c1e6d5ba3a44c2c0c45bcc2ebc879920c6e5c5493c29b36e3f86979e8797,064f78dc246d8fb3c0c13558b049064e396a1b7e9665079ac63e5801fffe2952,unchanged,True,
test4,e,offset,dwpp,noise,0.005,11,d18dbe84bc1e3ec6b624e8a322b74c2539a7a0a1d8ee2d482f639cfef2fffc45,9f1231a13e9470d5e1820f0364c505c113f2c5b9ffdaff8135d6c1b68bee90a9,unchanged,True,
test4,e,offset,dwpp,noise,0.005,12,0e2999a13a15ab77b2165b552d7b46de60819962e1ebb11d6dcb6cbd09894220,3cb92c3c137c5f9370e6ce35fc464707bc963ce4aceeedf11797b0303ca89910,unchanged,True,
test4,e,offset,dwpp,noise,0.005,13,17df5c9d75fbefa31e56a8bb749943f90d339cdb4b9f028a936f7d12f6fa995a,37715fe0a0269ca971107d8585b46a900e191e2cc64d2dbffc2b4fc046f3d9d5,unchanged,True,
test4,e,offset,dwpp,noise,0.005,14,b3fbbdd5e11943b8816f07a4ba272a81a60e5d3e99329484a3f53b172c67853f,02177d88f573bf5ea4b7cd2606439df1221e4460720a7672b340616fb65ec50c,unchanged,True,
test4,e,offset,dwpp,noise,0.005,15,61ce3fd879e63096c054134cdf753f528c1ca7eae73287c4a109d1a63a9d8672,c1e47ebe5fcdb3b8c33ef7f691bf22b315a5df4482e95a501a3a78f39237e44a,unchanged,True,
test4,e,offset,dwpp,noise,0.005,16,0cea7846bd771a28a2810884186f0066359f04e357358ca477576aefbff7cf13,c1e221e4b28c7a415c615fb8f975cc9bab334cce34bb508688078c799947b556,unchanged,True,
test4,e,offset,dwpp,noise,0.005,17,2e9129ac41a6a4461f1c8b83a34991f43f4590ffe348a2ae96db58e97b348c3e,71ed550f198774181e45ded4ce5f1a04c0f7c54d1c83525d3fba9edd127d1fd9,unchanged,True,
test4,e,offset,dwpp,noise,0.005,18,0d52821606e801c8676b360fe4407c5d6c00ed41c2c170900c3520d4e7ac6996,914da5da060b9240ec7dfe6f0030fcfac247e7ac1e9526946cb5207f466b4caf,unchanged,True,
test4,e,offset,dwpp,noise,0.005,19,66fe0c7808f9177ef40a9c205892ad1a8cbe68bedef94b6292489bc6d95390b4,2ab8eb210940de7b8c994a56c3d24ad482b795b9edabd628b740386799c07a80,unchanged,True,
test4,e,offset,vp,noise,0.005,0,8f570d840a8b30e89740db54cec6782a80266796e6d18095245d714c384cf0da,a1d79480c44d3da14a7802bdd116f77b29db0cee7533c1ce5cf8fdce633045e0,unchanged,True,
test4,e,offset,vp,noise,0.005,1,8421c0b618deb42b4a0b9e9efce5a4049ce8074f469627df2ef4ac9d3c81d967,f590f153cd291ea8d669f627e119b5fae0b99718c5f587f5d05bec1867ce4563,unchanged,True,
test4,e,offset,vp,noise,0.005,2,cd0e16a6a3e281243b5ae0040c98ec2d5436b3b3d32f6995c174e68c666baac2,45dacb5f0cb4b6ea9bba70447594d27bf96e800a4f80674811673c157beecb00,unchanged,True,
test4,e,offset,vp,noise,0.005,3,9249d884bf761b1f72b3dc1009bb952773062a020dea2aa82467d98388c8e4ab,13605c46c68bddb0a1142fff3f68ffd712605af92852ef532d95d01b9da8ee55,unchanged,True,
test4,e,offset,vp,noise,0.005,4,00cea7beb3164a6dae0d21eb4816fe13cc393f7e231858fae6bda64df299ca4c,72b4a48276c4a120415182eb0ff2b8928a0c57a318c454480f65e4208c3b3192,unchanged,True,
test4,e,offset,vp,noise,0.005,5,25c38d7644efca4a12f1c2f6cf4a7620a88490884cbc5d0a28087c30e46d39bf,de893b152476a677014a3441d77503ad2296eaa03b7fad46cb349472cbabd48f,unchanged,True,
test4,e,offset,vp,noise,0.005,6,d62e41ca36b46f1cdd3063a70e87d4b3bd0bb10fd77155888ffca498346e226e,b7f7ae244ab467093f99d699cbc7a036db51d19b19239bfa3f5408e492a24ab2,unchanged,True,
test4,e,offset,vp,noise,0.005,7,94e1bed8a402391f99f3893cb9fd99a4520f00bb641403d9209eb5e3105c289f,40ca99b0570907c7191be024603e81a1b19aac8378b502d57717504abf497f47,unchanged,True,
test4,e,offset,vp,noise,0.005,8,3a319e94622a55d7f5a7f3dc6a8c647d481d7f823857eb808447caad2d1148ff,7da84bd1d81a7326d0f3cf5bc9df352f6a03b22cd0df9efc04d1c6ea405f4ee5,unchanged,True,
test4,e,offset,vp,noise,0.005,9,f272102895b321da152ccc8692d5ec59046a9cd47d6b97fc00e70f41dd7095d2,5a92db5f464507ee4a2d6b1c3a02e08e7fe1f187687f01718eb4ea6e7e8eee73,unchanged,True,
test4,e,offset,vp,noise,0.005,10,86b76a8a43f737b797aeca9e9df17c062d9ab538382869d7fd0116587349e38f,a84857fa7b80f31f25d7b4f605f6d7f4ddc5bfa3ba5a827b188160e3bc4766df,unchanged,True,
test4,e,offset,vp,noise,0.005,11,5aea5b8606b029680a5cdfe421f2af83634a502ccb5df0945984aa46bf127b47,ac579390b225b6da21b0a6c09fbc8491787642c0bcc83b30cf318586a6449637,unchanged,True,
test4,e,offset,vp,noise,0.005,12,093382f1658f1ad3232f5fafe090a5c2828d2e3b1843bd00c7104728b88084d7,dc54c4d33652260d9ad899fd4833675ad1d51083acd27c2831ec64a0da174fe7,unchanged,True,
test4,e,offset,vp,noise,0.005,13,603ec278321e4394e2bac1a4279a727c0f4eee4cebabc0c5e53e12c6912e38ca,12b004ad825d16a4fa7956fe5eb86f6255a3ad00367cd8a020b01447fb6e3140,unchanged,True,
test4,e,offset,vp,noise,0.005,14,c457c75a9271920104b4535ad6871a7ef97e4e70b8d5a780892f411637c9eccf,ca886cb314aa304816bed7b61b3c5af171eb68a6869ef5fb99c3170e4533ad75,unchanged,True,
test4,e,offset,vp,noise,0.005,15,021196350e2eca9a06434f08e7cc121e65655352e9ff99f1105248fa285acb8e,bc2f1c7fa343a32ccbc3d87949fe77417e5faca26aafa0406c17de2316888dea,unchanged,True,
test4,e,offset,vp,noise,0.005,16,5d58b6e90cb5f344ea538b780ab1a7f8793338007c85323fa3c85a4197bee3b2,e8c28f3dd71a868415789bac80d342262243258c318e9eaf72315ccd85abbc6c,unchanged,True,
test4,e,offset,vp,noise,0.005,17,f3a020d81533fd8ab17db7c4b687a7de9e3b4689741a63abbc70067fc18b4a0f,beb46cb81f35dfab415e21bd1fb321d6e55b338a84063f69e9255d50acd67244,unchanged,True,
test4,e,offset,vp,noise,0.005,18,b939e6c1a96149587b28e41da55612e18021552d81b382095fbc74af955fb275,236ef94f46cd45eace0cd5b4482c27d7e72f3973ac7886ea17c6892c5d46b455,unchanged,True,
test4,e,offset,vp,noise,0.005,19,fe677b8a87e4b5927788bc209cb5103a2496aeea396a49024d4a4d7d47de9396,c3432c0055afe0d9c7ee43f2d736cea3298b77cf6f2de4d8034faadb616f802f,unchanged,True,
test4,e,offset,vp_scaled,noise,0.005,0,f48e04739ee11ee37d64b09f5e8810f9b74efd6ac69e7e4e9675590905cc11b3,b7cecb87de81816460c36f84bca858c134703cef9099e56d09677c75f2c74b73,unchanged,True,
test4,e,offset,vp_scaled,noise,0.005,1,e660d5067e2c56f58726b8262b141b235df8f0bb62e2ab9cd16e182a548c16d5,41eb8058f3245ee7c9d2dc862c8e6761575f78c485ee65f7f8f2d377cc87a62b,unchanged,True,
test4,e,offset,vp_scaled,noise,0.005,2,bd091c134867c824a55e65bf6e620262cd76118cfda2a540caced29b149de1e3,e2800e5fe09366b1b725d4a50b3add9a9661166c4e5cd460b62787a14a6bb812,unchanged,True,
test4,e,offset,vp_scaled,noise,0.005,3,24d6efa5bfb3c6dc5fe9cbcf0743a6ba5d5ad40c114dee7b1c95f5c2a15ccae5,5bd003439a74a53ef732aadafdf96c182e3d0eb45f448919ea83cb7d4d32ecd2,unchanged,True,
test4,e,offset,vp_scaled,noise,0.005,4,5426f42bfc48f83289309dca183e19a219318581b51dc0e0d30f3db5914fc74b,bb457cc31544423cac04b9fb156674f427c789d651d625a43f1fa9be5b99d4d3,unchanged,True,
test4,e,offset,vp_scaled,noise,0.005,5,a149695ce251b359cd93dfe0c0a5567bbde6039b7213f3a59a30a647469743bd,9679e0a3b3fb3fb9140b8b6c6a68efcdb8f4e42add2ccff296795ced30c7309f,unchanged,True,
test4,e,offset,vp_scaled,noise,0.005,6,c20e27dec7c5b4ffe841bcd68d5b027dd971f6b306cc6ed616f1a2a0731951cc,6451c8e0236fb23b36eebabffca228c8ab4d2a4b4fa9a2a3eae865efa0f92218,unchanged,True,
test4,e,offset,vp_scaled,noise,0.005,7,b35134f6a16c143719a2deaf519e93ecd2cbafb75de3c274e4687442ced858ea,26dadf929186aa027f516b5c88742ba31ed1f0e2c68f0d627d2bcbe6c8749eae,unchanged,True,
test4,e,offset,vp_scaled,noise,0.005,8,fed3ab353bc7eef569c38bf9770081fa719800218c4258440b7af329d31e782a,9471827afb47e34307411565877e888a3e8c98bd854edcd9c3b892aacea0b236,unchanged,True,
test4,e,offset,vp_scaled,noise,0.005,9,089a14b88311cb687329df903a8786e67c8dd20999941632f94ef7e9dce9236f,491ecba94b084e259a3961cb3c9c9c03491e3cbd9262b96f556dbd36a9cea0a5,unchanged,True,
test4,e,offset,vp_scaled,noise,0.005,10,348cb0aac39da1f916b195420cb1e1e762555c04592b99eeb04278888e3e13fc,23ced684c31adb97eae696f5107a9c35e690117a986e87e2fe3ed245cad73450,unchanged,True,
test4,e,offset,vp_scaled,noise,0.005,11,7217cf66d6c0b8cee3fb7ea84d69425bb25064dcd06dcf7750a745bd7a311454,88505c16f7ebd49405e6f3e2bc696a52073de16f71cd71d487c424325cbecc7f,unchanged,True,
test4,e,offset,vp_scaled,noise,0.005,12,98b4a1eda29c73f3d8fbf17fa2d06b4ce9b25d249a7abf083aeca4cf203e38bb,43656075a258f61f9dbbb743c718a68bfd46e34faec1fea2164c97de49f67271,unchanged,True,
test4,e,offset,vp_scaled,noise,0.005,13,c6630c0aad073aae8ef31d9cf9785d31e3e6fe7adac3d8eeb7c2ce8fb8002f64,2279de456a242a1a6da69c4d7787b27360e7f22c4537f02ab57b77805f025ee6,unchanged,True,
test4,e,offset,vp_scaled,noise,0.005,14,1453644830ebab863a183f676323cc012a16a987adec49c61a2d7f30cedd379d,e62cdd4529779d976f3543bae93803133d58a1b2fd95f46230d3c8bafdc7fba8,unchanged,True,
test4,e,offset,vp_scaled,noise,0.005,15,ee6145595524b4e7f7ce3c470d7893b30e0c2217e85da72368b0b3bfd0bbe89f,6275564cddf600299e89521419e48af5296c42f2c95002ac93800b894a73be6d,unchanged,True,
test4,e,offset,vp_scaled,noise,0.005,16,a4a9cb50156df2fd8a971371b6aba93845a868fca4203f6fb2967cbd6252ad77,d7ee228f66aeb4ac230299d5772e82ac2810d4d4084056da0b04867cf704aa7b,unchanged,True,
test4,e,offset,vp_scaled,noise,0.005,17,184db55111430213a650773849f2b4b05ebb0b2caff799956da0f7ee4096bfe9,a7e5ebadc05fce6adc190edb6dac0ff7e45e724e8edb3937d79e13068bf83254,unchanged,True,
test4,e,offset,vp_scaled,noise,0.005,18,f2ffca29b78aa921197a38abd85746e8e30835f71d15c7854cdbceddc8097796,ae3627bc60a9d8b86dec96773a4119f95925ff330eb5e372029ed23f87874351,unchanged,True,
test4,e,offset,vp_scaled,noise,0.005,19,c08b22eba444b945aa28ece62f2193e478effd7867772da9ec4a54abf452c7d7,cb48bcdc6f589e34d079e5df646f0e0d335e7205a99a98171e8c306bb47d6ae5,unchanged,True,
test4,e,offset,dwvp,noise,0.005,0,a8ec55aab9488b15ae155eb9868a575c98ed8f49dec0f97ce35ed2ebe7d5c63f,f608de20c8a61fa60254e27e292b04ef61f9d7fd39e296284fed65e330d67176,unchanged,True,
test4,e,offset,dwvp,noise,0.005,1,708676a8860fdf972a37fb692209ffb337553ae6b0aa60da4def1b328b97d75c,577baf7590cc369b37d35f00cda1648d25c3e3ee9dd461e82df58b5f034d3974,unchanged,True,
test4,e,offset,dwvp,noise,0.005,2,701d75d6eda628fc03d8e9160a073bfc1444817e5efeed2d722bf387c8787a6d,365d790b6f533d92a01c5189cc743dfb8c11e07e7a2e38ddf80aad29c064e645,unchanged,True,
test4,e,offset,dwvp,noise,0.005,3,49657101cadfa7788cc5e4dce1e379ccf36e5ba80f3b22182fac2fc1482a72f4,15e8d78dcecee2e8daea870ff567900f4051bed2513cfbc7bfa932762d708738,unchanged,True,
test4,e,offset,dwvp,noise,0.005,4,be64449ac34990500d35646fba4e9af06ad9b1b2c77ff4115348a4fb4f21efbe,a92093612913b7efcf89d8d0b9adbed70100e606b5d42748c1e2faac63ac6e89,unchanged,True,
test4,e,offset,dwvp,noise,0.005,5,ea66ae844a96c9bd886bab1e0747f952b9e2f982d7ce3e42d941411d7247eade,6e538d79c2a4f2318755921e08b8c3c603592c2bff9d790379e6ad4fce4c6b6a,unchanged,True,
test4,e,offset,dwvp,noise,0.005,6,d5717d74006a0edd1590914a9a4998c9e5205b1ff149979b6f4676e2e59706e8,59c9ad1b45bea3a732f17c563d132fdeb25a8309c9e56c28152eed33d017c1a3,unchanged,True,
test4,e,offset,dwvp,noise,0.005,7,ed4df8b24e40c081cd2a500746592cc92c12791cb53d4ff25325fffdd4a5957f,d1a597a00bbc4e4a3f06577e3fdd8931f106121c98c8045e9d8920722da983f0,unchanged,True,
test4,e,offset,dwvp,noise,0.005,8,d9803c040e937143afbf24f4ff24b05a2b88d18ebb35d7aeaa7bb514f1487499,0aea02766cc0e3bd9ddf5ea1e91f3a139e9ff3264475724649f210c941da544a,unchanged,True,
test4,e,offset,dwvp,noise,0.005,9,33c152bcc9f39c2363de3112e77f218069ef67f41fffc127b60bd2d625fab825,c6dc633dbc1ce0318fd94c0418aaca8eb4d04858febc387c19bfe7017ae386cb,unchanged,True,
test4,e,offset,dwvp,noise,0.005,10,6dbbdec5bbc36a19136c04eff15145d76ec59ca4ebdf50168882b2d07b66a7bf,bc88133da8cc8812bbe6d5d7a080a6d9a5f537db07b48cfcca31b9c4d11f84b6,unchanged,True,
test4,e,offset,dwvp,noise,0.005,11,de6e9f4723c8c2d7778a5e5c6aa356d050e8ac1a4ab0fafd92f2e3d4af9478ba,d21ce7cdd87ca93f4fdf89dad40bf7a3cc646e7077b42206f9401ccc3c741d21,unchanged,True,
test4,e,offset,dwvp,noise,0.005,12,ce5c4d1242dce137e04c78299892b343b5ca062a477e0283bdd93192cf7f82f3,c9837fd7ee8246782e20a6f0c95a2912650bec0cfedbfa72891cbc7867eddfe4,unchanged,True,
test4,e,offset,dwvp,noise,0.005,13,9775b8edfd8830d20b5d76512c50ef974fe4b33771a2ad2e46aeba12c5d433e0,67d3e984cbf156a98432d9951e6122fe0869866a83702398d0bbcb2c5943f860,unchanged,True,
test4,e,offset,dwvp,noise,0.005,14,978bfee28ef9b1241787ae03b394965c4fd17f44fb6f9993c7a131968cf8d9ba,7dc166f231870efa8ec381da7d7bc01f2c104ffe637b70479a421128efb8d6cb,unchanged,True,
test4,e,offset,dwvp,noise,0.005,15,681bd0a4cc404560fa4e0d1f4a06e5e2d03ae123b70af5e5ea2354e056c9c345,23665ee79c384e3b7d74a18199bb3714f2f16a21feeb48f90e78f84da2f6c944,unchanged,True,
test4,e,offset,dwvp,noise,0.005,16,3ddca3c59a0e01f86b16a8ce35aa56a191b91f750d1f21e566dbc3f429aca85f,04237757ea1e30d52f54ea6557c0c998a507d9c8be041237e222a6c06f0da70e,unchanged,True,
test4,e,offset,dwvp,noise,0.005,17,25cde4d862210c6a8ae7dbaceab70bd0ab950038eb70582a226aad2ce64f00ed,06b8047b3101fffad1cf54df91a09a8819f1b5475b5ea3d25bbb9fb46cb995e6,unchanged,True,
test4,e,offset,dwvp,noise,0.005,18,5b148521c1feb51008ec42e37294dd0303feef25381b968fd46c948723348326,f9b290ba0fc48390e1c171b491d49fce30fdf8b7f51030a80cea5793e4e0ec8b,unchanged,True,
test4,e,offset,dwvp,noise,0.005,19,bcf76f78baf915fcb3fc4169c167d71d5de703da100bcbd238639f293cf686c0,40ec58b8dc3a3f386ccea348878b7e52ea44c82efaacf830139928f2c82e7af5,unchanged,True,
test4,e,gradual,vp,noise,0.005,0,3fbfeaccf0f1f00042e31eb69c9e2529c0b14aab59052430a152ef96a53264b5,4c11b0ecbd73d7f3e67161d32673a56b049504437a3bbac38d716088ff949c9a,unchanged,True,
test4,e,gradual,vp,noise,0.005,1,9e30f9a26e1bf3341ee912f55f7b2cec033d14192dedd285bef12868977db882,0bb6b8e0b2ef8a8e7140e9548fc39af51291d66c386f775fb029fd7a2d013a10,unchanged,True,
test4,e,gradual,vp,noise,0.005,2,37e8255567aca491188a4fdc17b7170849786a4647474d499dd3b71561e51643,f8dd29e6930dd191545364bfa692b2fde1a871d08f983230a9c745fc1717346f,unchanged,True,
test4,e,gradual,vp,noise,0.005,3,5be49f91009ea7e2d359cafd3e624d52e1fd3632579217ce816176376b247dca,32068a86712e85ba08fec97b7b94aa5ceea0e5a2b697f9669551306882998fcc,unchanged,True,
test4,e,gradual,vp,noise,0.005,4,cbed31b407ca57f4509cfa24f936e9275976a78b4b99d6409b5db42bfd40b665,b1d4bc8150ddf1e86de39446db64a12a50b3f9ba934cda2a550fd5bb489049fa,unchanged,True,
test4,e,gradual,vp,noise,0.005,5,d49b16dc79b3bcb2a75f70d2d76810cf2b2c043685e9d8c0ab6d214bd9a3fe03,c0c87c59f1ea040da8b67ea584c8542f6e32cdedc0c50757bdabbcb6b772e1a6,unchanged,True,
test4,e,gradual,vp,noise,0.005,6,213ca560bea57576f71a5ac95382a30005440243d4b3efa3aa1602516abbf324,c19fc9a9bb2881f394b0dc8a81c004c78c5ade13136a678960354a5112302c38,unchanged,True,
test4,e,gradual,vp,noise,0.005,7,cd298fd02f5c4c7412228dcdec91a45dcdbc92abf13fbbdc6d4af7c45bf6b141,0b9ecc0e76be6db8e2e13a64075e7626ce724b0257fd34f8cc7366db83c5f978,unchanged,True,
test4,e,gradual,vp,noise,0.005,8,35089157a46d177761b1c8b97abc9aa48f5c2cebd7f4bfa74d1f6cea37f319c8,08914b7848a8e32c7e3346f503b6229f7e315767951ebd5371fce3dfaa8e3390,unchanged,True,
test4,e,gradual,vp,noise,0.005,9,a487cd862145545885727ea9d34a6e2f4e3d93b13b6a917aef71742600e7d861,f138b44973caf1f5d52ea1aca75ece0b2031afab23be6af0bc10e10965ec5efa,unchanged,True,
test4,e,gradual,vp,noise,0.005,10,7e24e81ccfa1b7d4f882b24beb5502dfd83a8e48fa8f4ae1e8d7a04cd66088ad,067ea642772336905e501b3efbd5895da252cf270a4014571b229642d6ed929e,unchanged,True,
test4,e,gradual,vp,noise,0.005,11,9ebc05300c726f4c30ec2e9c6207337e4b581b0353a678ee6ce1208cc2ffbb63,d0c621e65ed902b9290c120966d30bc6781d0b36b4cc5214b1fbe7ddb4fe90b4,unchanged,True,
test4,e,gradual,vp,noise,0.005,12,9270ab9a16dbee616df4615daa42b0be00e9385b27eff4026512a6ad38e039ed,b888073e22fd88d9b525d64f33a69416b876194b4b82e45c677fa53cbda5329c,unchanged,True,
test4,e,gradual,vp,noise,0.005,13,d57e418c969d369b6e67ba4261fd69261aa84acfeb4f2ef953ed491156586be4,c29b0d6c3b39b77b66ad15dc6c57bfb231ef7adc0d4060bb7f539a735d746001,unchanged,True,
test4,e,gradual,vp,noise,0.005,14,995561b8878848cc6727ce8641463ef31fe9c51766ecad45b15a084e7ff471d8,4f546015442b10a540ad87ac474bfaf96b7ccb356db9e49e88b8b907191d6bc5,unchanged,True,
test4,e,gradual,vp,noise,0.005,15,bb5a29dec0beab79887fbcf72d963e99589d9d44621d13ce0d0cc7635d9c1ca9,ff075e6cc67cb01ebd4cd2636059d9c55d6e6f827748353072f1d7d7040de94e,unchanged,True,
test4,e,gradual,vp,noise,0.005,16,fccb1c79854a650f440427aee8b809348b12a9651ccd98a2d4621f7d6589d228,1a4401ed5c7dda824d55cc1acc568ffdf6bba3eb23890f512994b7c85d506e01,unchanged,True,
test4,e,gradual,vp,noise,0.005,17,d2ba8ca3b78193b9b31c9de772a17f4feb575fe6df947601fb6eada931032af7,a5fa9e691f5b7108a240745df47d84c94f830d5c27ce22b1e1cb90400c886b66,unchanged,True,
test4,e,gradual,vp,noise,0.005,18,a1689ddd09bc1e850b68a9c9f2812070ac4fec79e398183c405c051d1dbfcdbc,869dd13dd04a2f023041dc233f8d087b77bb32c6f903dc3fcabcb8154dceaac1,unchanged,True,
test4,e,gradual,vp,noise,0.005,19,a9849d5ef7b3fbb6d895458b15dc275b7643bb47f35c1c94c5294aa31abc2865,cfbfb27f78ce9710cecb669f4d706a2db15a75f32a0ff147512a45a35cf713ae,unchanged,True,
test4,e,gradual,vp_scaled,noise,0.005,0,eda09a6d5640402327de212ac74a63c07ffc83d875a334c344f4f8f10774c8d2,80d0194f0062327f0658fe73ef9655bfe59989552b047d105af89a9ead8666cd,unchanged,True,
test4,e,gradual,vp_scaled,noise,0.005,1,0982f9a60f8fb3e178aff51d43fb86b6b7a5a5f50bae159660195c8421f071b6,54c797d7ee20bcd7fa80a64bb0d4969252787abbeab830192290f1ee7c19c792,unchanged,True,
test4,e,gradual,vp_scaled,noise,0.005,2,59205f3abf5873da2e6b210e739f8e8fa3f2418e1f76ceed8022abebbb27929b,e96ad30f918d57773d8f57e7aab49a393c99a9a9fa79e46694ea538213201174,unchanged,True,
test4,e,gradual,vp_scaled,noise,0.005,3,700e032d25dea498e1909454426ba13d9437aa5eb9d37b4878526a91c8b55eee,2ff2863afc1fa4b32da6d9a3cfe4814a1e2308699797a97b6d5004a16d479bef,unchanged,True,
test4,e,gradual,vp_scaled,noise,0.005,4,d7b8c3497d18deb796a633f651fe153ce24e7ad91d163f1cef7a42cd7b7ff4dd,a486f96b868af50d52da9a53bd3a3651c00c88bcb64f3e8a3460f0c139e2367e,unchanged,True,
test4,e,gradual,vp_scaled,noise,0.005,5,b41617dffbd8d8bb73edec3dad4a128e2e72e02c0066319b7884d8f41f6ad7d4,65e4e50fd0a4d038f4276fd9aed489bf6b35f7800a5db10f41f7391e08097360,unchanged,True,
test4,e,gradual,vp_scaled,noise,0.005,6,0a71c7b6386cd91dd9d6d7ec81e19d62eef4300ac17738f753af04b4c92ad66a,079819999b7495cd53ed67594c4d9a3ce5f85fee41a1a2c99b4c4ccafb66ff36,unchanged,True,
test4,e,gradual,vp_scaled,noise,0.005,7,35d1c9c16a456b501ac8c17485a23932625011c2d48d617addf7c3b460301f4a,a2c5c524232a67b6e88df9c6c7c45f0ab60e75f103ad2196a79aa15d7b56067b,unchanged,True,
test4,e,gradual,vp_scaled,noise,0.005,8,b2eaa2a6b7907dfa454fc637ed2150d75f21798c6dea654979565a58934a86c5,9224ed6ff55a1aa92dba61c6dd8a01c59f5f235aa90c2335679872286ba2c422,unchanged,True,
test4,e,gradual,vp_scaled,noise,0.005,9,bf29e0c89d2d81fba78e240cbda8f710ccc09903a42bc84d23d4cc93683fdec5,04a87902684264e9bf9198e8276ee7be7e9265d6fa95f554dbd3c86958af1f1e,unchanged,True,
test4,e,gradual,vp_scaled,noise,0.005,10,9c6796a3df5d93e2a0fd5110f56e04f01336a92af61039d364bd204ec0df644c,6d18286c0ceb1ea4fef78e1a25db97ca385ee2ba32d56e29399ebdfa88d3eaf5,unchanged,True,
test4,e,gradual,vp_scaled,noise,0.005,11,ca91c5c73441a5d451f4104a84c1f005c99e42c8c6c6c741462bbbb40bc295de,1caa947fe3e0c7cd370ed58322488e415142269d592f1756ec886fe5a7b781ee,unchanged,True,
test4,e,gradual,vp_scaled,noise,0.005,12,b42b39f6f072f03ee80ea94be76f90fdd41fd7249730e87c8a33256a6bbc224a,0f772c3ba81ddc248c901e98f444af8c9c16501c817aad86203553eb9b61f982,unchanged,True,
test4,e,gradual,vp_scaled,noise,0.005,13,22dc19b0fd4133a9cfd8d770b422a1ab905c85200f8c5a2e18a44a00686862ce,9e88ea296bca74eb110237de1f7455c6a8432c7bae86d763dd320cc7af92cf84,unchanged,True,
test4,e,gradual,vp_scaled,noise,0.005,14,86c29f2ba6f7a0a10ebc5565e6cda7874e727af088248ee81d24bde853c6f236,cae5d9181a555ce500d14cc0d88e49e89a4172ed5a2d0657bd1a9a024a9a42c1,unchanged,True,
test4,e,gradual,vp_scaled,noise,0.005,15,4269a6dc8752cb027c4972322749becca5896ddac7a987c45935b0aab5bc3463,9b9b2f0bc79b761ffabf27633e163418f859ebd697c842361eccf4a60f949ac7,unchanged,True,
test4,e,gradual,vp_scaled,noise,0.005,16,c5b61edb5f8314f009183d0255ca0dc1a46dcbadaa721645455a1ca3a11fc3b8,a4a3b35a30084b87ef6a35a07d843b70f10584ae5143ba8bf7c5ccd5c61d1bb9,unchanged,True,
test4,e,gradual,vp_scaled,noise,0.005,17,bea1d5d8adb8e4466087534bcfdcc625f950ec0563b4468f59f4ddf520580269,e1f3cb6d1cbfd9f25c0e23aa82da5594c55d798049bb8924c9620923226bd87f,unchanged,True,
test4,e,gradual,vp_scaled,noise,0.005,18,5b9adbccdf14146add41885d6ae0c9128d7980664b77ca61bf9b7792d5c9b651,71ff1eb00a0dec235b52a3e88a7be328375ddf48eb2c198cb5ade959374b0f1c,unchanged,True,
test4,e,gradual,vp_scaled,noise,0.005,19,6a5c05b222d3ef3050c2ae1bb2b5d818b9406f21e42b1070adae997ba3cf6c3d,4960f975cefdba64c2e9f385a30a7a893217df020a32f9736768f0852f740ca4,unchanged,True,
test4,e,gradual,dwvp,noise,0.005,0,55628797ad3ae98883042d09d8147b968c30ecee599c4f6ed85b81cb2e603c09,8edb87ebca83d0e0a9cad4f88b89594c2efc76c4e41fc9a28aa20d5dd611d7fd,unchanged,True,
test4,e,gradual,dwvp,noise,0.005,1,df0cf2f975c709af48236fa37a51c481d29fefc53bb646a24b4cec57537e7cb3,cf5c44bf77cf5efa8ebea9359d10bcbc44b3bb11d0a766ca461a3705de7abf44,unchanged,True,
test4,e,gradual,dwvp,noise,0.005,2,bd73d31652ffe353d29498d5de6c426240ed43cbf7247493401a162eb28af237,c22a11d35faef8fe76e39e3d74c6232db479336e13e6c551cbbb92f6729744f5,unchanged,True,
test4,e,gradual,dwvp,noise,0.005,3,08b69a2082d9fdd00b1c400cb5d0f8886ed1b9e6899cac9873d1b31abed4d289,11fbd100d36f63621c50c5143b3d6f0a90d2d8bde2105b2f09062de0e4c727eb,unchanged,True,
test4,e,gradual,dwvp,noise,0.005,4,e2e3b02cab1d2a21b09a05cbdae0d957cdbe5f6835b882df8728bacf69bacb21,69a41ed6c9f9393f0aa0a267d2334280277fcbf9562d43e7d566bdc78a4a7e12,unchanged,True,
test4,e,gradual,dwvp,noise,0.005,5,ddd3748bf5c2453ea0237d9dd87e4daac7430cbd32c517045767a713280f0e59,9aee0b5a7d8dc65faffc6f6f01b06bc59c4e66af8c90df5e1d03d8ad9dd8c62a,unchanged,True,
test4,e,gradual,dwvp,noise,0.005,6,877f33d264562333f504c04a44da0e5270e7e132944099a0565a9b5b65d9a63a,c3b7c0da3a93b99aa1afac8c0310f57ecd608cb1757d6722e63e5e7f1e209de1,unchanged,True,
test4,e,gradual,dwvp,noise,0.005,7,5a8e8ba24f72dfa372d14071ea47a33fcd93b7e0f97abe7ac8068edb179d95db,745bed4ea5332e9d6ab8ebff1b874483ba7af1a7b9d02ba4f65c8a296b1a0b57,unchanged,True,
test4,e,gradual,dwvp,noise,0.005,8,6619d4a718739535223444d7020ec0b191aa0680e1675ef0169a042e229f0af8,d5ffd447e2369488a920102d6165f3bf4defd96fdbc9ce58d8f9c9bf0ae342e7,unchanged,True,
test4,e,gradual,dwvp,noise,0.005,9,80f1218cef931fe6059772457a98f3a7d452c83f60676c3d10134b38b49a2f7a,085967bad2307cc57e09d4744820162b63bd1619517962f40131d57a36514886,unchanged,True,
test4,e,gradual,dwvp,noise,0.005,10,d6644b281416a6b0f8cea63863281f56c80f169d7f39b160d767b8fc8eb2f1a1,16597631570c78addf83581eb6707df6abe6f67db21377535437eeeae1bdc555,unchanged,True,
test4,e,gradual,dwvp,noise,0.005,11,13c7d186fc91f7b5c8b69d1ba7c7ac7ac1cb653503063a66e7bccab47b9de953,bc5312bc3448560467873c1b953b54cc8be2f1fe3913815a157373a3824de89f,unchanged,True,
test4,e,gradual,dwvp,noise,0.005,12,0c23b1d5a6ff489ab299ddaeeb20a895e0b524f4ca2297c9dec5a0f90c760f37,cfd9b3cfb9af49a581e5be7523050ebf976c84a7647ff9ba9951767a05b21992,unchanged,True,
test4,e,gradual,dwvp,noise,0.005,13,beb23c5cc871abebaf2d1afb4ae928eab84a7b6f2096fe62ecb829b8293bd4d7,474293ebec2c6fba774eddc8cd9eebaa6a724c3d7bf8b7892a50231b84cef02c,unchanged,True,
test4,e,gradual,dwvp,noise,0.005,14,63b08ff2fa11e46ff0ab6b5edcd614fd8fd31ec495c68d038194e95baba38b8f,7e967d1ec7ea0204d47191c5ec35032bd121b149225c5643631aad3d2e6e18be,unchanged,True,
test4,e,gradual,dwvp,noise,0.005,15,5cad344b3f521ae6c5282b2beb154ee1121fae03dcb09d5138038fc346ebaad1,dda4b02c7062a62629eaabd5d26a514957e40357fea2e015a7213819f55c4648,unchanged,True,
test4,e,gradual,dwvp,noise,0.005,16,c935ee29b93375b59b0696554e7ec9ab18c57515c4d35af758e518bf6cabe0bf,8bae638efc153690b762b5481f2ec81e77860499500a754b4c277ee4d0e7969e,unchanged,True,
test4,e,gradual,dwvp,noise,0.005,17,f9ae75ca05a1bfbd7e5fa85a6a28b419b97459deb3748d829210d597e2189b86,c456bfd287d66a05154a2a9a1b3665bd35e51700b655d592a4f73a3ae6f36b49,unchanged,True,
test4,e,gradual,dwvp,noise,0.005,18,7af89db61c0e2d31a5811a778edbdcfb96f603ca4ea57caefdbe8527bb3ea018,7cf2c156a8ca13d539a418c789a9b74056a23dcd11a0b8a49d6efdada9d4565f,unchanged,True,
test4,e,gradual,dwvp,noise,0.005,19,adc3e0bec006e152389c6d8e72465eaf7fcb92668d1f3a92010df8e430e65673,5eb26718487d7b037a88d9339c05b50b9adf8fb0b9eed97ab68ff195168d5947,unchanged,True,
test4,e,rapid,vp,noise,0.005,0,55a0520de3f800e6dc6ea4f8745c58ab370e634c9ddbac5664e3c9683d04db14,129c1682b7f0832dfcad633c1c8cab9477a7e0152b0686601d7d5987b322eb0c,unchanged,True,
test4,e,rapid,vp,noise,0.005,1,171f1cb983f9471f45afdd8a2cb2af1923c052ed4588026804ad1ad83ccbad6a,d148a6c4ea170ab927ee19cda92ea882a580a9b4539ab81d4519f49c90837fc2,unchanged,True,
test4,e,rapid,vp,noise,0.005,2,1a562e47fc629710c555b177213fe137cb5f72f7ccf4d4cac89542b592bcff3e,6d4b990244fbeaf381bc3f9f25a909d064c1e99dd5b378ed2b7dfeeefbd1cf78,unchanged,True,
test4,e,rapid,vp,noise,0.005,3,556896814e2e854e55cfe4fb7d082b3633ba43aeae8b8b06608eab61c3358997,b2880fbd919f59fcd2fbec44aa039d591ddea4eef1d59c2b63ba488999dc8e1c,unchanged,True,
test4,e,rapid,vp,noise,0.005,4,ca6e16b56c6e474057b03c609c202a538a50c6867d332e622631217ff52f69db,ad27b9ce38483b727afa1679e7d6de76cfc6406ff5ee4a604b6283aeb97130ba,unchanged,True,
test4,e,rapid,vp,noise,0.005,5,3d1e76a127a7b699a12ecd46dac8de1677d57518ae2981bb4a1a0597d48e7fe3,45ef0bd6cd6f61bb43e3624274114fa1369490d1a33a5efe7dbdc11422a22f19,unchanged,True,
test4,e,rapid,vp,noise,0.005,6,9babdf0122a98ce04221e8f027100e545316f0ea0d40c28701d5326f76a9088d,d0c9d68074cc00a8281463cffc909e51ba48f995873e5f4478f314405ce98d3f,unchanged,True,
test4,e,rapid,vp,noise,0.005,7,7c917f82b5078ed97151248e6c9ab850b0937c84470d67a324ee7354a35af9a2,70d8950d4186fa2d6413acf6948eccf5c3fd2fcff807163e99b1fce3959a1036,unchanged,True,
test4,e,rapid,vp,noise,0.005,8,bdb6333be366f166e148aaabbcc40f54f5ed77b8f1a9055ec7fe4e0eba886d90,6e63e395bc0ad10d0f96d6b33b853a45961afa7241cbae3b4bf5cf14a1369835,unchanged,True,
test4,e,rapid,vp,noise,0.005,9,2db3962718e6e1c7b25321d63b35a8a42fe6d17d0b8ec5be7d42f4179792641c,651e1f13f9cd1fe236a44f3ac08859a3c6d4334072cdbcca533ea43770b7c7e9,unchanged,True,
test4,e,rapid,vp,noise,0.005,10,1b07b07171c59b7ce41665af424d26bc52ddf68e036c446cd3a715da34fa8d13,6cfc66079c1b9b59d5f91c092b9d5d9aaea39960c4a653955eb8a60732a5af7c,unchanged,True,
test4,e,rapid,vp,noise,0.005,11,9b1d9c442265ce258c64cfe67911753bb7507d02537b87ba4a7bd1b4fa4256e5,da0ee35e1a3715ba0dfe7a5659ddb1ee455b050e5ec93f18b21af044e107a5ce,unchanged,True,
test4,e,rapid,vp,noise,0.005,12,d7f746351b9ab83681aeab930ba5d4bbfcaa107234103bc76f0196429348b6a3,8a3f1481cad1f6a39253fbc50cff94f4a98da7515064d5f6e9d08a0e49ed1941,unchanged,True,
test4,e,rapid,vp,noise,0.005,13,48d81cc8d17c138500850ecaec1694c28d8a98359a3d75e60a32153faffe98ef,2bc1c41a59f79459dcb16fce0914e7d5f20154842766b7b5acc64aaa875b657e,unchanged,True,
test4,e,rapid,vp,noise,0.005,14,86c37e7fcaf51d4830f0dd5e6dad99f6652491764dda9146760d09e6ab91d2e1,942348f086581f7c63c37da9672ec96b176fc94f174c591552c2438e066abec9,unchanged,True,
test4,e,rapid,vp,noise,0.005,15,3283c3a86b5d9945ea0242ad27ee635a0229f55e88d0214b3070995859ef2f9c,a02cef19ff5b9913ad795e22259950dbc948eb4198d2578cc801b5d23a94560f,unchanged,True,
test4,e,rapid,vp,noise,0.005,16,6f5b3a32b6994eee762244192d15111382a9df194f504fe9f7baa7a6d76c8cd0,4868e69eddb36cba5e2587fde7ac049c8c4caf5b92d38cfb6cd4e6927319965b,unchanged,True,
test4,e,rapid,vp,noise,0.005,17,654853c3fd693cf93eb66939dba7e25513999f363fe494b6bf8e3b84ca954479,a8a6a3f5c363d85c18b9ee46bd123c53a29c75570f3956ab0bb9008186016408,unchanged,True,
test4,e,rapid,vp,noise,0.005,18,741486b3f214c7f082a08448fc0862c1f0f106f11a90bfe561e4e0d205d8b4e4,d1e9cd3de1f95383a80583196e323baafaf396a7ee9b613e2358463cff175c42,unchanged,True,
test4,e,rapid,vp,noise,0.005,19,972332fd458fe217c215a52c155ac5d68fd430e3938db6905bf350b92b10ff43,5c20a45e4a9291ef80e2c1674e8f0a0c455a51e6b3950ca2fb0e0ae8f468073f,unchanged,True,
test4,e,rapid,vp_scaled,noise,0.005,0,0147f07e9901342f7d51870dbe0702046fc8b0a0a349a366a9fbfaa1df69ff28,beb3cbe3205dafc7d8be9d139eeb1aed24193961ae87da14e8bb8466aa5fc2af,unchanged,True,
test4,e,rapid,vp_scaled,noise,0.005,1,bdf732e91f734d0d31d7024415504ffa5d2ea85deb79de3271bdd66d32ed3fdb,e465d2302de435201c06062a6fb37cb5d13d1106cc66dddd0e6f7565b0c2d2c1,unchanged,True,
test4,e,rapid,vp_scaled,noise,0.005,2,e629997e5641b6e22e69d0ee1982dea5a6931ee9e853f763f13f2392196961b4,2840bedc58fce1eae63b481c5d86999efffa788b9fead945336c26fc9d944923,unchanged,True,
test4,e,rapid,vp_scaled,noise,0.005,3,4d6277b73ccfa454022531e7fd76a46c4ac3ed1990fd7a5a5b6641093a56909e,f332054b1fbf3b9a70667e4a187ee677d9135126edaa7bdcc2bde903b1262644,unchanged,True,
test4,e,rapid,vp_scaled,noise,0.005,4,afbbbc74d51cdab7c8d919adc32cf1d22369345c0cf6e84156a6814103208146,dd05d490918255e2b90d003acc5515ce32fa2a6e88bcd9a186a8c273ca9acda3,unchanged,True,
test4,e,rapid,vp_scaled,noise,0.005,5,d6dd2dcef30fda7c274aac6224a91b97d504f9a7e5e4693340e76ddc0dadbb28,49601cb76cc53a89975d23c1b015284d59299928b8ec587b06687e081069caa9,unchanged,True,
test4,e,rapid,vp_scaled,noise,0.005,6,3e9fd50cbbf71f42ba30ef1cd748f57ce27a48cbd6ce01b1e6afe9badd93fa73,3c51c6ba7b10be49f778e019d1b67ba31bc99a27be7764e353f62a4edbb8fe5f,unchanged,True,
test4,e,rapid,vp_scaled,noise,0.005,7,671fe1cd5906e69ea9764c316c6a2e95318f8d7b5350b65370e6b5f63206195f,7fc2c4c047a0bcee159d0be0af3552c98b1a2c043bd9710acb127293bc5fc6ec,unchanged,True,
test4,e,rapid,vp_scaled,noise,0.005,8,9da5a45b7164ff355b6a8ac7316953339154ebfecfc16bb6de1536fb84ca9ef4,1c490a25c6367dd46dd8556fe29c73992075eb74a7773f02b684bfe261c151f7,unchanged,True,
test4,e,rapid,vp_scaled,noise,0.005,9,3d7d36ed574ad29f4e60cc2312304b34616ab08ba1399a157a7a1bea36fedeeb,d7c2fc9705651b1988c814a1285e11c20eb13ef2eee7dbbe5a602ab1f87472ce,unchanged,True,
test4,e,rapid,vp_scaled,noise,0.005,10,2e05a028d254964256b97f7da94c3d54409785fa1825b8a95be7d897db83aa69,50d38a767548fb44fedb20132a8916904e9298a2527152f187b0bdf51bff1314,unchanged,True,
test4,e,rapid,vp_scaled,noise,0.005,11,2b41a305d37ccef1a054e74f4045538a2a0ffa2b115baeb6a8519d236ece99bd,6d0a00b1b17cc023d6cc1be4be4d229761a8c64db6e3d068a2f5f8c546fb3327,unchanged,True,
test4,e,rapid,vp_scaled,noise,0.005,12,8bb43574f9dec262e2d741e726415422c932832669660be8e98bb64d9fd7ac4e,bdc57c36e47c5c082f656e7d668279784e427e73c00f379572d9ef2668b7a854,unchanged,True,
test4,e,rapid,vp_scaled,noise,0.005,13,83f96535f9db59529fd28856e9d0cf443b379d9b1adf6d6d88b2bb85d842ec89,552c0ed8a335e355088c8188a2704d887f92195146177ef6326c74013bdbc893,unchanged,True,
test4,e,rapid,vp_scaled,noise,0.005,14,e4188e7e40a82f3aed4680c89c0f433b0802ca5fc157068fce9c10d653401649,64ae972929845ebdf23853c1ed17c2b55d63bc194a5f9250109299ae32832821,unchanged,True,
test4,e,rapid,vp_scaled,noise,0.005,15,19e1c3fb84c727c2f10307190b7c76ddcaebdfebae58b12b0a4c47225a902cf1,8bcdb004a2ba4cf49507e6f0f8d65bd5a637e82df56f14cef6e4c99433428a62,unchanged,True,
test4,e,rapid,vp_scaled,noise,0.005,16,f7c81b33222360b61e78b1b0a2804a6b87fe82622f9ef72d9dd81faff2b0e13b,1e99cf70175835d36e4e3c2ff43d7712da1d61f9dbba966f76ec618dbe9b2888,unchanged,True,
test4,e,rapid,vp_scaled,noise,0.005,17,d9d8a29f34fffbda22a027c9602530e79b9d7e772873d1d9e93e6bf1fdf396c7,5287349bb304bdb6028f30aaecc251e2fe91226ffcc73fb92ab1cf7702d2d734,unchanged,True,
test4,e,rapid,vp_scaled,noise,0.005,18,a949aa07682281e46d897e2ea72c15603d9c9bebe1ba56bb9aa326c5759a3db8,96dcc0803d3314bc7f3f277425414bbe4366bdf0391ece849e1b541cef6c3def,unchanged,True,
test4,e,rapid,vp_scaled,noise,0.005,19,a0cf33859f5a0a3c07611125146e6e142b4af8293f46f8714d633a5cfff095d4,383155dd53157a0676a96169852cb2998e7fa72b085aadecc3fc087a8265582b,unchanged,True,
test4,e,rapid,dwvp,noise,0.005,0,c8c50beec4e4badc24d4a42370e639a88e3a9f9093cb424798fc198eb2937589,8aa35cab33d68728aabe447c9438101bd5cd3f1443bfe4777cc570755399c7e1,unchanged,True,
test4,e,rapid,dwvp,noise,0.005,1,db51650878a5fcff3f27301a6dcda087688df3ab8094438946ba810dfcf7751a,d179d36e14863236b038531d2359f421e7247b9fa611850669769a0ca52f006e,unchanged,True,
test4,e,rapid,dwvp,noise,0.005,2,0a314e83ae93b7f2624a196742b1b842b7be2bfac662e53e8664cb92193d4a7e,7534f54f46d3b8eda296dd86b2f6b4bb18b424f3b99068b0efeb993ffe85fbe7,unchanged,True,
test4,e,rapid,dwvp,noise,0.005,3,b61ef6702a30811a5cf9fed080a7f149a6ea49124814adfd77d64eda8f06e926,a595e039f6861a08514a3115f57107da83193462df145203d56a10e3963fd8db,unchanged,True,
test4,e,rapid,dwvp,noise,0.005,4,6b47403a9bbd17ee8df9ce30e7dbdd44e0435c8a428ebb9b031dbbc7d0519914,db63e741fd682091c5a485ce346f047966181291b2f325141d71a9d4f177652e,unchanged,True,
test4,e,rapid,dwvp,noise,0.005,5,18598e993918fe06c50b9c33cc12bf6ec7820644e1b195177a18ec15da549a26,3a687b388e99f8f82aaaff61b25815a9063f2eb98e2b4230f6ebebb16e30c5c4,unchanged,True,
test4,e,rapid,dwvp,noise,0.005,6,5ced76990c2935c3c9c0d5126f624efed66b148e353d3f04a3c1d5421c94ff29,ab1bd5f60d7ee881219fa61c15040de28a4f9dcef2a0d3d9a8426c95e9dc78ee,unchanged,True,
test4,e,rapid,dwvp,noise,0.005,7,f8207c3c58929e80687cebc609bf6aa3863e7059f1f8c0dc08e4aee649775ca6,36f758a347f457e98fcd907cbf6bbb70ec5a3b3349730a7d3ef304aa159df242,unchanged,True,
test4,e,rapid,dwvp,noise,0.005,8,30e7cf34b34d7988824a92b26f4470e7f8e1b0955029981a7ca7abbdac5ace69,9af7d186d7369d56edc69d0f99fa7d98f257314b6f070df686675e82d5910aeb,unchanged,True,
test4,e,rapid,dwvp,noise,0.005,9,4db659882e1b51704bcd48fd7a093408d5ef6400c3b8e0c5192ca6e40453726c,58e60975cc8f7d9ea6545e39c5ea578f76aa764230fe7780e54a54b6ff164730,unchanged,True,
test4,e,rapid,dwvp,noise,0.005,10,2d18483ef5d6dd37b3dc3087f63171496e8466018fd2c8a7fbf0a2ba892338e3,b34e98623a725b0a7584c716c4ff54f039331bc47b596f24e0971631b63e626c,unchanged,True,
test4,e,rapid,dwvp,noise,0.005,11,314ebfd8269cadeb6f56b08b81fb1c2295cb82310d6ecceaf91a507b762a0064,0ffbce36f2dc41bce0beb000c8f254e6f9d0d3a3d423b5224af040e36e44af57,unchanged,True,
test4,e,rapid,dwvp,noise,0.005,12,5ff9b75eed10d2a2d19eb50b769495e32f99b023173dff5cc8e8ab40ed94733a,645b64b1701fdfed7446522f01284e483c2fd7c6f75c7284ea3b997b6a71de9d,unchanged,True,
test4,e,rapid,dwvp,noise,0.005,13,29e026e8862373e4b3253ce567ce7464fae393f7665b47121d4c4607d95ad9e1,b357f47c33ec3732382f70cb9067921968e536652f53a709248a9598d1ab7d40,unchanged,True,
test4,e,rapid,dwvp,noise,0.005,14,f2d24dc2e3f3decd395eac0852405ba60538e33d27aa8e2dd1b5849ad0316a38,dc680863a4b9506b1ea158b8692fa260fb046ec59fe8b3308afc9aea8c50ee98,unchanged,True,
test4,e,rapid,dwvp,noise,0.005,15,e778ffd068e1c68398a74c88455dbdfa316f56620e267758adf55f8d683f43bb,97a10493cdc76b46a3862c46ed926f738d533f0286f5694d657f75fde623eeb2,unchanged,True,
test4,e,rapid,dwvp,noise,0.005,16,dce86f1c6af856aef7ad11b5faca56533980d145e72d12dd864e4fbf70dcdfda,ddc2e46838b024835f9572a0b26e818e99b2d57d18e6652551c34eecabad88c4,unchanged,True,
test4,e,rapid,dwvp,noise,0.005,17,7f6ebcedd201525c3ee234bf29832a9f2ed3006a6963fbb2a0215660df749e43,c338979ea88bb204d5c4851e114705c9960283b1eea59fd884d019efb9ced184,unchanged,True,
test4,e,rapid,dwvp,noise,0.005,18,f735165eb6750d5f5cf5535fa27723eb9ea657e426a2f7a10dfcbc33b768f399,5b5def0b3c9807b6007bd47cc11afcab50fa0b9838af3de6743f5777dbf8d1ff,unchanged,True,
test4,e,rapid,dwvp,noise,0.005,19,e0c612ff050002a44c9d9f6da818b15a6e2878d65b7ea0a5fffdc52148506715,90b29fac00d32ead0f38154fcbb55ff73d5d6c0811cde0952f9374b53cdd9082,unchanged,True,
test4,e,offset,dwpp,noise,0.01,0,5efd3c0ab09fc5fcaa5527889dbf85a80fa23905bf3740e80c48cfbdcfe45362,c0f32731869d3b170d0d30fd776d5876b628a6ecdb93abf4a52bd8034f172667,unchanged,True,
test4,e,offset,dwpp,noise,0.01,1,d75303c37b3b3cf62a6964c4acb1a421417238506001c78f820567ee4630dd19,893cb8679fe5af87f13a7364c19eaf9202f86bdd525c21320dfc31ce62e13ef3,unchanged,True,
test4,e,offset,dwpp,noise,0.01,2,5fef44c1881262cbebc641129c69a1d08a4e5dec40fecb7019b8a860a5d4c4d0,3866edca5bcb13e68b3c2c8eafb5db1d85bc2f236b81bff4b62c9f528ccef9e6,unchanged,True,
test4,e,offset,dwpp,noise,0.01,3,c7a39d72e3bf45452ea8280fcd418b1cdd69ffbc7805707b207e40bfd6f01d85,3453eed2841e017ceb484dfc98f164f35f4248b2ae7efb237d44ceec4c206f83,unchanged,True,
test4,e,offset,dwpp,noise,0.01,4,1ed0ad4329775d9776590348ae4ae4475070fdcd9dfc4bbe81dc730369cfc123,330b60a548c9f60b8ff593e72b6d1b5f7c4b3a2caa815879819578bca0502fd2,unchanged,True,
test4,e,offset,dwpp,noise,0.01,5,b3e83f249c18e95c1211c7d0343276b03bc568117d9b9259e14b6569f59720ce,6cb1d2fc970d2f5673143ed780ea6004cf6bc3cf2690fb2620f877a9ec19bd92,unchanged,True,
test4,e,offset,dwpp,noise,0.01,6,19c50471134a6cd371ef0b12f37a4022cc079b39f764819ac45cf3ef0d890071,9dbc9fec26d48bce671ded9fe99bb3aa4e7ba09a59111e4e00ab5e45a7c40441,unchanged,True,
test4,e,offset,dwpp,noise,0.01,7,27642f770bed4b86330dbd173f5c9cfa8fd84add27324050c9d0b3712f18b3c9,c847dbe7b2a36f24f5ba3ab5b6b691fe8543eac8f08b0ea07d3586fea6ecf326,unchanged,True,
test4,e,offset,dwpp,noise,0.01,8,f8289f188e8785d86fdd6838295ebc8d8e7d82349ac63e5f9287ab5e50f2bf5e,4e143da958e5ba63342c9dd3816d8d0107370cdd605551931e5eadca722f02a2,unchanged,True,
test4,e,offset,dwpp,noise,0.01,9,3b8424f4950e6a7a1d50911fe1699b8602f2af174aa5df3be1a80e3173a69224,2499dc13e6317b0abe89843a2f74c49059894d868dab4b9fe9417efb46ba7ea6,unchanged,True,
test4,e,offset,dwpp,noise,0.01,10,997d940dff83d1e1812b13b9e8e3045b44737e8a3581bd6e691cef62ac2aa342,5aa413a237c9dccdfc7c4ae312871788c5e51ed37fd722aa67fbd85d5bd56537,unchanged,True,
test4,e,offset,dwpp,noise,0.01,11,5508f6a662dc1f2e21ce596d6b3e9531c581e2de492bb22d06e129f36ba40267,2457b9ac3c64b7d002e489a53c4418eb3f968d3e9b461eb5aa022cf1d209af36,unchanged,True,
test4,e,offset,dwpp,noise,0.01,12,edc81ae7f66054cb718ddb0a5c371942e7cc3fe7475f4dfc13da41193270be85,087481a08e92dfda44ce12ee36eee38bcff8507a7bffa8bf7db61db082b9eb64,unchanged,True,
test4,e,offset,dwpp,noise,0.01,13,7aecfc73c76384bf4f7d255f50c28fa087e7c4b524d0d211aa4c4d879cca20a6,4258f6c89adcaf714ee2ef34c3fb917cc394dbcbb6288d6e010ed4fa084e42a4,unchanged,True,
test4,e,offset,dwpp,noise,0.01,14,fc99c42f1635dacdb31e262ed4e9cf8cd919caa45e3a42be991ef8ea9bca1dc0,f6a957dafab5d419eebd51908fb8826af71f4f185f08e08b2cd040ef984480ea,unchanged,True,
test4,e,offset,dwpp,noise,0.01,15,e6b8163b36718f69f97fe7b68256b0c4ad867938bbdddde87e3bed39bc98427d,180d8faef7cd40e4f4dd9a6c23290816972b58432575c60df38a1709345b9311,unchanged,True,
test4,e,offset,dwpp,noise,0.01,16,b276712e2d618fa6d2de598a339f3321d699b0acd9b22244f28177f5ce3d1f3c,71030d441e3ae3ae5e4b3e6166e7a5bf431fd25fa27af129d389c8c2de9c1848,unchanged,True,
test4,e,offset,dwpp,noise,0.01,17,00460dcd46c49ef020ba71145aaad7ad3755bd2ecc092669f6eb28ee3a85163c,73e9691d435529984081102f99c9596442e2d87e24e1d7b4814bc8fd5a8169f8,unchanged,True,
test4,e,offset,dwpp,noise,0.01,18,f844bc8946837fdc612cf59b00b22d1ca6430f6c6d07e8fe5f2eef1eca98b44c,53c86894b34f792c25f188315a4ab36dc276d1ab1f1583e4d40bd26551c68d64,unchanged,True,
test4,e,offset,dwpp,noise,0.01,19,9f6bcb42b615645f628128b4ebadb61cc52d02266d26cc1e167492cb51dbe25c,266ec149b5004735a59aa0d54bb75f117a92d42ae9cb0507848f547fae7238aa,unchanged,True,
test4,e,offset,vp,noise,0.01,0,10f90bcac2ee8c56d0336262b959f10586f178ccf45b6069f726a1decdb8cf6c,4325ad92bd1a0185477ca409f80b3eaf396c9503f72794292fc4dd25296bd31d,unchanged,True,
test4,e,offset,vp,noise,0.01,1,4ebef819d40b45a7c2765495fa7ed4189af59c1918c21df8581c821b6546eddf,d395bd880d5d63d537b03af6092eb660f7ef1e328c8dcf79dc6c866068d74276,unchanged,True,
test4,e,offset,vp,noise,0.01,2,d81acd59a38d7bd57ffd88af6210b20349d11b3b9582bf9fb3cc0bb432a65c5f,4a2eb18f82fef5c98e7f1009f6daf6fd29c22eccc935ea06dd493dbfe57d3ca5,unchanged,True,
test4,e,offset,vp,noise,0.01,3,fea167e7e94c16ea6c9a9a30dc30018da79d498d6085335a1dc59b464b82afdc,7a5f0bebc0f6d424d3bc321c74423d0e45d8e43188615c7b4b99cddb1f31d3b6,unchanged,True,
test4,e,offset,vp,noise,0.01,4,985bfea65efbadbd095e1ba978f4c1275dbaa01f4a84b2d6ad9add41911ad5b5,2edd3ff544e2551e9961d1c032ede6380ac0c09eb7e8f6df15a6be5dc37aad8d,unchanged,True,
test4,e,offset,vp,noise,0.01,5,194ab8a5d14b30b8dd50eca7da0f9c93d0971a8daff71fbb30f8e5d723feaec3,8c0b59c2fec310ca73f3aabbb232300971dbe8df03fc22d78f343aca7b0cf1c9,unchanged,True,
test4,e,offset,vp,noise,0.01,6,1aa443d986d34bb3598245316955cabd2c3c47f81f1a0d7fc9194eaa8967d333,54749c14e27b6142ad35b5c61a479911561a7619c359f0da10cc6b1f8a9afdbe,unchanged,True,
test4,e,offset,vp,noise,0.01,7,7d191f97453edef8a9349828cac43d9cd2f9f92485a8329745a4dd3fc200b5a5,1e27cf46953468529ef143fb430131a7cfe2dfdc66393e316d1a5e3f29f7926a,unchanged,True,
test4,e,offset,vp,noise,0.01,8,968a3de7576e24d63ab4e608ba25396ee0e665c65148f64504073c23f5ece0c8,80150569d9ab6d74bd91e175f0d15e62a20c757543f9c7c8ec91ba6e6097d1b4,unchanged,True,
test4,e,offset,vp,noise,0.01,9,ff4154e8f36c7454f2b72ff59f89b8dd2a65123ecc962d103ba6360ca65dd6b7,5742d516fe9930d199318fdb3c48b73a784c2f607d89e69901c3d7fbce108a9a,unchanged,True,
test4,e,offset,vp,noise,0.01,10,d0e5671095b584d6928347138e5ed906001a666de1519ad7afb2cb8e25bc6eb1,1a94e2a78c8da3470d149bdb70b685b6b00f95b7dbaf40452b51cdea968e3359,unchanged,True,
test4,e,offset,vp,noise,0.01,11,e41b99d2eae33848941024d874be75df59d69172a14e3186d79d0d1410d4955c,c97fc775797340acf6966e097b8b9c1c3234a5a8c3321f32a51b0d56e6d869b9,unchanged,True,
test4,e,offset,vp,noise,0.01,12,1265463d2e899be31e9faebca2949a6ac5b7fcb6367c28058a39d6e7d3993285,6969d6ad91a572ea2de8aa7dc886c1f7f45d9cc3812726d3aa4b0a71499dc0ba,unchanged,True,
test4,e,offset,vp,noise,0.01,13,2b8c7423a9e99c50e61ed503dd3feefb17e52fe75a5bc9f3ba23b2d583e4a3d9,0bf0283afbbb715950663991196ffb074517f5a6921e2409151f1a7fdfe83167,unchanged,True,
test4,e,offset,vp,noise,0.01,14,848a797bd8ba70fb031e036f59be9523a4aa75fd9df1a7d5ba0cd04b69f59715,18d28633aad69247a5a7cdae930269403d0e1eb970329e2a69b02ea183e0c74a,unchanged,True,
test4,e,offset,vp,noise,0.01,15,d3afc37d1f6edff21df99f51af73ed4e75de07902467f543b1bb1b89e8c17da1,444b99e8a07100d91d134836acf1af5df0e02282e87dc13cb79a5479e4140214,unchanged,True,
test4,e,offset,vp,noise,0.01,16,dde2611309f8fd21d1bdc0da5b9f7063b559ae58783eafb6be35160a37e0309d,40bc8d869efd01ccf189bf200b12fe9c8fe65711674b0e618f4fab0c99607059,unchanged,True,
test4,e,offset,vp,noise,0.01,17,ad403e10898d84e3d2f819af0cfe17b21942d9bd4043e37b110e18c6fc0ca22d,7ddd1d09799de96ecb26b2b23726c9778a024dcc69ccc54708ccfccac53afcca,unchanged,True,
test4,e,offset,vp,noise,0.01,18,82c1bf48827900daaa139290e8148e74977ad6434f0623a55ce4377ff7642625,c3b2e46369bf17f643a8c7eb791638390b6a2804b4766fb592ded875893959f2,unchanged,True,
test4,e,offset,vp,noise,0.01,19,fe6a6296c5b1c0a985a762f4dfa7a2eeccf2c98d1a5dd2f542a5b7949cdedd3f,37067a2f14db2d22cf28746b4d950ec6898fbdf9dba883c1521b7bbc81efd541,unchanged,True,
test4,e,offset,vp_scaled,noise,0.01,0,47a3ee279ad6a42946767e3cdaabbcd0811416733990eba26470f06329dbe25f,56397bb473b536e16ddfbb68187880ebae5efb0c2f325b47ad2891fcc478699a,unchanged,True,
test4,e,offset,vp_scaled,noise,0.01,1,67222aeabe5e365ec4293fef0cfc9e6eff902e29ece1369e27120228aa80d857,c32b8d4f7151cdf81aa96cc41053bacb96364d22bc7c85818ee483bd6b2aef98,unchanged,True,
test4,e,offset,vp_scaled,noise,0.01,2,b567cb39b9038bed893246ef6e5694dfca73505bf05e405a3af81672676a042a,e6f9acfa84353b6465909eca0ba839cfb5bec967e089aefe6e4c3ffef292d3c9,unchanged,True,
test4,e,offset,vp_scaled,noise,0.01,3,31744cd382f6e95ed13726e53c0a1ea014e01996bbbf06030be363bc688c4bb1,e3a319b1854b050c570c7f3ba20f4a5ce36eb23349efb7fca24e24fd16e19652,unchanged,True,
test4,e,offset,vp_scaled,noise,0.01,4,f1b6720c18651d7a4938d0bb79fea22ec106835f0a1559ae209281e3185f043f,cdd00ba012b6b1b141f7a1592387897fdf252a3267e4fca0ee57922dc4e8978a,unchanged,True,
test4,e,offset,vp_scaled,noise,0.01,5,c42a2bfafff5ba4041ffbfc265f0a9126b724df51e3ec6f6588125b113bcbe68,661db77dc5ffb38524ecdecd908b678345284d64946e40130439d2d26f954aa3,unchanged,True,
test4,e,offset,vp_scaled,noise,0.01,6,559e45757deb7055d5d7ba5cb16f100b71c8a510859d97d5cb8611f3d126dda8,eea260791741f49796cd7130e69ed69bfafe479018896ad1f81a47634937fb58,unchanged,True,
test4,e,offset,vp_scaled,noise,0.01,7,a02542c2d9f76e39de3bf451578336d7fcf2261245ddc143354bf6881af2a590,cc28140dd1965fa3d8e9e4bade1fc12bdf988d8306e0de7758e63db3ce5f5306,unchanged,True,
test4,e,offset,vp_scaled,noise,0.01,8,ea478eedd393db1ee6027192cdc91aab5aaa9c41284e40af6660daac2533d5fb,a88330f9d06fe55ce2e867ee0509b231ab98232fe3982570bcc86392a7e9aa62,unchanged,True,
test4,e,offset,vp_scaled,noise,0.01,9,bc9545176f7cdeec69a1d708a5d8aca872eda8d7bad8b51d3819cb04893da584,cc6b59dcce1f65429d565de149689011266f5419b1f30ca7c9f7fd7f3c82f0a1,unchanged,True,
test4,e,offset,vp_scaled,noise,0.01,10,8e9584fafd2aa5e50dfb04e871ec0ec1b7488ac8e2bac72e8029f662daa4604e,325980e2bfa4b6e01510366b2ff47bcc23238fe00d44d8b42b5c1604df7c2165,unchanged,True,
test4,e,offset,vp_scaled,noise,0.01,11,9816d06ff0d9c9f599dc3f367af6a9b3854f76488a07050326a3a6ae44c27f0a,41bcb46907bddd09f292b84e5b43488fa5cb88e9849f3174713efef5fc75749f,unchanged,True,
test4,e,offset,vp_scaled,noise,0.01,12,3f2a389917aa33d4749a438df9d7726c1a491a2f6b8e2c127cf6db4927a29379,7bf9894dd6ea6a3d32313513520476057061bc628fedbd491b24ea8d063ca44d,unchanged,True,
test4,e,offset,vp_scaled,noise,0.01,13,3991f4b81a78360e6789701813f19552532ce99302d762f746af3a603a9cc4fb,f180356120f831c99262e73af1936ff297dbc3c64503bbadba580d4d64c2db52,unchanged,True,
test4,e,offset,vp_scaled,noise,0.01,14,7fa732676489d5bda75e68c29fe0d3b100e1aaa254c58cb921a428c64850b025,7b8f2289417c959d3345a84d8b4a33f87d5405ec8ea511a1fe6919e1a99455ae,unchanged,True,
test4,e,offset,vp_scaled,noise,0.01,15,0aee8bf0a85827ab205a0f6a2de24227e86c1662fe89d3a5a96fe00e42e8fa45,1f4135567737868c04d303ae7670ca58121b27b6a3edfdc4ddc3542f89d68857,unchanged,True,
test4,e,offset,vp_scaled,noise,0.01,16,542dc6a18fa523350095ec0c438de2a53710472fc8b6b8b234a72136bcda5efd,8deaa2db84ef2122af7cf3b9ec67eb3bf0888e5dc828a7ac6e2ac3d8c046ccb6,unchanged,True,
test4,e,offset,vp_scaled,noise,0.01,17,367e926b9dde8c585ac9f5c5fb6188149c26dbd7d48002b05ef38c7b933c1327,16c524601c448605d233f010ee51672ad9d5dcc1f7311c43be7676fe51b01cf5,unchanged,True,
test4,e,offset,vp_scaled,noise,0.01,18,e9c843fd335d1b22b83d018784ab1aaad9a4abf2c023679ddc6d4e9e3c55b0b6,060e20fa8f7f66e0b024c209d5896ee79ef36798f82dcfda2723b1eea14c727d,unchanged,True,
test4,e,offset,vp_scaled,noise,0.01,19,5c48f0ea8c6e20d1b639dcdfa0d9801d18077298fd9eb67042f36f635c616b26,366a22f8d6f344aebbea93834396ff77c0c358c8d6c26445ef9af0f1626732e5,unchanged,True,
test4,e,offset,dwvp,noise,0.01,0,b269e8ab7248920ebe8da31cbb88e074700691bb3e27ee3a25bdd091af0f0360,15df4891bed1a301fa34bbd6ebdf5f92129f3e625613838506a42fdc216618b0,unchanged,True,
test4,e,offset,dwvp,noise,0.01,1,4603e3212ce0c22b620393294c1600a35809a372241b694032a497fa92817375,2b229bcfcd940f78bc3ff245329c0a55034af878f05f3e8af510a1760773d1dd,unchanged,True,
test4,e,offset,dwvp,noise,0.01,2,54ddc222e879b83d1e3af4132f7b4373c832a1174fa3db4e9c1299ae776a6be6,a70dc2dab76f264639c7e96fbd40bf0420b4fa5ff91ed6243a92e68ed9465bb1,unchanged,True,
test4,e,offset,dwvp,noise,0.01,3,7509c165bb03151fb778ef3e95702478db9187414664764ffcebf41c47d9f738,291a6a9b2fc703d94d75d812cfed7c84f13c34098f5d490640a9d5e00cfe0a6a,unchanged,True,
test4,e,offset,dwvp,noise,0.01,4,34a3d63e839c44d9cee475e8d41200a70491c2fa92e19e26af1f4d1447db0deb,a382ce7af84a2207f2ef9bc2f0186dac2721433b09470e77bb4fe4816dfb66fa,unchanged,True,
test4,e,offset,dwvp,noise,0.01,5,b7cee9405bc6c2bb47a906ebc5bdc21dfea3e47711f4f03513e7cb6a43e73812,db9a0e22ca5f93ff35797a4d4da19d25388ab865271148a0c4c03efb7e6b3b25,unchanged,True,
test4,e,offset,dwvp,noise,0.01,6,567f983bac88e8c700c18c6033af52b9f8249fed466eafe68c4c998f583f0294,1c00c64e87689ce3fee1fb813d2074dfa3487b6cd77a52d6a82a31027f3e1963,unchanged,True,
test4,e,offset,dwvp,noise,0.01,7,7c5b35c958b74744f83d37eb88f43ea151284a356cb633b8de7f366e5138e05e,1eedac6cd682db37f0dfb08c55115240a8a23868e2c1807b70c3691f1d9cfb81,unchanged,True,
test4,e,offset,dwvp,noise,0.01,8,25907ecc73abe0cfc9fa780c97fa315cf23ff1a8d4e2c39b960a40d0bd08d146,b0f40fe1b3d22b0dc4be290456ea0b1c5c96dce91143ff9f25e2aa00707dc453,unchanged,True,
test4,e,offset,dwvp,noise,0.01,9,349469a3424d1d02d0356adde682262e42558470d9118283150ab16f82950510,15a6a34c25306b10a6b79629c64272efe299905aa96c3bd3c1442739c3e6086c,unchanged,True,
test4,e,offset,dwvp,noise,0.01,10,2bc8072617ed96a5976f527f309d0c4a10ce8dcae30b4a40d1a49aab8438df0a,ede805b717dabd315d02f937dc7ff3a75d89134d5d1c2fe2b4997a15db69ae9c,unchanged,True,
test4,e,offset,dwvp,noise,0.01,11,63e8b1042f40b38771bd52861d771baf83ba2505a22502ac48fac750d74d8a2d,7c0cffbf30ce43476ef990166e9193f5a322ab2d62bdbef3ebf3a2b9748287f6,unchanged,True,
test4,e,offset,dwvp,noise,0.01,12,5a3511e2c98fd7b45039daa10bb02105db16957c3190b4466a47b76047a88917,3182d0b02b4331e09218e459f50b8f17e8137e9341be694e09442cc95616121e,unchanged,True,
test4,e,offset,dwvp,noise,0.01,13,27bf758635442b13aaba1c3c4e60316523d5d07785a1a6121b8d266a992b94c6,5ae777cb917d16559d28aa6cff0ef59000599197da7c4fb6ab15f4f6a0b0db64,unchanged,True,
test4,e,offset,dwvp,noise,0.01,14,b8989b9b041cb8508157db07799ef380491662ea9d9631378d74e4c380aa060e,da89690f02fc7633ec0914ca4774444376e92374190e4042b8956417f5956e5c,unchanged,True,
test4,e,offset,dwvp,noise,0.01,15,8e6cfe0c6d2576307e10420e64192f46822c098b59e4840bdcad440a4b24b004,0b0ba4cb18a85e18c64176fadfe2bf345d1d65cae087872f6ff717c3ce73de30,unchanged,True,
test4,e,offset,dwvp,noise,0.01,16,0bdb9ff2fc7594fec94880e8b62f7398cc98c5969fd15c2f3afcc6ebc1309c1e,1d72f604a6904116f8edc4e301ab961a4c2261b3f59ec17feac204ec8fc59085,unchanged,True,
test4,e,offset,dwvp,noise,0.01,17,b38066fe330394aa8778eac689d57c81e84eddf8fab85f4ce295d19550d704e7,2f9f197e8ddfd3a9f32c90b1417cc0fe1b999f5134b3db99f93a9dcbbe3b81c4,unchanged,True,
test4,e,offset,dwvp,noise,0.01,18,3493da791aa1d17c66ad6cfef477ed3180e4a1d6c448295ffd0d92bcabd138de,07759fccbd83d91db21f01bbeccbd20aa4beceebc6150329803979630bd9b393,unchanged,True,
test4,e,offset,dwvp,noise,0.01,19,3e8c0f5be9bd47c79039f1dc53900a78a9506ea2590edfae493932f72fc0f360,175c3369ebff932422b1f9a2d8c68bdad4d5aaf2a4528181ce6d21b66dd18d66,unchanged,True,
test4,e,gradual,vp,noise,0.01,0,64deadf0bb8107f04468b9674a5b6ae0cef0a00ee9d22a5f09ceac648724ce67,0ea9eafaa8bc29bd6484299a10a3deb553e10fa744c78e7634a21d517c6496df,unchanged,True,
test4,e,gradual,vp,noise,0.01,1,09dd123078bf3f4b08f3409cb8f372bfb6471416c5f1d1b206b8bd2181d56be3,6b62367492297d4b60b69a161c97e7e319ac3c64a060d83b26ea57b9074b8fff,unchanged,True,
test4,e,gradual,vp,noise,0.01,2,d1caaaab83a648b283ce76805f52a373a2d681bb04534b77529015e75eda8eda,dd6547997c22dd9649a5260bcd72004bd6baf397f87181534e3bd9e6a63b0c64,unchanged,True,
test4,e,gradual,vp,noise,0.01,3,fcaa3e8590db048a64cd2f944b0afb54a7486808ff84478c281e395be183140f,0c4809ea97595af239c7a2c7025ee7ed0b5e9f4a49573e0394ca8cd0cd65277f,unchanged,True,
test4,e,gradual,vp,noise,0.01,4,5a0331ea153ede9fe5b05ae2cadbacf269208a2fd7569f17bc7ec9eeab316656,c33ee4ad15e5a2af67d9a528314ec1a6d424c6b03f277134953e7c78d1df44dc,unchanged,True,
test4,e,gradual,vp,noise,0.01,5,0c470236dcc0e49531a8141e296b0a5fb3bf7fea64fd6241734e6209c3a6cfd6,acc9633b8324a8faacf2a70753531ef52185dcd52629bf48a88aa4331c6f1856,unchanged,True,
test4,e,gradual,vp,noise,0.01,6,f91646dad9f4045fb2dbb8fb2be3076eaefde5d2887b57e30f6e58c3a7e7eb5d,776d8baebbd056a421bd16aacdc75a210aa5c47834b844123700cf79b27c82b5,unchanged,True,
test4,e,gradual,vp,noise,0.01,7,e3298cc9e64bcc49dfbb73efa2a0bbab0607ab9d7a2a3b68b46ddd1b990e8310,a7c4fc357541be6a288f01ec5749ff7d86712ec5400887e94b9b83ec4f14f15a,unchanged,True,
test4,e,gradual,vp,noise,0.01,8,1b6bae90f05c0a5002d4ff3ce525191a6ed13464cef423fa0e0cddd597e047eb,912e75043b78bc739bfb3182bf2802b4faa46ad4ee65e758cf48249f81e570d4,unchanged,True,
test4,e,gradual,vp,noise,0.01,9,029ec02e03bb8be721c34c366c656daa86b9b459e049f40aaf68c7fcf49fa265,b5adbdab848d1c23fdf1d691272d02a0f73cee96e89bdac0581e8364e9296ff2,unchanged,True,
test4,e,gradual,vp,noise,0.01,10,d6580c7f72877bf88ba657ff964a89dabe99a78a2a02ee1fe330c1edad2e8e72,a8c81789a3cb67310980b8a2175f56a1c612a6b77d4b81b42ffa3c90f04b3585,unchanged,True,
test4,e,gradual,vp,noise,0.01,11,b6611ad42d47fbbc37baffcd288f39c6fb8d659c2a17838ce66a665a04d5ef6a,cc2ba50d23d00c4e99d6e3d9a62ac8b5bea5214a78f51bbf1f85a8fdcdabd1a3,unchanged,True,
test4,e,gradual,vp,noise,0.01,12,0b45bb2ab6e6c1a9f03861d17a9edd983e81c968dd117a1d7ea9238af4d4a866,2ac6ba7716588a9e7b9bb6013aeb2cb6386bb4bceceb9f1b14f45b84750d179b,unchanged,True,
test4,e,gradual,vp,noise,0.01,13,b65c5be01cc6427304420455d6c27bef508df34321d2cb86f7bdd54e3b5421d3,afbb0bd4cc0e1e98fe314c71bfc13c2516e66dae90b4b30c66385096dcd5e2b5,unchanged,True,
test4,e,gradual,vp,noise,0.01,14,377588eb89b8f14abea5a7db3be86b7e2277e3d21995453ca3690d50a71b87bd,418cfec8a38e06ffb6adb54b9e929c7d606da62028196d6ace130b39fdfe6172,unchanged,True,
test4,e,gradual,vp,noise,0.01,15,f9fa1e0a8b60e22d861dd5609def18863de001c5eab65928cd70e4b64d4b1d4c,c4a0a8af585f475c0b55ce3383f028064ef39a94e41507403c48d65ffd3170f8,unchanged,True,
test4,e,gradual,vp,noise,0.01,16,56703672c3eed15b64d1797e59ae0f46121d00a8aa7f87a6a496c250012ca036,44b50b91e27cd6dc741514023b99c32419a80f35572d580a7c0059b4fb2ada8f,unchanged,True,
test4,e,gradual,vp,noise,0.01,17,daf002ac17089aef651987605e8cd5a8d72d8632a973ba064e914cb4857234ca,b812d6919730c4fcf5b38097e015a525b4ebd2c1b932dd00119954950e9a74bf,unchanged,True,
test4,e,gradual,vp,noise,0.01,18,253f0eb1ec1d1fa3e48ccecc365a4008dbebf26bb98fa49b0590706a281af20d,3a03f441b03dd871f2964082cf1cd491156d6c4fa2dd867ade7e788a0d2fa5c8,unchanged,True,
test4,e,gradual,vp,noise,0.01,19,8dd768d19e1e345e33f69875d8e79e17fe16a31b4a94279897c8a36e525b35b6,710978b8713a22e303c6bdd68abe0b39e6b52abae95dc2bea3246c9d582c7a1f,unchanged,True,
test4,e,gradual,vp_scaled,noise,0.01,0,f42eeffbba30cbccc65e923248b7361b18584ac13ef413201a5f36bb7efb3722,44bd67fe07fbb438b35e4b03b27e6c38d1d7a303e82b8ac57468603465f032f6,unchanged,True,
test4,e,gradual,vp_scaled,noise,0.01,1,3125306b82f130b62bde08f678fe4ea5dc15f9fd4508da1ce2d7d44952efd805,4b8079aa29ba8c6a491c3cc3cb60cdb0661fdd9dfae14f8092243240589718b2,unchanged,True,
test4,e,gradual,vp_scaled,noise,0.01,2,2b37a97f01de164885202549c26a93b6a331f502cf739c15c2f86f2f23ae082a,d9b54f842e125a8c6f6748556cebdedcddb57a1f36baeb966101ec552a9d231a,unchanged,True,
test4,e,gradual,vp_scaled,noise,0.01,3,59b87c4d1848923919de438ede40c22eda492497685b95fcd958d67951b894fc,0f7aedc25da6d787419e10bb32f5253a8c8d30cfd19c34f908d635225584e997,unchanged,True,
test4,e,gradual,vp_scaled,noise,0.01,4,06a920a4f8b3615ca0ba392c7aa6e61d397379270413c824ec7e06006779a174,db6f9d81b2da6bf7bb54b300151db73d82bf32a826a93d37e5e5310371ce7c0f,unchanged,True,
test4,e,gradual,vp_scaled,noise,0.01,5,93858b9775c7dbbd2c854abbf96ac181aca546f155f0cfc48054011e2c65b6ec,1791662cf8bddb34a30c001bf92cffbe23cee0d62d030f0e0c86ceacba3a8204,unchanged,True,
test4,e,gradual,vp_scaled,noise,0.01,6,892a9416cdc3c55ef08a24c0488a90101ed35497f454c932533462a12388445e,3cbe8d4b9e93ecb3009fb9d4a9ef07d38e6019fbb8744ddc85e1113a1b4ace64,unchanged,True,
test4,e,gradual,vp_scaled,noise,0.01,7,0f3c7bb5b7fe6a788ddcac492fbb64d87ff74c0248e963b7159b11391d8cc006,99cb3bdb56d87f05ebd1a4b47d2c1dd825fcee96b02f6249e01398be961b7f46,unchanged,True,
test4,e,gradual,vp_scaled,noise,0.01,8,afbb1b458b8bbea311edf06ba31137ec8066fbfb3694b04fda8aa2b5b5d0c507,aae3d864244f363ff0ef76a731668029e968f9daaee82cf84b6ad220c9474723,unchanged,True,
test4,e,gradual,vp_scaled,noise,0.01,9,bb490dfb69bdb21780675ac3ce86d27a2fd679c24128fba7ebba545bf1f99ec3,2a56d5395170c0a0e95a85acb79c0d9a53aafaa3786b91dea3f86bbbf3d3e39d,unchanged,True,
test4,e,gradual,vp_scaled,noise,0.01,10,d87a52cfa1b790c13dba6b49a3176ed36fd8cba169cb88ff5c737bf9dac26793,4b8c7e60ed5cf30ad2e9be5777c84e56e47cbee3670a79e969401f3538a86d02,unchanged,True,
test4,e,gradual,vp_scaled,noise,0.01,11,895faa3f30af486c59a1db8f92fadde0651bc47558a9032d3b381c19980fde35,cd8cd97ab87b318d495f1aa58b7cf3b6eedde22df35fc3b90f548ffdf7553721,unchanged,True,
test4,e,gradual,vp_scaled,noise,0.01,12,b162cc169405f1abc82697b288cc8404d11fb78d1e09f260c99aaed7d5655ea3,2494bb1dc4797fcb29a4d8474aa264cfa4cc32b845f0571a961b7bbf36c91fec,unchanged,True,
test4,e,gradual,vp_scaled,noise,0.01,13,87adcf242f03a14549b38cdf8101f2e397f1a99e5917b0801a14d2a4617dc585,b1cdbdd8dfe73b5246527582d9066b5465f209894a10c55b88702041c77da026,unchanged,True,
test4,e,gradual,vp_scaled,noise,0.01,14,e7a7796859f9a632986052322bf4578f0a540c0dd3a91a5ed8fec37b0d0e445e,77daf8c93061a6f5065c971cf4e8bb761c36267222e492f00587d512126fde8b,unchanged,True,
test4,e,gradual,vp_scaled,noise,0.01,15,7f366a2d7f1588beed470b6cf0dac99dcd71a0f66bbfcf2c234fdd01a9466bb7,1d729af46263b3705da39de598997cd513ac04b5bb1d9e178aeef2ab7fd1b19d,unchanged,True,
test4,e,gradual,vp_scaled,noise,0.01,16,33d901c4e36e963a9eecbd23cd896fb4a133a65648fdd95cf854038040c524a4,525be48e7a9d58d61d9c3eb1d3f582c7f800304d33dd671c473104293844a155,unchanged,True,
test4,e,gradual,vp_scaled,noise,0.01,17,118db1028bbab49d4f2f4d02e32e29a4c6418694a2535bc08b50cbd7e0e6d0cb,5f9d97f8ab3dd60ce419af07c0f402af72913d0c74eb89bbe026021d3363f698,unchanged,True,
test4,e,gradual,vp_scaled,noise,0.01,18,19c75f705b988dcb14894dbaf333ff428425e17f92ad2263ea42125fe513e409,cc1a86495a3ab4694e3fcf235c4b35b0a4431be477aca300cf9b6b920561d803,unchanged,True,
test4,e,gradual,vp_scaled,noise,0.01,19,2f3d1e1c38be71c659554f77c26a9d49a87cbbf1b77477736c1c86f2e47b0c12,73f7e82d503bc3d09583dc08b3812c7a1776f5ffdf02cab8ed040830f200226f,unchanged,True,
test4,e,gradual,dwvp,noise,0.01,0,b1c4244127cc100865d40d373654e558f1d2550c57b2d859d72c383803304016,63210b66c21b1c1da9e0939372d3c79adffa397cc60792a9af5b84963a547f3f,unchanged,True,
test4,e,gradual,dwvp,noise,0.01,1,9591dcdc4b0170282441d6e629b3ba1366f09889cc2749318ffa432a95560e31,45436c1aef014214f2e5dd7bb582a302a88831a7aa844b27ffb2a1aa614afd23,unchanged,True,
test4,e,gradual,dwvp,noise,0.01,2,a98e0c879c430844363415775f0679b68e95c9de290ee4b35481da051ee6c8a6,c8d24ee6d8512fef99a6d4b063cc8fe4aa422b0b61d336c3c7cc4dad248ff0ac,unchanged,True,
test4,e,gradual,dwvp,noise,0.01,3,7cde937b42f3caeb4c49a81df29ff6a87e0a135fa85c71eb92ddca81a0f64aa2,1d5220d62d517393b21782dca5c2b15c3a09ed76ccd7214c826f3a0e57126b39,unchanged,True,
test4,e,gradual,dwvp,noise,0.01,4,efde048e452c705ad3269e05ed075395457705dbbd482186a034348b05b44999,7122f87995137493fcbb8515493a7b5c3988debed63bcc861bea1e7bfb5677c2,unchanged,True,
test4,e,gradual,dwvp,noise,0.01,5,f536c140ec27dc52200a178c7c70d0205117351420f47ff03b6449709d19740e,08a49bb47ebba784d213b6af67b123dcca1786788e86d210760c907679384e7f,unchanged,True,
test4,e,gradual,dwvp,noise,0.01,6,041b649fead26d5b88577612b97bbc98bad3edca3854ca3e0b49de64afb92446,a46d3ad5f372d9cf35d22c673959fd4ce56f8302d438dad282cfeedf79161684,unchanged,True,
test4,e,gradual,dwvp,noise,0.01,7,640979166158d3496fd260ee6d2fb68a45f8355f97be3f7b810c23efece1c9a5,12ef4990778913d01271526837051f898922d7c9c018498c928885ff73f2c493,unchanged,True,
test4,e,gradual,dwvp,noise,0.01,8,424176e8848ba6c750d6d3a84c4e464db049f869cc27e2fb70e348a015d578c4,9fbcb82000124a8591dfc88737c3071d740727f01c23cc6b6356a3998b04c5d9,unchanged,True,
test4,e,gradual,dwvp,noise,0.01,9,d6cd49347af2e51081f1e2c761b07c2187ebae68c2c37914765c439c2b39cf3c,0918477ea3c47ea53ab2051819cdb7486719a30056ae6fc9f21ac6eebbc16947,unchanged,True,
test4,e,gradual,dwvp,noise,0.01,10,3c4af8c8451ae7821e8968948bd809a182ab85accb0ed0316e4b3555dcb74dc7,dbfd252e5ca9ce234e6d2072e3b5abf81e4a7c433f23fd8eb99d0c6d93f2e2e2,unchanged,True,
test4,e,gradual,dwvp,noise,0.01,11,5513bcd22f3b1178ded6fc8137a4fa5d46c3d85a1941bf734a4346b2cfd124c4,41a895351b018dcf593b5dbde34c4d4656cfcbf4fabb3f18347240146e0e7245,unchanged,True,
test4,e,gradual,dwvp,noise,0.01,12,8f38c91835b4dbd7e437cd2c083b86e152560e004119ece875fd453acbf4ce3c,3ea740e75ccc8608a6878a2f526ca73559453d6bf09a5eac0dd06807fbad07c8,unchanged,True,
test4,e,gradual,dwvp,noise,0.01,13,d4da1cf5022bfbb409d03c26443bd3df817685c50f5d74571d2aff7b6e41cca8,cbf2020b03129463b747d9f83e1a87c4eaf49ff142763c04993bade98e3a6dcb,unchanged,True,
test4,e,gradual,dwvp,noise,0.01,14,9581286bb6cf2e6fafd1ad52420ef5ba73cd3164da784a8b3f8a1b31960acf5d,16b81d5e82dd0a6c97498e3a8377b27c1d52123275beba719cdeb1d36912d982,unchanged,True,
test4,e,gradual,dwvp,noise,0.01,15,bae10888cd9dfbe3fbae3c9fc8b1233957e4b3ce0fddd36e3f96e86c407c13d4,68cdc4ce54608e717b8d4499d6edff019f61de1240f780dcce83c8a182cdacf9,unchanged,True,
test4,e,gradual,dwvp,noise,0.01,16,0f8f96b4b0772de7b735ea1199d2ae993ec199a8811673f0459165fbd56b3226,15175810bf82ac30c0aa90c0c48493d4fadae84f578704b3ae7c800defef4d5e,unchanged,True,
test4,e,gradual,dwvp,noise,0.01,17,cb95b7412e44cf7e8257eae9d7363c175d706765f32ac680e4fa9d31a1544e5f,40a334ea28eacdb43beec9f5ed2c9013d2c79f32d6d35279d993190d2b6f913d,unchanged,True,
test4,e,gradual,dwvp,noise,0.01,18,6ccdf8081c3abb7606d0784f505bb41d19b91ef5451d4b06f60b3a6cab54e781,58b478b49da4c04f3e3220ab07fbdcc58ad050056e4c60a10bd86545582ee059,unchanged,True,
test4,e,gradual,dwvp,noise,0.01,19,c9b71e6407f2daa1a71c3a5fdce09497d4dcfdce8034b80e30e26c535f8bc433,33aaab3ee6df3878a6443a9b816511c6148965b8d3438fe6141eac12a6623e91,unchanged,True,
test4,e,rapid,vp,noise,0.01,0,8ef638b171c770f50a40d475d6ce2de801f51d57fd96b67242a3046c5dbf36bf,15d32e5e2159011252fca0322c5d4af07a9f87707ad22f9211f4b20e5b984e19,unchanged,True,
test4,e,rapid,vp,noise,0.01,1,443f515f1c2335482cd7d076992e7d3f990a79195b3d6b8ccf1ed47b69f734e8,4e25b3d8d1a5f5eba1049aec37d34ad999034ca833ae77af724d0df43351455f,unchanged,True,
test4,e,rapid,vp,noise,0.01,2,9577008d1386cb874e6c532ab03d3f0aadcbea4e5ead96715bed5fa6b1427935,1dc5371b30b0f3dd5f46df9fb4812a527aca503658b2484c224b0c90e6985521,unchanged,True,
test4,e,rapid,vp,noise,0.01,3,a9d70102da6341d3749dc3de7c76b73e0996a9456fad1e440510dd1780d7f7bd,6586e382eecd3780c19f3b9929cd4b5fbf55b0516f526a0fcbcde18e20295995,unchanged,True,
test4,e,rapid,vp,noise,0.01,4,cd8e1c0bdd9f107930f71182bf9cd9abf317cb51bd8ecca6dd1458aef9290e66,8d94fed1a337ebd6aa60f4a0d5f0680cc334c817e80944e1de9ae8e76b5113d8,unchanged,True,
test4,e,rapid,vp,noise,0.01,5,e2bfc9998cfb8b0a025ce453b93c8e279c52f4510fe003178fcc5ac5a9ebe565,fca5d39388663bdf615afa3d33598d7c02abc31affca3838cc763dd163ef8ffb,unchanged,True,
test4,e,rapid,vp,noise,0.01,6,0cf5663b57604a8a95ce1122a50f91ad703bcb758dba575c7f7cf96603d2a373,3eae326f2dd15f65fe51988e5e984704f446dc8cfe3e4843cef843ff3ea4206a,unchanged,True,
test4,e,rapid,vp,noise,0.01,7,36a6ab5db5ebb96f202a8b1019a22dffb4fc2c5cb3677e353ce1290740b85d06,69c853d17cd43d537dca936afcb9d21c31c92c1b5f836c27f780e2a724a2d2f2,unchanged,True,
test4,e,rapid,vp,noise,0.01,8,7fc5e1dc1a62d848557e44d052e4dad47da44cce2300e715bc042baec8c0c8e8,732c7bdb69875fa53b0eed0a8c83bcc6de170745e503753e4580e63b67fa75f0,unchanged,True,
test4,e,rapid,vp,noise,0.01,9,7e5002439346589a63e29c740d63c8f0e3df36cd30d5805217795512e556fb92,2f4346793b354bbe3f4380cb92b1f68e39cb60b4e5847cdad7e2378477c42f90,unchanged,True,
test4,e,rapid,vp,noise,0.01,10,391ef3b2428c90f9566f49eaaa19f401b8ad43d97e0a0a9194dc8bae869c03b2,61b8948f8290e9c5c9fa31e86d3a38f25855ee465995c9051359f2a33f40d509,unchanged,True,
test4,e,rapid,vp,noise,0.01,11,d622cf864468bc6faf60cf470be7d41c341eb304ae75ad7ef526ed63474ecd44,bd532327a9733e06ce0aa0cdbc75113df647b09366b8c1137a89d9656a5cc752,unchanged,True,
test4,e,rapid,vp,noise,0.01,12,acf363a2134531e1160fedfe2a1da6b5d528507a459dc70b61cb1a7379343944,9508f1611837291efbaadc9635b4fe2b20d4a771d05ea7164dde613abac0456f,unchanged,True,
test4,e,rapid,vp,noise,0.01,13,9046c9ce0d66984d1f0cb0365e626c17b9ec1022e7714a238941d905edffee0a,d9e638cda023b1af8a175547832821e6c2cb80a1a953726fdf512a5f5febacd2,unchanged,True,
test4,e,rapid,vp,noise,0.01,14,94717feb6c2e72cb932d578a7f74898413d2f0e7e6030b74894fd8e4ebe1b99e,b84635c2b9df80d925d3fe5acc814f9722a682fbdbb1bf7f11b0a379f135a943,unchanged,True,
test4,e,rapid,vp,noise,0.01,15,e9ac37fd33efe8ec87f15553b7837c4d6229a683aabddc45538145ea0a979b26,141619ff5e9c69731e9d01a468fcf34460991cf0135aa1d6f3b5021c4d1e0ce5,unchanged,True,
test4,e,rapid,vp,noise,0.01,16,153d9652c8401de7ea1a160bcf0ae6f76787b3579096a34577c2105a403e153a,9ddd4c122cafceb681407f9ddec93b90d0c2f388cf6b72c84bd6b4509543d5a8,unchanged,True,
test4,e,rapid,vp,noise,0.01,17,8cf0586c2ff168e16930db7f41c0159e7efd53dc4b1c578616ddec6e8c9b9ace,d61c1ecfd16e51eab0ccdb47fa2bd8b923731407e4c25b01ca9a7c91c3dfe581,unchanged,True,
test4,e,rapid,vp,noise,0.01,18,d67c55cb72222f4317fb474beacd99ce1a63471eed58f17fa740d63051b4c096,0245f97bf8b2d444925833b91af9526ba23c561ebb492ed552611231e09cb556,unchanged,True,
test4,e,rapid,vp,noise,0.01,19,f38b0c9334acda1c74e2953e8dc33233d566d17b2bde6be1fc6447ea7777f3c2,bc580a817479d24573a60595da2edbfe8aed44578103fbfd05ea18f8d4f3adf6,unchanged,True,
test4,e,rapid,vp_scaled,noise,0.01,0,194be9bda46f1b3554b7b9bdc50864c623186b7f13fe0469ed775dbd98d961fd,c49d73e9892f3794087f44d39838e17538d8787ed95ad37f3e528c3ad56320d0,unchanged,True,
test4,e,rapid,vp_scaled,noise,0.01,1,0d9c81dda915230b653852cef4ee631785e8885e0875c6ef45cc4dcc1689924e,b523cc99fd163ca8f379bea53625c4f692642c3e5ea18190d9e463ef978d4fdb,unchanged,True,
test4,e,rapid,vp_scaled,noise,0.01,2,f906f34a1fd6bb4cf61b681b6fab08475606b7e614605ec323c77f467f42ca53,a59c437c60476832bfdf0ba84e00d2b799a6b2d9eef3f5cba919de098f97ec71,unchanged,True,
test4,e,rapid,vp_scaled,noise,0.01,3,b2527dcbab87f8f7d694bad28651ef9bca162ba58280345a67f237271582f9a9,11ddde92c96c5428b42806dfb15d4271cf6ec361fb2940d59e4242108779180e,unchanged,True,
test4,e,rapid,vp_scaled,noise,0.01,4,0d7eab437a086db4a104108297b5fe57d4abc0a4e854ecf24743f17949854864,b36c64a45432f904d55fa0d14a0a403091a90ba6bbd74a2dd0d92dc27400b601,unchanged,True,
test4,e,rapid,vp_scaled,noise,0.01,5,f7b91368b20c21b1a107eeb5b516ebc64fcc2ae10560732be69b53f44d9ea2bf,2b4219e081173aeed62046d941d82fad028b45beb7fce08b96d0b1440056e057,unchanged,True,
test4,e,rapid,vp_scaled,noise,0.01,6,91da3fa430cb5c49a852d97ccca19ae194301f6fd500df12d9c864ce632b15da,8e28932a498c1bf7aa3c3cc736f5bdb961adcbe94593ff484e4b7c1d5f62a969,unchanged,True,
test4,e,rapid,vp_scaled,noise,0.01,7,25a1968465a226bd3f0fc5e0ea1bb00ef81c20c63f60dd96da1180f59c34840e,30ea60e760453394650166251ac1dc5076af62a818c916e60077eed87a9039f6,unchanged,True,
test4,e,rapid,vp_scaled,noise,0.01,8,58ca8db752ed143f179b2c21dd875fa3ab07adfc8682b39d921d90b461827a6f,f17b7581bacd6acc91b18c067a3925e6162ab504c1496c86276bba61513ba475,unchanged,True,
test4,e,rapid,vp_scaled,noise,0.01,9,055b27c2ef7bd8b2281a52df2405fe8150d0445cfcc467d5d98eb6f0417385cf,e68598f2234d7c1a9e95905dd95c99e72f4b8beb8571e16761356129ac674fe0,unchanged,True,
test4,e,rapid,vp_scaled,noise,0.01,10,176441f69bc88510739e432785d0e8ba0453fbaf3cc083842feeb9d577b9ec0a,b001220938b24ca7468fb723509fc91721b2ea45c416c61c42cda520cd8f2b04,unchanged,True,
test4,e,rapid,vp_scaled,noise,0.01,11,1110e26dbf75de932a964152ac7f10746c4fe57dcbc394b763c6a661b753bb7e,6406d74beaf3bc8d5baaaae2647f206cf73393bc234afbaf64c44d0d4cce8510,unchanged,True,
test4,e,rapid,vp_scaled,noise,0.01,12,6fa3313668f155e31f815fac03902d8ea3f80133bbd88dc42a2c75dcca2f447d,c771b4ca9a814e19a477634089fafea6eb699d05929aa77b04c8ce8d5299801f,unchanged,True,
test4,e,rapid,vp_scaled,noise,0.01,13,7eb98ae43ab06a5b13d2b2bebf7fe40103b4d8b5a553ac94b5a2293f9122d060,9c0efd66724fd75509e7cd43348eeac87c1c92e8a0ae78061c70b7e54da5d2cc,unchanged,True,
test4,e,rapid,vp_scaled,noise,0.01,14,b1ef102e688a49fe62249d690272c65ed6bd17cba370ebc9de7fe051da4f4e59,b5618a5d153047619f2ab2650f37b32d157beed4338dee17bbf1fb3ab890d9b8,unchanged,True,
test4,e,rapid,vp_scaled,noise,0.01,15,603abc04c851d23fe4b931d467634809a28c536ea65c53860cb951675bb33e3e,d0ad07c4ef88ba939d23936b8644083235413558e4bb460231888221d77b63a1,unchanged,True,
test4,e,rapid,vp_scaled,noise,0.01,16,c466b85daf4959ef2f47104e3677dd2fb2e07fd3508934e151422336dfc58366,1e980d0e3072b5409e7995a38bac03216d5dc47cae6ca0ce86e8ccd467221f57,unchanged,True,
test4,e,rapid,vp_scaled,noise,0.01,17,34dad4516b50b0ccdab2dd6b68c34dc35fbf84923378f4307a04e96fc30d501c,23b44ce116d3ba34f3eae5a80238bafab05e7db6b629e8fcae078f4e507d0461,unchanged,True,
test4,e,rapid,vp_scaled,noise,0.01,18,385ae4d15391b86757ca6c1c9229fd81ca77d57c89b8bb12ed21d7cbc6d46a4c,ca7aceb412f2ddca657894ecd41d883d732dd5ac6a3a06ad1b82ccd278e699f8,unchanged,True,
test4,e,rapid,vp_scaled,noise,0.01,19,e40da10b79a3e802d6c1f8cf634dfd2e9ab4723cda6ed93b0d1aa74e50df0fc6,a8fea2254cf46149bafab7b8dd59872e2817847b04cae763b8d3590462449833,unchanged,True,
test4,e,rapid,dwvp,noise,0.01,0,66a4dd94e957d718da3bd4b94215bc583d61bbda459662fe15980e5e978ee2da,7a17ea3b8bb26a7f0a15c817826e1f95d4d702d619cf8ae2c7d84522a6e3702d,unchanged,True,
test4,e,rapid,dwvp,noise,0.01,1,b35c50088eb6708af411efe4f322ca8803430af284dd94fc96942d23018e47df,11565cd84685004e03d620066532162fc6df51d69e54b9c73992249e1973abb2,unchanged,True,
test4,e,rapid,dwvp,noise,0.01,2,5deda8a1a1f81f3c97015146e6a330ebeb2e37bd22ba5cf80a659f8ebb29545c,d26f9855f1468483d9aec64f9eb2b424d109e0b8bb9a22e9eaaeb6f46e8ba4e1,unchanged,True,
test4,e,rapid,dwvp,noise,0.01,3,47d165c8fe49928ed69e20ff6da1e826b6ea25bbde1247520370fbc25345a9d0,3016861634ed48f9f2488ff6961e793410c156e6c67a3068a5f42da7cb3ff95d,unchanged,True,
test4,e,rapid,dwvp,noise,0.01,4,be1c2f78fd9c80ce3fe7ce76a93f152dfd8a3b1fe9710d55e5d97d118e01ce48,48774fe466a225ee384df7cceeed05fa43eded7621df194779359816d36b4c14,unchanged,True,
test4,e,rapid,dwvp,noise,0.01,5,620b80e66716be404a09a9f2359eca515e459bf91c8e394b3500b6c21698e088,059ae1094fabf6297b435636e0c8b1b5a058f27c091d27fb8e79b33cb097735d,unchanged,True,
test4,e,rapid,dwvp,noise,0.01,6,8733ac069657d3041cad5ae1cc735bd31afe336955e1dbe799577f003cccfca4,26cecc8538fa2dd466b8380cbe3f1662aeb1b49a23a1c9876e109239c87e00ab,unchanged,True,
test4,e,rapid,dwvp,noise,0.01,7,81efd0a73dbf0ab73b7a09ff6e8e44d0ecb11bad432235322a6f50eb1c273c06,1219187b696fef1bbbd524c7c3e44dc95cc3a027725d36183053ea1929264d5d,unchanged,True,
test4,e,rapid,dwvp,noise,0.01,8,aa1de6d63d2b6fe2b5035967097cfabc3869ab39667433f24d4f35965ed253ba,de05e5297f3f88a4a26b9c653e82cac5dc428bb80b0561017980f5afc6f69f2e,unchanged,True,
test4,e,rapid,dwvp,noise,0.01,9,673688ca4cf1a1e766b8705412748e08b6cb52b876e246a62c9c29ca70bd7bb2,d3972719be4e98fbf278d065df9d8a8a33ce2b0e8a04ccedad43f1bc0dbbdf56,unchanged,True,
test4,e,rapid,dwvp,noise,0.01,10,2fed1f70e305873d28ff2d4c98734f7dbaaf0642a7cd0910191e00070e444a43,ad1aea11020337d6ab66e38a38502c59d4827edb73a0a5d4e2b513d7e8f0ca81,unchanged,True,
test4,e,rapid,dwvp,noise,0.01,11,bf842bb3aac6ea7b280f336e926f95635c041db547e4e6de19ca9a0dd534c21d,155b1a523eeeb49cea77ad7710d452542189d9822c11109024ec505a41e2c970,unchanged,True,
test4,e,rapid,dwvp,noise,0.01,12,7ef8c9ba6b3664639ddbaefe21e8a15b0fcf20190fbdc3da47ba14ccb38a3783,9eb0c9d74ac32e290cce34cca0d34916b6efd5654ee23e4f41aeabb0975d7a25,unchanged,True,
test4,e,rapid,dwvp,noise,0.01,13,0e1dbd7a9c6843aa2fcbf90814c389891626386ad82d62a62fb48d2a8ee91e79,07f2cf1dc3aa43850f09eaa7a7963317041409afec482521164bab6af8a08ece,unchanged,True,
test4,e,rapid,dwvp,noise,0.01,14,f63b99d585e8b7a737b68bf3388683571c9884c66722e30d7daef2a21aab832b,99427eb9b5e8f56da1d09f082548c21b491e6a37cacf3e4fa360e88bea8297ab,unchanged,True,
test4,e,rapid,dwvp,noise,0.01,15,26f9079521d1e6fd568cd40b700fae894a4709fe2f79e4334971eca0d0d8512f,5453e1b9ca202af8f20d1211028d72af8820219cf0f895d97b3df54c6e0b39de,unchanged,True,
test4,e,rapid,dwvp,noise,0.01,16,5ad489c5c90455bfc8eb0312216f2cc4018fa497acb9c22d09bc45ee310fa44f,286750d5d4e3a70a0236425abd3e63fa0d31e73719a268613ceec76cebda3cf6,unchanged,True,
test4,e,rapid,dwvp,noise,0.01,17,678dd44e3945fda18118cd37ad1a7ad14e1c8bac3e53457304f59dc38912c6c8,c258c03dd73d03589c48c2379a452888869604417e33a677ef17750e266c30c6,unchanged,True,
test4,e,rapid,dwvp,noise,0.01,18,66d89edba72ab9ca9855f999b3f2af04c33f5702e76cebb67e5ea17183292444,41a8f952fb9889f5d05d56f8fd04d8ff68895fd166f7795faef70bf92ae63232,unchanged,True,
test4,e,rapid,dwvp,noise,0.01,19,5a1204c2d27b557e8a8930c98b149dca9c913f5afd22f7cc9d17bfd62f62a780,e49713c65606c10c4c8cb3e7112a19b539827521a985a2d66d471d1d2a386a9e,unchanged,True,
test4,e,offset,dwpp,noise,0.02,0,36c6e0b975bdd468409523dbe0a1bf75b48165062241e384e3365f7b0298ae53,c1a5eb27512dd7329065f03fa1e99a7dac0fd663e8ec1dab7e30fef51c0e3c9d,unchanged,True,
test4,e,offset,dwpp,noise,0.02,1,5366a4022bfb41ef84be08ae0c67405241e8670e6d30a2ec3126a3873f67d6be,acdd129c8e81b539ca88411e4d1bac428c4ebaba2345c9272d7106fee84c87bb,unchanged,True,
test4,e,offset,dwpp,noise,0.02,2,50c72f013a3c2b5c4ad7a08f5c3f38534f093120b6e520f5a91c553af7664da4,8c771a304257bf3a3ffae765037b62cad44d46d4b42f0bf9f94a34661582c22b,unchanged,True,
test4,e,offset,dwpp,noise,0.02,3,8ff113f79dcc809ce43792e9fa9cda1eeb1b8fb806cbe0984c53c84fa0a8d700,86a639ec89fe099bb04a85b5b9d7331d39cfdd65093f6fb210996143116d0381,unchanged,True,
test4,e,offset,dwpp,noise,0.02,4,7c11683b4ae86943074f59317fd75e3e068072ce97bcd7d8912bec1bd932ddf6,459eaa94946b1a8c61f257d47de7891b56bb670573276012cc686712b57ff530,unchanged,True,
test4,e,offset,dwpp,noise,0.02,5,3f5c47502dc0fc7f0dc51118e8256a31fb4b027b84e04dfa25bdd5aae2ef5380,1857b679292d2bf6a3cd7cb2996fe2ac081a0139f8990770f3c6aff471b29e77,unchanged,True,
test4,e,offset,dwpp,noise,0.02,6,e0f0a26f6569c409578edd6682f4a70942370cda23d88b39efb4356dbff869ca,3fe7b6a796c437b84e0643a51cce8b9a46f375f2d585ff83ede211e2956bc662,unchanged,True,
test4,e,offset,dwpp,noise,0.02,7,c597bfe2240caadd8e41ee1291273cabbfc7338c72d5cb3f11e5d48503d0fe1c,5c773fbe09b2c1d392a2f09ea20610a53c54bbe4ee4ca87b0cd8b365aca8dba6,unchanged,True,
test4,e,offset,dwpp,noise,0.02,8,211ee3b6d2e0eb030cd991f893c78ed604240a0907e99c74edaf080ee557b02e,c00e3e938078fee676406a65381e4393690234ac6d283802bdccb1af23889e2f,unchanged,True,
test4,e,offset,dwpp,noise,0.02,9,721c28b9c2d3b9d58b0a186b523adfe69295a97c822c73e9dbfabbbdc1fadfa6,c99a6fd820c17456d9a8464d7c79bbe6f2bd2ca4b1e29bf1a2283869d9e95557,unchanged,True,
test4,e,offset,dwpp,noise,0.02,10,39d93d5e8a320fbb9e2b0b859c575c34f3d68a392943857d314a89bb7975baca,c3e827fe0f0b9af7c214458e96228f4842add31d1181950e15eb7134607c15a1,unchanged,True,
test4,e,offset,dwpp,noise,0.02,11,7f1d463bcd259526ef7260193967cdb8da7571e56f593511edf88b004306f4a8,0e6cc9e124d98d0c673c9711fd29a229a0664be157d3d96c6d2a650eb9be82b7,unchanged,True,
test4,e,offset,dwpp,noise,0.02,12,75be02a8b08d069a07e48cfe166de2365d4862ad0fa3a868154585121e3ef0cc,658cbc3ff7b39eea583a8e6e118259a0b7d9f0654d90df6c04f11b84ed5d9816,unchanged,True,
test4,e,offset,dwpp,noise,0.02,13,f15dc6bb5752969946197603106af4936bf331fa3b9e1c774456da61411a4afe,db82ff9aeb1328395d38a21d40e8855bb2da0e44118a8ff985967f095465e359,unchanged,True,
test4,e,offset,dwpp,noise,0.02,14,0bf9a25ba1f02f008782527651384385863af433a777d5bd1b7306101466ab3a,fb3cba0c27adf8c7ebc09305a0c9c1057f3fb5e40d3790c19ae4c8ea5df41a7f,unchanged,True,
test4,e,offset,dwpp,noise,0.02,15,1a9a498b86b885f57116f569e83bed9202e15ccb9f315308d7d1a82da9fa9339,0fc90254e794b1c096e0e9e8f4020ac6e531865f452f43fcb153400927d95c39,unchanged,True,
test4,e,offset,dwpp,noise,0.02,16,3e7ae07b75efeb4d21f2b58c7c7a4f6be7823073bfacb15ca97c8a22b2183470,3c88d1e2317b1acff64af4fbb5976d457c92801dbb3fbe840ad1c4cc095cb7cd,unchanged,True,
test4,e,offset,dwpp,noise,0.02,17,c8754607f32e34e6e38c449344b0d8a368b35915ffde8b8817127de519851ed4,84a6b91a720d8db07a34cc195cfe39f5b2dd9ed148c1eaadcc69190c07c97853,unchanged,True,
test4,e,offset,dwpp,noise,0.02,18,428fefa3545b9191465234593978bfb33a91591be3544d95a050beda0caf1598,1f5aa48fa897e71cf76cbf07556a70d49859cfbf3040619c59f5a2011bb43f6e,unchanged,True,
test4,e,offset,dwpp,noise,0.02,19,a512864dc2da0c5bfc193dccfef6f87e2e0c4b6e9ce9d108c8855161fc84a421,564025fb5c129d072040974c0c6ffe3f19f4aa111894409c0db0faeaaeb720fb,unchanged,True,
test4,e,offset,vp,noise,0.02,0,aeeb91d778198bef7da1c038fcd66a5d96f67a40fdc9d2540937caccaec8c12e,3bd8255d6ac6e3ab327ceac9f8e283ccb654525e34ec1072da90003e4c8a88bd,unchanged,True,
test4,e,offset,vp,noise,0.02,1,ba8e5fcfa8e611c2d55a048bcfe216a373b239b34859d33a4866296cd125c25a,0065097519b78bee4b5647733938da5f545e68bceaa17c506cb5eab81739136e,unchanged,True,
test4,e,offset,vp,noise,0.02,2,80471c79c3daf54a3beb47d9efa925e70c26cec312ca31204d2f7ba5847f904c,877984744b9c15ebb73496c5908eb35dc3eb4fb6b973889b366be5be1ce1908c,unchanged,True,
test4,e,offset,vp,noise,0.02,3,53ce1d74beb3ceb19a23a8f83817550b562a2e4ca8c31220b694d4122dbb9adc,31ea997826e8d4bb93c44ea021e7af08a3f0f5b34d54e32526d0f15823f280e4,unchanged,True,
test4,e,offset,vp,noise,0.02,4,81de9f9d09551d944c37d59d11dc8d02e75c5eb5c4c5dee92b78cb356ce0d4a1,38fc88e0436a5cc48cb44992661d98db69a6b142fe6763e9e14f1c55e054f607,unchanged,True,
test4,e,offset,vp,noise,0.02,5,ceb4de5b94e156b3d414dff30b557b945a7f84f91d6163a5b17ae05e678096e8,8e0c45b3ec55b20abc355fb3c51cad2481495bf1a470ed15298157b6b7788590,unchanged,True,
test4,e,offset,vp,noise,0.02,6,807b93f4f1195606fd8d7e0f5e1e14cbd274057b027e9f0865187f397978bf92,04bfdfe266cf46d151665d21ffe50cf9b1e5b3de0d49b6cab9416d54d0232ddf,unchanged,True,
test4,e,offset,vp,noise,0.02,7,4f283cb345557a2bca1b99dfe0419dc35530b736042b2523a38dffc40420a9dc,b3e231d10b6dabcfd67130c6a8ee953727a01c9e18bb6c0f270e78e3148c3d54,unchanged,True,
test4,e,offset,vp,noise,0.02,8,153818eaec249ab854ca50cc604be3b6187418a9a3d4bd8710b12b6251f5232f,87e5ddadfb6ff9052b088b15055e5d3af0c614f448f077b3a96e30b44cd7f535,unchanged,True,
test4,e,offset,vp,noise,0.02,9,1ca62395c35703fdcec23fa017c232f17338ee1d70c4ae668a0b1c2ec8c46730,c6c116fdf738a966d4be7ef425ce8f479c5a61f4a3261f55aa88e2cf9062dd92,unchanged,True,
test4,e,offset,vp,noise,0.02,10,d6b73b9b9148c218aa01d605dfdeae1f5a991a4cf28595fbeb79e692f023e02a,1ba1287d56592e35cc14ef01b441851792fdbf45c5ab3b113ff11d19c98c4284,unchanged,True,
test4,e,offset,vp,noise,0.02,11,122d5d701050622788021260b2c33d0e388296587007352fb9cbc1c41f3238ce,8d17613c1ae15ff580c1139e8a60a58382a19974fbc95f98169bfea8a8d44f15,unchanged,True,
test4,e,offset,vp,noise,0.02,12,59cbd9199f01b85c99293c0d146b39ccd327cd17341cbe3dc632a73d2bacecae,018bd4b8917d38e7ce863fc0f9740da1f13984fa138ec9377c7673d29a643902,unchanged,True,
test4,e,offset,vp,noise,0.02,13,c4db21be554e07343f215d17960a8bff2d55809abc747d7bc38a89c93e783f35,fc1363fd65375ebb3550114da9ecd4ee091be4477888f9d8b5ecbbbdb6ca55fc,unchanged,True,
test4,e,offset,vp,noise,0.02,14,72920db744007b9cd934463b687d84efb50342a9ea514f63020fd5f9430a6682,92de46b027c9bfb10c0488a5bcc36dfb65cb26e0ecfd416bd09186de3d1d33af,unchanged,True,
test4,e,offset,vp,noise,0.02,15,349f6faf2a5d659e0401a6b8c9c7c42c044e1272d1edd5ec672d0571165d3c71,1e8a54d471545aedfc63ac3dfcaa68598af9065b85f5615fc100a84f8da8fea2,unchanged,True,
test4,e,offset,vp,noise,0.02,16,9d5c1739e1ea1ef641e5259a92f4b420e82e9adb30d27aa9a4e391ca56eb63f0,0469b48abb824d25948e69f65959845c0e9fb81f1d8a886a6650f07387f831f7,unchanged,True,
test4,e,offset,vp,noise,0.02,17,296bf72c048f873ea593ea8644a801873d8bb71e5db11b1d95f0dd8b242497e6,174e5d9e8dd54a3bb78caa1d1dc4a6447388e78479b7a1d90e543f9573bef11a,unchanged,True,
test4,e,offset,vp,noise,0.02,18,608bc15f331d60fec8c097cd449e98ff76fb96d056b46a8e7b9292f47879d385,dfbb0cc97be6bb2a58100c6f0b83e5eadc886aea547fd1b2c4a9bc2bee1febb0,unchanged,True,
test4,e,offset,vp,noise,0.02,19,8d00e61e44559b80ee5693972340ce79bf337311dcbb196f922ba690df7789f0,d77163cccbfa7ed343e2ea3a1ace835e99c142c3c88707630ce341638bdc45e0,unchanged,True,
test4,e,offset,vp_scaled,noise,0.02,0,ab4a4fa2a444153342133bc623526591f3d4c4b19be6980c187770d06a6ef0f3,72b0161df001dd36cdfb8496660ec4b027586bb3a30b2e093a6dbbe8d75864d3,unchanged,True,
test4,e,offset,vp_scaled,noise,0.02,1,430587c1f9970998853546a7eb29c78c72bbb1feb94b8780fbb680430e3f1723,8cb73e856c886b1c291efefc3af8ac2615a70126ece7acd3c4f91d3021afd20d,unchanged,True,
test4,e,offset,vp_scaled,noise,0.02,2,4ce42049de6718a8389b81f7118c7f252ce805bd4bd9c0bca0ffef4e4a569804,2c70d32e1070d1f35caf45dbda167fb716df53f2107b4b9f3208cd55b95a8f8f,unchanged,True,
test4,e,offset,vp_scaled,noise,0.02,3,a4c932878203d29984466d49683c8a59ab890b5ad007f388e27ab71656ee012d,21f39065fa3f976c17d7791ea67d4b49cf40d386ce70001dc622102a870a4908,unchanged,True,
test4,e,offset,vp_scaled,noise,0.02,4,4201386dd4c890b577351a661fc3d62ea9553a57a44d5dd8f9c1a9114306c741,dd7ba1a9ed099991b6e5cd1b701ce090344b164e12b9cd310ec4462c83d1cfde,unchanged,True,
test4,e,offset,vp_scaled,noise,0.02,5,16dc434a6c9df2169835cabbe3665c5feb2e09cff71b67a03083ef7a1d718307,5aafab13fa42564a9839584e268d473813839cf3d57e9dd931c284f97eb61578,unchanged,True,
test4,e,offset,vp_scaled,noise,0.02,6,9dd8bcf8bea420856bb4584c8b4b767ba8d50585864698d6a6d78bc3a30bdea0,af619e887c041bd2af663fb9c1020eb9b95f630c0ad898ccb0cc997492cfb2f2,unchanged,True,
test4,e,offset,vp_scaled,noise,0.02,7,db75e799610aedb8fb3c492a79b02f3fdc5c20ae8c934c8899b1362e67113f1d,b459c5830470bbf69352c5c044a9be278293aadfc3b1047e5856913af3da0142,unchanged,True,
test4,e,offset,vp_scaled,noise,0.02,8,33a696ae73226962f5a67536046d06334958016d6397ae813fc0ddfc37bc84a4,480589223468f3be170693c20a7d6f8509caffb0af5b3efc785a857e99cd5175,unchanged,True,
test4,e,offset,vp_scaled,noise,0.02,9,7c27374e380cb4a55c94007e5fbf8fc3bb3bd33a4e32f9b49345f753e2e888b4,1e3efe44e9d0da8f7adbaee41328468625b4b5359b1f6cf0afd2c4d11644ec2e,unchanged,True,
test4,e,offset,vp_scaled,noise,0.02,10,59cfd50fb5d3e82ea5730a3bd03ed4d87ec30ad742ced9c14481f4bc7400ca76,2a014d3581584a8ff8e6a2d8a7456b655229c52cae9ce2cd24bd25f4e0e06c04,unchanged,True,
test4,e,offset,vp_scaled,noise,0.02,11,a1d0d6047a4d2ba3176c3ae4f922c370acabdadab21b9adc88a918a2d37086a0,47179fce32b73188eab87ccf90489d19809faff9fabaf7533537462dcc51090c,unchanged,True,
test4,e,offset,vp_scaled,noise,0.02,12,ee5358b3f7437eb0ab4008c19c86ff0388c29ca2d17346ea03240d1d09204555,605a83bc462f12fee622f81e3ec7cf55755f3225c0863f5999929ec5354f693b,unchanged,True,
test4,e,offset,vp_scaled,noise,0.02,13,535a471d951cf791487f76ba125a26ce40e4c1a7788404282dff40a03cdd9490,b512f6fadfa1365d71b5518e35e290f2ba12ac300882e40396288b0424b1f88f,unchanged,True,
test4,e,offset,vp_scaled,noise,0.02,14,d6a1a6351e9a6e3094833bb6a8e5f1dfe6e5498f4f1a85591517e4c92a0b4acc,fb20f2c2b93098d3fa2c486f570eb48df17e3d9091cc4d04f0a81067e0360356,unchanged,True,
test4,e,offset,vp_scaled,noise,0.02,15,906cd0e74aff39026078ffe972eddc78b1ab50cd5f259acd75126f0b671e0a2b,9e4c6d804c6295ff6c113b8432bac3463e8dbbdf395cc135ab4bd5e45ebb2193,unchanged,True,
test4,e,offset,vp_scaled,noise,0.02,16,8ebe1b181f62189f653a34eb3f7cf9e2235a60f77c6bc53bc50611beec3af5c0,805f336480e95262a3f2a8e43872fb929a3a467182c02d8c95e0464edae53f12,unchanged,True,
test4,e,offset,vp_scaled,noise,0.02,17,9bbb85e52b1d5d4029e24b6c507e3ed67853a6b97ec27aced46ba998031499a3,752bf222223c24fb9d6cd6ffc1233f9754590fa1e486cbe6a29335343651c0a9,unchanged,True,
test4,e,offset,vp_scaled,noise,0.02,18,66a43ca9c2bab146aa9b5124a7525ce685e7a9d540f9b4cb0813c18c3fa60c94,c2e2a296e46858641513aecdc45a494672838a4211439915a5a0b5155196a9be,unchanged,True,
test4,e,offset,vp_scaled,noise,0.02,19,77a178097ad1b05472c0e19721dba8ffcc69d258cd4c5b8ccc756079e690cbf4,6bceaf13c725e77eff8f73bb24165fc960684f6887a837cd0669d2bcbdb11a16,unchanged,True,
test4,e,offset,dwvp,noise,0.02,0,794c965b9df45f448f2daf411463c4d1024b74410eeb7283a6f118e1f67e9083,acb0a8692379e068ddf9c42cf4fc69223ad0d66b3d1c557f3f87a615fa066138,unchanged,True,
test4,e,offset,dwvp,noise,0.02,1,8c289a246761be354ebbcdbed0e56e40827788318890eca37e2633ebba9e8ac3,0b70069f144a75984620a059b2edfef24850fdc885e1ca5ca4971934a9d00543,unchanged,True,
test4,e,offset,dwvp,noise,0.02,2,529fb4497b4d0ff610167b92c51a73e2b7254764ce1e1ac8c352b196d1c58d89,98c2831993900e7f56c4f10932897ecb6d10fa8541e562da2bcdae595d3c82e6,unchanged,True,
test4,e,offset,dwvp,noise,0.02,3,c839eec9c2bcb279b190ebe4bfa9dba02d1f5f50bb9e91b2a014f04bf06e2da3,853f448cfd238b75a02319289e73bd5bec3c98f7a119a8feda5d41c9538cf72c,unchanged,True,
test4,e,offset,dwvp,noise,0.02,4,ea5676bf0ae2b1bb0cef4a390147cfaa8faf4b7b9dae811dd8ed283243bcc665,c61f6599c2f98086f689add1cecbd81a78f3274630373d55ac84e228b04e9873,unchanged,True,
test4,e,offset,dwvp,noise,0.02,5,771b1fb133dec5f341162fea624436a775eff8e3b856b527290e12fccb744c3a,fbe275b25990a68a659b342693eac08991dd60f1153fe8b0c7edb85348d7caf9,unchanged,True,
test4,e,offset,dwvp,noise,0.02,6,55e7f51d5ee9166de03e58c8ed091ccc11e7a00f74f08f85720bc9f270491720,220f068cac6f53028dcd09d1451d88fbb518ddc75494daf91831eb3251821630,unchanged,True,
test4,e,offset,dwvp,noise,0.02,7,715b88fde81d3f3c81049a7be5aed78ad1e8d3b52589d173cf1a8330d5ab4d23,64341d306d21bef849e359dd898beb10556c3e175c2df6e126d491ac21570043,unchanged,True,
test4,e,offset,dwvp,noise,0.02,8,bdd22b186773b1a5e3bbcf9937d703b5b76cf7b1c07a03c96192f7d80025b938,4b2625c7319007895536effdc97693fcb4f9348c9e1bd4e52edf37feeb36f124,unchanged,True,
test4,e,offset,dwvp,noise,0.02,9,bfc5a34df8d755328993ec95c09953fe3854bcb79520d83f251bb9b6a3678d0a,fbb4ece959d2b5a557fca9be9d53bfd79cefe2597283ce9f11f8972c921d7f3f,unchanged,True,
test4,e,offset,dwvp,noise,0.02,10,94c6d78d0818d18d4c78aec825fce9f6de130eb8cfab8c1032c9794f454e98f8,b106881d5529e7bdde7a14ed8c5357cb4d14fd8a5c06aa561c339431919a2f42,unchanged,True,
test4,e,offset,dwvp,noise,0.02,11,702ec18b752b570e75d679009aab940dc904b394eea1012de70e13d810d2190d,b6c54fdf872e1508fa4564902bf2b151535bcbbf9f7ea214099245b8330cad73,unchanged,True,
test4,e,offset,dwvp,noise,0.02,12,c9d73525ad89ff7b08b43a292ae95486f09154d10a99fb5b79ba8d2d53eed435,b0f45b6423d992ade96c4897119c6100e9529017e4c9c939529e7d2ecde81a88,unchanged,True,
test4,e,offset,dwvp,noise,0.02,13,5372df3b72bc12721acaf6cb405557100146f0375baa7e7a9039d4e6d23c660b,91b140f95c8084b5a5ffab0b94cd7f4ef8ba3b202e56eeed30b0863aa1f64aae,unchanged,True,
test4,e,offset,dwvp,noise,0.02,14,7bd676855abf22599889ceb6a4debc19183dc2365dbb388f53135ad47c572bf8,7d020484b323e851add9056048a694b20a6ab0a2e94d140ee1ed598d197ad511,unchanged,True,
test4,e,offset,dwvp,noise,0.02,15,42e882fe312d8c1382f5f0beb2807c79637a2dcf27524cdee48d5682d3121023,8a40c97d78168008dc5dc25f8c84b5f13f3e72d8df746da83bdeb22234e2da7f,unchanged,True,
test4,e,offset,dwvp,noise,0.02,16,12bd508f0663fa9a5c5d76ea7c953360901c175214ca6e24eb59132c52882b77,da0e6898e5d7b79f2b1d04bebf2275ced1f64dda5b7f14ab3eeb0de8caaeb598,unchanged,True,
test4,e,offset,dwvp,noise,0.02,17,9c677559474bfce7222a8d6bbb9ff7cec292a2f176371c3e2e9b8ee236b44549,b9061471ac006a4fadb601b33a9f3efb39472e6ab299f378ad38879317e2cfca,unchanged,True,
test4,e,offset,dwvp,noise,0.02,18,b7f4f09fd45357429f26d367fd44f72746466e94a55ed11624441011dc037a4d,17f8b2555a783d7b2e6e3578ca211224207ac1c60bf3ade539d80ce47343702f,unchanged,True,
test4,e,offset,dwvp,noise,0.02,19,b54d4a5b76985099b115ab642664967053bc1bdf8afd5b5c3ef42ba302c6edc2,856037fbdaa27dbe33cba1b69a9e50706ac67aeb575944ed65858694e87f73b8,unchanged,True,
test4,e,gradual,vp,noise,0.02,0,f528abc8be38314751de06825813a342ac982ff7f8f2268d026856bdd784cfea,ff02d30783f4a1f588daf7aa6ad89c19063743a886a3745a97e4b13d2d1c5b90,unchanged,True,
test4,e,gradual,vp,noise,0.02,1,862aa294e7c244d82399b8fd9cfd34e404d23473ef25f55e72f1c050ad8ddb9f,1bcf6fee5aa3d9dc2b0dfc9932e0b3ebfffa6c113ed5b6337440aee585100615,unchanged,True,
test4,e,gradual,vp,noise,0.02,2,08e26e51f06f9eddc6b956e5c2d829747d1c527f851eff5c2bf3ab2ce742d8ec,6ba9bfef610647cf405a07f22687b186430d2ac57c45f451237e417e7db717fb,unchanged,True,
test4,e,gradual,vp,noise,0.02,3,11bcaf3158a146dff4c93cfb0473f6cf55205fc1fd82aed17e3b235f9ca4bcd8,651c09133e79390ea1f865c4dea887c01cb4238e30bcd5f6692cf901e3bb0588,unchanged,True,
test4,e,gradual,vp,noise,0.02,4,af55a31ec509d4121fbd322f42019209d3501a394af19945636e76cbd6bb089e,cd4dcf82c42299730f86acaf5e03887399299c93abb84658440cce560b68af46,unchanged,True,
test4,e,gradual,vp,noise,0.02,5,a77bbc711f6bd8c6d4acdbb15aa89d82291349afc7da168d24b1bb2850dd699d,acbc2a10d86139641d19d72ea22c46bcdf297f06047c5069bfc332e6cb359d56,unchanged,True,
test4,e,gradual,vp,noise,0.02,6,772e47acc740df9989b02452c590656404079e4881d2ecd1317372dfca3df877,dbae1423915119cd927f8b18d72fb65b68b84cd9ec0e244c75d362ee08a52e22,unchanged,True,
test4,e,gradual,vp,noise,0.02,7,71bab8e177ec6e244d15ab33f9b6bf540578416ace6b837f5f080f9fed96175a,09f37e30471757fd46d7a5669859ae3982605b2bb125367f45124d2d8071fd8b,unchanged,True,
test4,e,gradual,vp,noise,0.02,8,dfeb24a1c570876e30c065c81f5294f6fdccf3d0cd0740f60b8b379ef0977d63,71cf0a9dc1f2fa01d957163bb260fcbcce880f6e46e02a2959b4789d721e3a16,unchanged,True,
test4,e,gradual,vp,noise,0.02,9,c21980b064dfbe2ca5d667cb456355db67323723938f7059e23f9d063c7fb42f,a2f6ea6eecad1ef63fd3ffe3be871a29b75ae43b402da5e25f5fa1eb1af487ac,unchanged,True,
test4,e,gradual,vp,noise,0.02,10,59aeb603ee5bedef0fb7eb536d9abb7b65c3b8f4cd0163b6d05cb3981185dd44,1e6bfff3da55169d771cc8fd5dc8eaa8b08613dcf95df4ca46edfbead6a6887a,unchanged,True,
test4,e,gradual,vp,noise,0.02,11,e23647bb54807176692ce2dacca8fdcb4a103978ee9535c0e6258b46bec268b7,1f575de06816e5c32a3569791638778fb46078231d9043cad167048f326d4f46,unchanged,True,
test4,e,gradual,vp,noise,0.02,12,d6176e6eacc293462689ec208d01539a40f231648c77eee4577425dcb649a874,6f92bb4585867bb37b4c04504dd7da6dc21df79b391803d91eb070dd86187995,unchanged,True,
test4,e,gradual,vp,noise,0.02,13,0572a8d8cc1ef852d8e77075f5aad17c42f3cfb5525d30e81c751d09c1d41c44,1eb83aa475c50380ef354876b3ce9fa5c9b7e7759643a29c6ef4b232efabf553,unchanged,True,
test4,e,gradual,vp,noise,0.02,14,c8ec0a8669aa03835785c288b32e94c8e6e8e315f1fd5fab9998510dbd07221e,6691520fd1060f05bd126382467aefbf21e20ce65021791400683c3d36dc5ce6,unchanged,True,
test4,e,gradual,vp,noise,0.02,15,bbf61861591d41d8e2408cf5620e99bd1ab2c97ec71874e065ced30f1bfa671a,77f0d933462369df837eea0b7b12ea8bbd59dcf18d5025efcb4032a8eaaacc93,unchanged,True,
test4,e,gradual,vp,noise,0.02,16,328805375dd9dd69db0b9f2dc26599e9a649aa15854686d1fc69e4178d9d199c,947a43f0f974829ceb1296ceff13b57c7be166fdae14638a597adc47daddce08,unchanged,True,
test4,e,gradual,vp,noise,0.02,17,31e34c64b0c4e0e4dfaa560490ee86e751affca451634f9533918e2480e62e8e,240d5b9485f725ab2d55cc79d7fb77bb84418115ea11af3c8ee9b5f17860b919,unchanged,True,
test4,e,gradual,vp,noise,0.02,18,2f9c32bf92305fbdbd0ad17259c88e36c37fca4420f865b01c22d1f5d7f85a08,c165baaa52b0232bb40e769dc9618f3795df455f57929fe7131369c839783c1e,unchanged,True,
test4,e,gradual,vp,noise,0.02,19,df4d7b2c27d6d1b3ae550e956d475d1570ce4a91224f14b60aea9998e8e15419,373f6cf6ae7908b3900d49f06475c2edbb6e6bf6200d8044501f9b8e61a5a7a9,unchanged,True,
test4,e,gradual,vp_scaled,noise,0.02,0,06b2a5dda6306bc17e656071baf38b1b972319858fa5cf9bccbd915e8ab83555,898289e0dbf81681a886f2d18a37b1d4aa22c9dd06f2fc41642683be5af35423,unchanged,True,
test4,e,gradual,vp_scaled,noise,0.02,1,12952d47cbac1cc8d5fa2cbd4260315b6325cc224cb2461c9e6ea9370e349224,034c131e2b0ae2f26b3138563de64c9a308c62ca64cdc90c70cd00a66dcbebb9,unchanged,True,
test4,e,gradual,vp_scaled,noise,0.02,2,ab72c136bfa0f16fcae881034a0a7e6b630bbb4c4f78bf502adf7ad0ec3f28b2,b0cfbe8ae1fe8bdba63079da03415acbb0d5987c4fee36dbf273a2109ecfe6b1,unchanged,True,
test4,e,gradual,vp_scaled,noise,0.02,3,fb86e9376305d5c4fd5602921bfea12236c351a2866e681221b2feae899bd73d,fa9f1f196a004e42d71184ef05ef3ff2c7da2f4f1abc6504a08601a586790a08,unchanged,True,
test4,e,gradual,vp_scaled,noise,0.02,4,dd37ca7b028660e625169f42163c8bd600e75e82667c9164971809049103f3d9,2065720e6a7d1ae5420b625fcd61115085742a455272efc124846b0138fdfaf0,unchanged,True,
test4,e,gradual,vp_scaled,noise,0.02,5,d835be260c169ea116ad3b53901248dd56dce4da8d03a03146d71bcfcc359b09,5604b84f65331fe2cd4975b04aa60bbb1030ccb7cf5e3387af9854288daa338b,unchanged,True,
test4,e,gradual,vp_scaled,noise,0.02,6,55af8018a01432af054eb9239817e0138b91734efdb84dd2e2a537e4eeb5a7ad,b960af56c1a0d9e7b30e3394c445ee235fce642bec4bc797f920229a2db5657c,unchanged,True,
test4,e,gradual,vp_scaled,noise,0.02,7,c94e3fff838037ce8b1dd8816811251cb4fdf2951db9f1a77c17044bc9df5393,de93b89d6a39bd9b59eb7216fa1c8ed8dacb1a069a4092650289d2a4bc63be2c,unchanged,True,
test4,e,gradual,vp_scaled,noise,0.02,8,4c41bcdcaeabc2a085f278cacd8605068eadd7e51ecbc37853901f221d1ded26,59d6e25a5152d6244330132102b05a9e25cfef14337b40a7323ee169f6a7d664,unchanged,True,
test4,e,gradual,vp_scaled,noise,0.02,9,d0455e39bf042af4468e66bc80613bd74fa4372f772069443610e254123801a9,e3228bd3c0522b662027af4d1b18bd7d613656d4a1176c5dbb50253f74229153,unchanged,True,
test4,e,gradual,vp_scaled,noise,0.02,10,8563773b6696c59000ee3d17b588e8813c1b8fe6960a661ba692d21795efd132,141ff63a62fd48b3a3d518c4d524325cc64e86d4cf9fec5a02f5fd47902a71bf,unchanged,True,
test4,e,gradual,vp_scaled,noise,0.02,11,2669e2d27283f9bf743c92bea4e688e91a9e818f779125774cae493c561df427,906c6e40d752e128f607df314e13f0e8ed42a5c8b11069fbaffa8c7ea86d9f27,unchanged,True,
test4,e,gradual,vp_scaled,noise,0.02,12,71a2b9f68be2cd6239be14d9b6d303752ca247ec7f027de4ef103cc00670ee65,75807dcaca36e19ccf05f624ae873d56eaf52bd0aa31ff9a1e0b623705411296,unchanged,True,
test4,e,gradual,vp_scaled,noise,0.02,13,22fefaaa65f8f396f6b0123b568da7e8ee58780bda4aaf9e078cccbca23aa367,b7889504672802d94303672d6a07499bfa1f3d0b77780f37a8dae77a889e7ba8,unchanged,True,
test4,e,gradual,vp_scaled,noise,0.02,14,ddd6354c3635ca71d1bd2c5b20cbce0d703350e2da40c8b0cfeb4ede76a2d8f3,74b20bb8c516f8788e0de734603948fa13a25d2317a7dd00bb272465d58a6230,unchanged,True,
test4,e,gradual,vp_scaled,noise,0.02,15,f93638319275e8385e6e066b043237e43d3f537824a7b5cbe186c58fa09afe49,6a2acb8b15cc14fe66e273c6fecab3638171ef224a91f59abf4ef43e49deb214,unchanged,True,
test4,e,gradual,vp_scaled,noise,0.02,16,2d498d6ae22dca9fd936dc48920c2bc10ebb674184b9ee97326f6592929b7db4,612843ef95319dccab949c891601c4bbbc853e57aaecbc3b41b13a8d13d9518d,unchanged,True,
test4,e,gradual,vp_scaled,noise,0.02,17,67f21b418681549998c34da399a2f29109385bdb66d1bd4658bd74fa4b315dd6,3ee027188b9265fc9c1e0d704b38d8d8783e92a7db4ddd00981341a4a5963e91,unchanged,True,
test4,e,gradual,vp_scaled,noise,0.02,18,6d863b7d8303cf9926f8cd415c5518cc7ed5c200dd079240cee5622fd6aaeae7,bea8c4409440ce8624c9e7c440ee4e9318737def6445de1743082792a4012f13,unchanged,True,
test4,e,gradual,vp_scaled,noise,0.02,19,fec695c6480fe65ac77351e7331d32e2d6b7843258c2ca4a9ba935f0c4fcb5b5,44c2dd7de85224bc2279588c5027cd1fec3fb2b6070c543d6a0fd9c2acb6e6d4,unchanged,True,
test4,e,gradual,dwvp,noise,0.02,0,08fc6df7ad779eb252af01b2fad8bfc5c03c54d639675480620b3e920db5bbef,03fe2ba9046435ab7bf5156b7a6c8dc43f57e38765316f637dda74e8bd6c29d1,unchanged,True,
test4,e,gradual,dwvp,noise,0.02,1,09b98a72cac40179462e740a2e933625ff964912e2ff3344e5ef570b23bd794d,7ca15f856911f465418aa31e2c0eea5654eb09c385a9291a87d55288442c496d,unchanged,True,
test4,e,gradual,dwvp,noise,0.02,2,dc4eabc4da6b9f9b48f005f18eb1affafe0cdfc2448cadd5d12b0fb19ea0ea39,041809684707be7c146270e483af45eb0d88cdead9ce4d1d0fba895eb50a92cb,unchanged,True,
test4,e,gradual,dwvp,noise,0.02,3,0cd9c46378bc2f3d935b9073bf438a161d1c58ea60564b73b2cf9c87a82d4abe,5f8786b79e430ff3fa8562fea214c505f58878abd54db0635a5604f764204e19,unchanged,True,
test4,e,gradual,dwvp,noise,0.02,4,ca1a63d480e64d6b6985bfdff88c9e07006f3e14cb9959944a17a42315df27a0,78f19ff9e5db6051586238a3d635f61422533533e236f83e483503a731a7b3df,unchanged,True,
test4,e,gradual,dwvp,noise,0.02,5,cb80d7436deae6edfbe0f4b51ebbbbdd59b5c8928d566cc9ae2e18da8c617260,78fbc537bb17c5e0b0d9d67836d338bc0a9acb948aec4040c7eb94a6d0504ea9,unchanged,True,
test4,e,gradual,dwvp,noise,0.02,6,0a9d3641d27b203ddf8e8e37b0abc3eeaa8e960e43b61e0f0e8f89e04f8f261a,20c66537a99984d8f0907f2ea51ea17ddb81d9e4c179a06d1998425fa4cc3fd1,unchanged,True,
test4,e,gradual,dwvp,noise,0.02,7,f766c5a88fb9d9bf64649437caa948d252f499d4cffa481e6a2e62a281a299fe,ef5c262219df64205ad84bbe9830ee6ab5fe2a2a6840f8caccf64b47b96354c8,unchanged,True,
test4,e,gradual,dwvp,noise,0.02,8,8d04d58ab804487c404d9dc3a60a2b78c0d53885ebf26ebd3730209058ba23d2,9d5dbe978a6ce9fe90729b6c3418815659727c777e9ed5bc3b6f8241d529ca68,unchanged,True,
test4,e,gradual,dwvp,noise,0.02,9,1dacda1b403e00387814aa5dfee604870fba172e9b39f127fc01220a77b5070e,f89c5c694e17e5bbfb9da1089663a21b4f6216e696e4094a6808fb893e81aaad,unchanged,True,
test4,e,gradual,dwvp,noise,0.02,10,412d97b3a46e6e1a7635b0c0be2779708d02d510b4766e223def985375bacea5,77e02720950e1f12d28cab9517e850ca351279272e10edf02c68f2b529974be9,unchanged,True,
test4,e,gradual,dwvp,noise,0.02,11,417e645fe97161b3d85573796bb03c61b6dc18fde04a9c038c985ad1fd93f465,086b4ec5f21698d6de1594072b66e2fcd527891dc235a0448739e1ea46fc6edc,unchanged,True,
test4,e,gradual,dwvp,noise,0.02,12,bfeecb1dcbabf4782e81bd4575bd704e920ce8433259c180135080549d556f0d,05ed1620522d7f3f39e4c7cc630f39d1eff6f3156f2713098b3cae1c2313e8b2,unchanged,True,
test4,e,gradual,dwvp,noise,0.02,13,0afeca2ee728bfef2381b9b7fecce8a4dda597e716056418901de01061e302f0,5c905ff0a40737274bc56f90bad3d4933942af0595a08e4040c6ceca2ee9af52,unchanged,True,
test4,e,gradual,dwvp,noise,0.02,14,d6e54b82657ee561382972bd5a53463720b7fe90963aaa1eb5ca8a4c6befd762,f98a32144b44d2927d3735b253e426b61efdd5a5fa20d8e3c58fad886281a24a,unchanged,True,
test4,e,gradual,dwvp,noise,0.02,15,5c9d9e742c4dfcfbd7870b406988dbbf7a5d04dd7096803cf81e55a231354b12,39844161f7ffef8c1c0d4e44ec106e9b3511142c9cca6c8c296c0fe63b6866f5,unchanged,True,
test4,e,gradual,dwvp,noise,0.02,16,ed3ff275273fd26ccf125b4110842b266cb9d3f5546932d4d0541dd6c34aa615,3388f2508a57ed34d72744efbd84b4b480c1945431578140440e870e66b5a93d,unchanged,True,
test4,e,gradual,dwvp,noise,0.02,17,7d8e241c8fb061b4d57309bf6ec818cdc4fa2b8d7aa47a4f50b7405df004e943,a3bcb74b50f6f8d23a4983a1673ec3e30489dad749b7c40bfcb326ed2e1563c4,unchanged,True,
test4,e,gradual,dwvp,noise,0.02,18,719decfa14a605a7b66a2cbebc06be11bd21bf0fdc3aca726a81048aa64d668f,ca54f840c9a4134c42cf4504146839fb0340e11a29983b924893fa9c277fafff,unchanged,True,
test4,e,gradual,dwvp,noise,0.02,19,c9eb78e8b08f7242804d7b842d819576839acd1a39425b77582ca248d6c6f662,63746ccc1527d85ef0d9d252349b953909cb58ff50d823b39412d2ed839c97bc,unchanged,True,
test4,e,rapid,vp,noise,0.02,0,4df07216d974a6b3df22f4e34b04552dddfa43d802aaefbb05d75800c2728491,d59cea9ae61c634af378d6ecbe9ace5c6e92fc01f75904670313e547630e4d2c,unchanged,True,
test4,e,rapid,vp,noise,0.02,1,cba978dedd0db660ae0618f03371db977435be20f10ed03571cd113f4d062344,e0dd0b12a4692142085d2240e802df8d61634baa6133ac2abb0106cacdc69bb4,unchanged,True,
test4,e,rapid,vp,noise,0.02,2,ac8036830fca0f99c3c4c9cb97eeaf78deee4e63d81479588c3943dbc4570204,34c0460beab1ed5dd4d5e09feb10347cae6885eeea5487411b025454f49855de,unchanged,True,
test4,e,rapid,vp,noise,0.02,3,d79cad65bcbedd37bf65fcc1f98331854c1aab3baaee8a33ece85404684f3ec9,35c8d43282fdb757eb33909d754a9e4ea61d6864d700acb2d0080b4f7809d809,unchanged,True,
test4,e,rapid,vp,noise,0.02,4,18e90b318adfdab601e5aadb80bf90800ef47d60f0ebaf085bf9e0d9c9aab1de,f5512a55d21615f860ae77626993022f3d9ba22aa5274bab700a1db3d865c3d0,unchanged,True,
test4,e,rapid,vp,noise,0.02,5,b62ed95e892a4cea776aa46f5b1e20cca081eaaae40a06d448310baf1be89f59,00fbd5c3bf81b6990e0daa7dc056839b69413aa60f23559609cb21df9b49ef0e,unchanged,True,
test4,e,rapid,vp,noise,0.02,6,6a1cd99713dae680e1ee19de28afc83a4a68458efb057233a45848511767cffc,8599ff153706b1bab54901ee4009afe0ca3be9d71afb322c1df2b5239a46796c,unchanged,True,
test4,e,rapid,vp,noise,0.02,7,265ca007fdfbda0be781a31cff231a27c19b01458d38aaeb70bea890f9509ff9,6cabe837d1c5bce6e287565685e65d2cbcd4e7dd243ad5cec336c28ee6f74410,unchanged,True,
test4,e,rapid,vp,noise,0.02,8,c0a9d907116c3f7269cb65fd443d45a9fd586c923bc963ccd2672ed780b9d65f,86cbe6781c141f89a08194ff1b16f64549807e5edefc976380405ea1808a5510,unchanged,True,
test4,e,rapid,vp,noise,0.02,9,194a4c6f7034fd5c73fd9538466487443d42cc554b1da1417edca75c0bbd63ce,04517572381c067f98a41ca94ddc1fc8ee8014e75005472f414ac70976859d96,unchanged,True,
test4,e,rapid,vp,noise,0.02,10,dd6cc08fa114c6cbfab204cd93678cf3cd848d68eaea2adcd757ea86f445484d,a62917c6b5dd21a5b8e19689faff88fef9a14d0f4b4e1a47658b30377438e9d5,unchanged,True,
test4,e,rapid,vp,noise,0.02,11,f32b784154b79cb2f332921fb43cbee34fa24f77d79bbb3c4038957b8f4cb562,943c8bbf2ffd551abfa56c71400d74a6adf196cd2d29e6394faddb0128ad080a,unchanged,True,
test4,e,rapid,vp,noise,0.02,12,b860bd8476c37885097f08135cd064e757e89d6e64c518fcb10eeaef157d2a83,c44758a414aebb0c1d61c2e27e8c68ab4953ac8ddc15c2d884e9ee122acca9ff,unchanged,True,
test4,e,rapid,vp,noise,0.02,13,80ad1aa1bb4ca1c4538cdc83cc50c4742006c38dae3ea8111d5b802e2a2a37cb,3794086c39a39a18c3f5fe3c5e13491b11a01b49625fa62f2da3b28067eebe54,unchanged,True,
test4,e,rapid,vp,noise,0.02,14,58847e4d74ae4c264d6cbe69050fb58de4cd42292c25b66a8d9954f83fb0cb1a,bd02bce71bb0db681b382892f575a9049786a0ccb939cc299bd4d1722de6e8e8,unchanged,True,
test4,e,rapid,vp,noise,0.02,15,175ea1e19442f7b837dcec4da30588538c061a6bffabcbf1a1d9fc0714a5efbd,b7b252e371cdf1bb165c0bfb1dc02aff761668c0b1869679ea8c3900495fbcfd,unchanged,True,
test4,e,rapid,vp,noise,0.02,16,60c53ebc1ad54d0e0d8b7a55acace5f242f2bff516a7f6414e4ca649f1306015,b2437f471208de514529566159f504d7ecf31f6c3b249da77ab66be45abfca79,unchanged,True,
test4,e,rapid,vp,noise,0.02,17,860499b62494fd16f97482cedfc3d1338c72720d63bf5b1596e5fb18271f9e10,7b3751ea11fff2c08e8a49c578dd0862edbe4a03806f05d27c6eba6876e30456,unchanged,True,
test4,e,rapid,vp,noise,0.02,18,ee67de4c6550ba5738ef216e9041d9852703bba297b322346744ef9e083a5e53,76a28d1f92e47bea5f3f2c3b5ccc66031e4ecfaeb59e02147534ea34921d9311,unchanged,True,
test4,e,rapid,vp,noise,0.02,19,e71a1c8d5d75d042c5792a20934ffc95d43f3935b44222e233223c0f3dd2c857,0cd6821fcc241fae06283be5f890d55add4feeaf71a3c3f41afc59f49f0a94fd,unchanged,True,
test4,e,rapid,vp_scaled,noise,0.02,0,a5e0c529c9f47b20c8a40d65e5028cccfec7bbc6f4e73943a229a29f653bfa5f,85d3ad3d909f5ef48f8d2fd1a1a643cf503a9e8cd47a6beb1cb1686715b8dcd1,unchanged,True,
test4,e,rapid,vp_scaled,noise,0.02,1,699199b4ada8382ef835d89a22cfc639bd87a98e7eda2d2fe096b0261cf1ba95,275e7331ea22faca3409b6f327e892abd7c9113e1cd0e2e2451ba32e20000199,unchanged,True,
test4,e,rapid,vp_scaled,noise,0.02,2,52732e2c0c85f3541ba6992e3859fc9563780497b73622d2334ecde5403e4e85,1105f4844344ad68da9db8fd9de9fe81d30bc799523de66673b28d23e2792b53,unchanged,True,
test4,e,rapid,vp_scaled,noise,0.02,3,575eee00021674cb9971fbd7d74c3cab48291f33a59ea0c107f577e4359fda64,f0d44c5654ee3f06683514e7d598e797b5c1c9b547f2b626f4d9eac753a48034,unchanged,True,
test4,e,rapid,vp_scaled,noise,0.02,4,d5a8d5c44ce5826a108da7e688ccbe93840d46ac850991c3098b01fbebcf7096,020514ef23cfbc4a9b3e3bbd6c07dca70fc061b8aea80559c76872b7f906d2ab,unchanged,True,
test4,e,rapid,vp_scaled,noise,0.02,5,e62fe5eb127f2150289af0e2938c18d3eb71ab2f8999f2899f001c5e27fbfa22,544a2f3a46d32ce3da3c751626133a3bcce8b07675dfa78b9be27f0a1b0daf86,unchanged,True,
test4,e,rapid,vp_scaled,noise,0.02,6,7348ba461ca330b758cc5e44ba9bb4cc0352cf7f9f128eaf8feadcf32a5d9a0d,249838e45d90a535c4a0750d95f936cf57c8ef9d6c9985ac3c9f920556c8d616,unchanged,True,
test4,e,rapid,vp_scaled,noise,0.02,7,1c76aa639b67621e8e755dcf743aea623d65f31d05e1d02f8c43e5a7d5842265,e25aeef691ff1335afab9a2df43447455a6ea8573111e1ce28a8f80df79a1952,unchanged,True,
test4,e,rapid,vp_scaled,noise,0.02,8,fd04dc0cb21e020a97e3fbbf8f557dfebddc4a4d3627ebbcdaed0aa18600d578,386e895d9cbbaba63643cee58aa7f1b26cf70990d0670b2b8ec2f9e4dfdb5a67,unchanged,True,
test4,e,rapid,vp_scaled,noise,0.02,9,9f1b098030fffe45454e634420caa2a9fa8bc5fd69825e3842a6402e266ea7fa,b909b3f3528cf8f445528a81ecb8584578a14c3ab4403647650517331b60302f,unchanged,True,
test4,e,rapid,vp_scaled,noise,0.02,10,ed86b4079576bf723242e5a278a4ec757652866f34efc18ee4aad497e0f29683,417d581cdb7ee375d812c9c9c82baf23384b7df4fa441a60fe74a4101ef393fe,unchanged,True,
test4,e,rapid,vp_scaled,noise,0.02,11,3469c7c9c752b1e26404e4f4c5e4a37271d680536b4e69b01613faa4759090fe,343cd7c949264d9bc12f624dafa762a4156cbabc2c6f9b1a419da4577fdd6234,unchanged,True,
test4,e,rapid,vp_scaled,noise,0.02,12,3a8376e075d4fdc41a27b888f5644935b58096b0a73024031245d368cc52f232,e81439494184e5e6ce647085eac48ac10a66883734943786ffc07e8ced3d6805,unchanged,True,
test4,e,rapid,vp_scaled,noise,0.02,13,b4d7266921d166518396afd943694d356f32ea4c1ef1b5dd706b9e2e91181f8d,d2b6b5489b47b62cba51ddbdf6cec8c60da81ec3e3f26c4838bf3ad92eb2ddc6,unchanged,True,
test4,e,rapid,vp_scaled,noise,0.02,14,4ac954cb91571a56ba7d4405eec5dca5086b1b9ad293920511095144ecbe99ef,06480f0d2d17a30df0e004717008c500964e96fc0eef06ce7d4d1ea3d72bdc0a,unchanged,True,
test4,e,rapid,vp_scaled,noise,0.02,15,14b254ed0824019843cace666ebfa3469b03963cabf3100ded3f6e8aef9c99fa,096fb3f9fc9241a313ffdc44606837857b36c8c698f375638af26060e3912dfb,unchanged,True,
test4,e,rapid,vp_scaled,noise,0.02,16,94842952177632db42149e6309822e86318e2c744f8212120bbde3aa370e638d,c30c31cf91ed3e8ef36b4d8adedd4777b22dd4024173d077365b9df4d2c14386,unchanged,True,
test4,e,rapid,vp_scaled,noise,0.02,17,cf44e4ba2f37ff79366f3991b5d829062f86fc18d771e329e184b28e7d228816,5376e46119bb835e3db0215f0fe400aec1e5538fe6d26c360a3f120f6658807d,unchanged,True,
test4,e,rapid,vp_scaled,noise,0.02,18,f852b9dcd0738abf0f3e9632c3fe31875f9c59f51d2b2f01a5f7ce49db1ece05,8b64e40b04334ca33d1351b14e2372f00685f05a3057b63f4fedfff8a900eef8,unchanged,True,
test4,e,rapid,vp_scaled,noise,0.02,19,aa83eff5a45870119db47c2e5382917919358a4c5c4cc919a0b74ed61b73981c,18ee5b394703366085538e67b9ede40145fa150b0dbd4976c11ac7051ce243a3,unchanged,True,
test4,e,rapid,dwvp,noise,0.02,0,ff50d042b389627d9ad8b8d97c012edd71189d1d9a805ad12ff8254568b40d45,90ec70cc9645ab77122728eb1b130155e96a583eb9c58acb94bc3a0f325209d7,unchanged,True,
test4,e,rapid,dwvp,noise,0.02,1,786659d66f5f6cb786fa845d364ff787e6552c9cb1024284d9ca9c8de8c5bd96,9062819026590e3a24c36068f1ff1f0bd23440cb6bb793ba8f2841acdba684c4,unchanged,True,
test4,e,rapid,dwvp,noise,0.02,2,1d855427d96b83b411c9e024a939a680a79c8b6d73ee6b19b6e084523a053904,fca13fdc2188843fbd41d9517cb3e60a30e86fb53d55aba07e0ed2c8d58b0c7f,unchanged,True,
test4,e,rapid,dwvp,noise,0.02,3,841ca03fef420333b3951d84959159838f8bfce81f9040330036959a781e3280,5168e2aa2d56dbab33991a1d46f47aeae506c9aa4e8c26ac368371979217d621,unchanged,True,
test4,e,rapid,dwvp,noise,0.02,4,23e97029383c367a24004442a65dbc0dcdc5082488d7b90e438c6667aca02ada,4dc295d121ab391d88d996f5d347b194a769ad3390e41e208154c96b08065e7c,unchanged,True,
test4,e,rapid,dwvp,noise,0.02,5,29b03f718298ff16a4845f07bfe48f04e5713ee2c4db7a83f61e6bac87221374,e9af83cd28f0eedb7800f9446f9573683fa9cf746f431c7c6a7a507a3fa9bea7,unchanged,True,
test4,e,rapid,dwvp,noise,0.02,6,4c4977ef4bee68d8d1de825863b118542db6d8ccd58b9b727707f6e2aa17828c,ad8cd8bbb6307bd2a0090e2b5e1313f5909963f3b586ed8dbdf341e0b929fde5,unchanged,True,
test4,e,rapid,dwvp,noise,0.02,7,eca8984dea863cefeb8a4e31155028215c62fa926b14125ac2038d2bc59b0b64,38f61a4fea3f5edb6a9476c666b2779d758c61a0aa6c3af593f1f1b66fd156b4,unchanged,True,
test4,e,rapid,dwvp,noise,0.02,8,6b0e85c0b63dee5a40cd38f4630aa2ae453b29c931cd66ab6cc911f89d017a11,f9faeae496abaf70c3e4f22243163c05e8f5f8b47b5988b8247dfe3139912a61,unchanged,True,
test4,e,rapid,dwvp,noise,0.02,9,d0cc2d8d1e651ae5edb5a296ef3f07267dd29c35df169cea7aa28cf8f15034d6,dfc1f74920a43c37a5bf1e526aaef921ecde88c4014128e9e7ac7942b7f416a6,unchanged,True,
test4,e,rapid,dwvp,noise,0.02,10,55a6655c12d3ca87b80107e7a4eadfccabf7f4290aac2dc927cc86de7c9f86f6,a6cbf6fbbfe1d1b20bf0a4b7b9d0ea9e8f88e1a79fe85e72de7d9e1e9ecfa470,unchanged,True,
test4,e,rapid,dwvp,noise,0.02,11,c7c5df9a3f76fd35fd7a824fe0ed61762998fbd42ce4f0d2061291904ef1ed0a,8a49552cfdc40de0446f91120a693a8443a7b55d376998d0a478530d33fae5c1,unchanged,True,
test4,e,rapid,dwvp,noise,0.02,12,5cfdfc9d9b7e953dd09fd4f5b01a3a4079f79b0b2aa693ba4440dd93b8624935,8408dcc7e3d9ecffc0116f2f3112a6a962aa93614424ca23ec1efd4d00be0ba3,unchanged,True,
test4,e,rapid,dwvp,noise,0.02,13,b56eda621fc647bd71289c5bc5d2f93383d434d3b462115054380aefd8b7f582,1fb909f0c0c7c23ea2a99affc59a091ab2d846190f28c8e5155d3c6ec236d03a,unchanged,True,
test4,e,rapid,dwvp,noise,0.02,14,d6d86b96a07c3447b3ac7884f54093db4b59a92710ddef452cf311a8ecd8d306,8805b49f5bf938799c486e707c33afc84653acdf976ed7ebe054ee067eed0d37,unchanged,True,
test4,e,rapid,dwvp,noise,0.02,15,b5569f56ca604736ad21b862e02b95fa94ab361d27c43931ba714f504e76e224,36959aa0ababcbb616ddad37b8c226d0de8aa9161455ff7bbddf3078599c73ea,unchanged,True,
test4,e,rapid,dwvp,noise,0.02,16,7cc76d0cd867c6d15f3f31ccb71ea1013ec985d9ee57dbfe01158edacbedd7eb,755c1cc0fe8af17095a596a25fdfef497cdcb90ef48b4a025a23a4efd9a2991e,unchanged,True,
test4,e,rapid,dwvp,noise,0.02,17,5c2b4ef8a47dd656847be7e054d4c594e0d3314f859e53256562f446132d02c6,a12d52940d1a89f874818fe317aa749935c727e3ac1cbd00cfdf7fd257c241bb,unchanged,True,
test4,e,rapid,dwvp,noise,0.02,18,00bec0822668beda113aae747790b0626c62ec8e7396930c6dc2f66cb21304c3,c81f623614ea4a44a127723982e67547104c4d84f433de7dc913ec94458af22d,unchanged,True,
test4,e,rapid,dwvp,noise,0.02,19,a6c8e696d3423bfcf4b88a50178225033338de57a5197bf2a699e40002f64dc7,e2869e7003e921715af5af692a72f6aff041d516a587e74607da9c036fa348de,unchanged,True,
