condition_id,metric,before,after,difference
a84b7e6ceb2d214ef2b3ce03e91bc60f0065f4baf7c7f02c76189739d16e22fe,eval_mean_heading_error_deg,1.556232803903823,1.5594681403337327,0.0032353364299098075
a84b7e6ceb2d214ef2b3ce03e91bc60f0065f4baf7c7f02c76189739d16e22fe,eval_mean_position_error_m,0.00028833806088245366,0.0002889374424264531,5.993815439994101e-07
d437be29ddcade9b419e8b777e1880c6e9a2ae2a912a428d93408a83c28c6664,eval_mean_heading_error_deg,3.209772028549874,3.216795373035278,0.007023344485403982
d437be29ddcade9b419e8b777e1880c6e9a2ae2a912a428d93408a83c28c6664,eval_mean_position_error_m,0.00028293721361035486,0.00028355614430775923,6.18930697404371e-07
24e3015c663af83d62033343233f65b7a808ff72dada431d088c89b62f4adc98,eval_mean_heading_error_deg,1.2668410125872556,1.2671929052614188,0.00035189267416324554
24e3015c663af83d62033343233f65b7a808ff72dada431d088c89b62f4adc98,eval_mean_position_error_m,2.399138659702342e-05,2.3998050202822818e-05,6.6636057993969616e-09
8ae80e0a332e98f006bd1d4994eb29947c89278ae3e00d4a9c5ed90b3830e403,eval_mean_heading_error_deg,0.9857932879727119,0.987005825744078,0.0012125377713660956
8ae80e0a332e98f006bd1d4994eb29947c89278ae3e00d4a9c5ed90b3830e403,eval_mean_position_error_m,0.00010613394294777285,0.00010626448894893066,1.3054600115780665e-07
aa85d21488b598df290d0725b80d67812d3722c3d1150362efbe4ca2df43128a,eval_mean_heading_error_deg,1.693565375066189,1.696475278095691,0.0029099030295021144
aa85d21488b598df290d0725b80d67812d3722c3d1150362efbe4ca2df43128a,eval_mean_position_error_m,0.0001722668656367735,0.00017256285436684387,2.9598873007037466e-07
d4b008e6fc518225401931067cbe751c1cc8b5365bc01c40af11403e2140cc48,eval_mean_heading_error_deg,2.395136909371664,2.3998148783139093,0.004677968942245148
d4b008e6fc518225401931067cbe751c1cc8b5365bc01c40af11403e2140cc48,eval_mean_position_error_m,0.00022419063390545762,0.00022462847861863387,4.378447131762474e-07
b54ada5a1d8e9faf9f1773cac6a2ef21a3b37ef3491eafb01401b5d6e2cbed69,eval_mean_heading_error_deg,2.798618912358559,2.8044130639919542,0.005794151633395028
b54ada5a1d8e9faf9f1773cac6a2ef21a3b37ef3491eafb01401b5d6e2cbed69,eval_mean_position_error_m,0.0002526821334237187,0.0002532052092560827,5.230758323639833e-07
0f8f44a10f3d5a8a8b8448621256859d39d195da77855addce7e9584f3647c9a,eval_mean_heading_error_deg,2.9583572466051584,2.9646514838261635,0.006294237221005083
0f8f44a10f3d5a8a8b8448621256859d39d195da77855addce7e9584f3647c9a,eval_mean_position_error_m,0.00026739276890593906,0.00026796157292913425,5.688040231951888e-07
7bff495b0b2c133dbf5940977b562880165d69e70f888872bcb69cf8c1e19c83,eval_mean_heading_error_deg,2.884906269278024,2.8909668815668095,0.006060612288785627
7bff495b0b2c133dbf5940977b562880165d69e70f888872bcb69cf8c1e19c83,eval_mean_position_error_m,0.00026020979520688023,0.00026075635839271823,5.465631858380033e-07
ce15bfdf1c6821e10030d51cf62318d879bf565f77849194fca1a8b4462df7eb,eval_mean_heading_error_deg,2.9224726529055447,2.928651115093659,0.006178462188114242
ce15bfdf1c6821e10030d51cf62318d879bf565f77849194fca1a8b4462df7eb,eval_mean_position_error_m,0.0002637785715477312,0.00026433613704354215,5.575654958109733e-07
ea08f1b4042ce5ea43984c6aea3e799870b8e1ef662010e0c803a1d953ed3422,eval_mean_heading_error_deg,2.9618594090440014,2.9681079309239946,0.006248521879993252
ea08f1b4042ce5ea43984c6aea3e799870b8e1ef662010e0c803a1d953ed3422,eval_mean_position_error_m,0.00026226413518894517,0.0002628173297578933,5.531945689481177e-07
b4ec1bad3f5614456853ee713e0f355cd8418a3e94d2a03def3f086e5b3439ae,eval_mean_heading_error_deg,1.1326912030904155,1.1350558612987487,0.0023646582083332035
b4ec1bad3f5614456853ee713e0f355cd8418a3e94d2a03def3f086e5b3439ae,eval_mean_position_error_m,0.0003088061120403793,0.00030945075041026535,6.446383698860349e-07
6af928ef79d8e48972eb6a50c43f3918adec3dfc25c4640382272b640ff17032,eval_mean_heading_error_deg,1.2668410125872556,1.2671929052614188,0.00035189267416324554
6af928ef79d8e48972eb6a50c43f3918adec3dfc25c4640382272b640ff17032,eval_mean_position_error_m,2.399138659702342e-05,2.3998050202822818e-05,6.6636057993969616e-09
b828a0d6a5c77857c1229ec270f156927774f41bd64673959ed94dec02fa213d,eval_mean_heading_error_deg,0.9857932879727119,0.987005825744078,0.0012125377713660956
b828a0d6a5c77857c1229ec270f156927774f41bd64673959ed94dec02fa213d,eval_mean_position_error_m,0.00010613394294777285,0.00010626448894893066,1.3054600115780665e-07
1fe4aad8817ccdb841bca22940d6998c55fd75779f6eeccb6a2aa48553a0fbb9,eval_mean_heading_error_deg,0.9764586508155016,0.9781025190232436,0.001643868207741983
1fe4aad8817ccdb841bca22940d6998c55fd75779f6eeccb6a2aa48553a0fbb9,eval_mean_position_error_m,0.00015708949507969573,0.00015735395425331948,2.6445917362374807e-07
6f3d901e3184fa6044f247130d2079b18f89af41a9e5b11c6d3e68184de38ed7,eval_mean_heading_error_deg,1.0595477703022789,1.0615506862760873,0.002002915973808417
6f3d901e3184fa6044f247130d2079b18f89af41a9e5b11c6d3e68184de38ed7,eval_mean_position_error_m,0.0002177858477983664,0.00021819753142411185,4.1168362574544237e-07
062800a9ec3f2f65bda4128e5c1a6b1a4552d20c50ba38778e1523c7c3afb9b2,eval_mean_heading_error_deg,1.1351348467099325,1.1373960468371376,0.0022612001272050986
062800a9ec3f2f65bda4128e5c1a6b1a4552d20c50ba38778e1523c7c3afb9b2,eval_mean_position_error_m,0.0002580177100465603,0.00025853166375397805,5.139537074177265e-07
c71855521062897c45097f3bfc07abd081ed825ec5e51053bf2c70bed70f3fdb,eval_mean_heading_error_deg,1.1431280149359986,1.145460898480607,0.0023328835446083662
c71855521062897c45097f3bfc07abd081ed825ec5e51053bf2c70bed70f3fdb,eval_mean_position_error_m,0.000281974772168592,0.0002825501956817645,5.75423513172503e-07
e455c7895d440562eaa1396fca09c831dc032648dd645d314f0213ead480dea7,eval_mean_heading_error_deg,1.0930251944886435,1.0952788204382675,0.002253625949623972
e455c7895d440562eaa1396fca09c831dc032648dd645d314f0213ead480dea7,eval_mean_position_error_m,0.0002933112254042748,0.00029391594965942684,6.047242551520228e-07
ceabdc3c14eedaaa54a08babb2365e5c400287696674037fc05cb9a38f35f788,eval_mean_heading_error_deg,1.1187442552878513,1.1210652637223335,0.0023210084344822413
ceabdc3c14eedaaa54a08babb2365e5c400287696674037fc05cb9a38f35f788,eval_mean_position_error_m,0.0003013137324834266,0.00030193881898288663,6.250864994600215e-07
57054d4dc51b4226b12f38dce606d0bf22a1530c3fc590eb961afc954fb43631,eval_mean_heading_error_deg,1.1512996708874472,1.1536981722103214,0.0023985013228742247
57054d4dc51b4226b12f38dce606d0bf22a1530c3fc590eb961afc954fb43631,eval_mean_position_error_m,0.000302957955621493,0.00030358906980566727,6.311141841742834e-07
74ec774649b4586784a378b6e28dccc8090057e86e1c5e5a5b0714f5972228ad,eval_mean_heading_error_deg,6.791662454581095,6.803812102861864,0.012149648280768588
74ec774649b4586784a378b6e28dccc8090057e86e1c5e5a5b0714f5972228ad,eval_mean_position_error_m,0.012934191468506422,0.012867872757660008,-6.631871084641396e-05
b25ddaa1f899b8c3b2ab1045afa91b36eaee0d1301e5b68cd0e0f4e3fc63566b,eval_mean_position_error_m,0.006102349541384493,0.0060062934133397975,-9.605612804469525e-05
70d5640c6d78c67eab037544453604372818a7b4e29bd80a5b4d1ff8f38a5534,eval_mean_position_error_m,0.006102349541384493,0.0060062934133397975,-9.605612804469525e-05
2838549e73061c3c8eb4351661bd580cae2c58a77d0104e828cecd21e07f73ee,eval_mean_position_error_m,0.006539170518048448,0.006444690453827825,-9.44800642206237e-05
f3a9d33239e56e46bb65205976a22f0488697f8608a60df10b1365045a332c2f,eval_mean_heading_error_deg,17.3734436993468,17.400049185775202,0.026605486428401548
f3a9d33239e56e46bb65205976a22f0488697f8608a60df10b1365045a332c2f,eval_mean_position_error_m,0.03625585559783643,0.036119945234414405,-0.00013591036342202462
9abd259a26d26202dca5b1c3c16407d912f066c30fa7230bedf4adf33e3a26c0,eval_mean_position_error_m,0.018636029552019658,0.0184167223963457,-0.00021930715567395828
12cd4c62c31c27e423c28b11a6eb0afebfacc0362e305996ad3c9d2c0546cf55,eval_mean_position_error_m,0.018636029552019658,0.0184167223963457,-0.00021930715567395828
718fb7320d90bc312d1ed48404481d705fdc55323b3779601f3197f9709b6be7,eval_mean_position_error_m,0.019502069564405783,0.019284548058208197,-0.00021752150619758562
e51e5369a08ad5ff1e2673e5d94e39f6d3d02ee1e5390007ecde883f2ee16cae,eval_mean_heading_error_deg,16.791498151985206,16.818364542506604,0.026866390521398387
e51e5369a08ad5ff1e2673e5d94e39f6d3d02ee1e5390007ecde883f2ee16cae,eval_mean_position_error_m,0.06945458631021935,0.06916570379318526,-0.0002888825170340864
14eabde68473f8c265a47c06187a16afb6c874cfa993f3de7f396daa12f99536,eval_mean_position_error_m,0.04942322530187167,0.0490360114509889,-0.0003872138508827644
2d030dc59d63f3220b5c247b6f0031e1f35513ed8a3423b2544f0596c0893928,eval_mean_position_error_m,0.04942322530187167,0.0490360114509889,-0.0003872138508827644
b89b899564a5320541cc264c34d9b0bd7800616d0f2a19c6cd5f31b183b61712,eval_mean_position_error_m,0.050022043267327815,0.049635985435658045,-0.0003860578316697699
660a9facdbbdc68a94178d75cfd281c96cc475a40aae20fadcc6cafaac363028,eval_mean_heading_error_deg,22.1079942506164,22.14253792104406,0.03454367042765938
660a9facdbbdc68a94178d75cfd281c96cc475a40aae20fadcc6cafaac363028,eval_mean_position_error_m,0.1949095733565608,0.19443285921060405,-0.00047671414595676365
ea56dd18d154bd778084143cc4c56bbd9958082139bc7dce8d835ecf2e7c7b78,eval_mean_position_error_m,0.14360155597990007,0.14299336750877364,-0.0006081884711264252
7f8e3da1035b39c32ff33af046ef80636cc741c2b15543e084186051ebaf42cb,eval_mean_position_error_m,0.14360155597990007,0.14299336750877364,-0.0006081884711264252
749c80ba0cacc24ff1707f42f20aeee7f85572a49a49cde396a6bbca9d3feb59,eval_mean_position_error_m,0.1441515202632207,0.14354427029767425,-0.0006072499655464525
df44c429e86e60afcce4f5d598589f1e56250a0d4736ad9e470ae2b39e5e52d4,eval_mean_heading_error_deg,0.7391084292296345,0.7407231780056698,0.0016147487760352908
df44c429e86e60afcce4f5d598589f1e56250a0d4736ad9e470ae2b39e5e52d4,eval_mean_position_error_m,0.00028287084948815046,0.0002834881961997808,6.173467116303371e-07
9c95f4746adfa4c3e570c854e6acdefde9a85f27c5c589d170bde823c632faa5,eval_mean_heading_error_deg,0.7391084292296345,0.7407231780056698,0.0016147487760352908
9c95f4746adfa4c3e570c854e6acdefde9a85f27c5c589d170bde823c632faa5,eval_mean_position_error_m,0.00028287084948815046,0.0002834881961997808,6.173467116303371e-07
bd21bb03691bad3c348370c14a11598ca3dbec9238ae8a87796b0266103bf475,eval_mean_heading_error_deg,0.7391084282406173,0.7407231770144884,0.001614748773871133
bd21bb03691bad3c348370c14a11598ca3dbec9238ae8a87796b0266103bf475,eval_mean_position_error_m,0.00028287385336191884,0.00028349120664655254,6.173532846337091e-07
9ed44b71e6892271541593262e013fc3a57fadda11ee9a84856d4e98094e1d51,eval_mean_heading_error_deg,0.7615360454153272,0.7632524206924076,0.001716375277080462
9ed44b71e6892271541593262e013fc3a57fadda11ee9a84856d4e98094e1d51,eval_mean_position_error_m,0.00032762098175099613,0.0003283587859624619,7.378042114657623e-07
c97ef322ef22d99231d3dfece2cec6bc38e9b6848a2697adf4eebd3cb313df3f,eval_mean_heading_error_deg,0.8116320573700939,0.8134065325315106,0.001774475161416711
c97ef322ef22d99231d3dfece2cec6bc38e9b6848a2697adf4eebd3cb313df3f,eval_mean_position_error_m,0.0002828991415780866,0.0002835171453945714,6.180038164848071e-07
c110ee5fac6c60d2a2a2e0299b02d06311a5e4feb238d149d12d1f8f7dbaf8c8,eval_mean_heading_error_deg,0.8116320573700939,0.8134065325315106,0.001774475161416711
c110ee5fac6c60d2a2a2e0299b02d06311a5e4feb238d149d12d1f8f7dbaf8c8,eval_mean_position_error_m,0.0002828991415780866,0.0002835171453945714,6.180038164848071e-07
318fa11875cd2048a4003453ac189cf8fcd7266586ee9d71eb57417d0215689b,eval_mean_heading_error_deg,0.8116320518817617,0.8134065270311691,0.0017744751494074285
318fa11875cd2048a4003453ac189cf8fcd7266586ee9d71eb57417d0215689b,eval_mean_position_error_m,0.0002829495350604659,0.0002835676491467165,6.18114086250619e-07
a80a00ae4c7df8c1c390afdd32409d3171973b1d26156160c81b843f3bf7d70c,eval_mean_heading_error_deg,0.8322802860671314,0.8341490330581587,0.001868746991027237
a80a00ae4c7df8c1c390afdd32409d3171973b1d26156160c81b843f3bf7d70c,eval_mean_position_error_m,0.0003264295908755386,0.0003271620611609995,7.324702854608891e-07
3eebd1c6de9b8cc54c6455def88061674c6842187c1340e43b79b44ef451cba0,eval_mean_heading_error_deg,0.9000815561908225,0.9020501800320285,0.0019686238412059964
3eebd1c6de9b8cc54c6455def88061674c6842187c1340e43b79b44ef451cba0,eval_mean_position_error_m,0.000282916599273333,0.0002835350139676898,6.184146943567889e-07
d68136f04f0e463c8f5e07db1fb50ad0bf57c92e657dad7c2b02ff50546a6981,eval_mean_heading_error_deg,0.9000815561908225,0.9020501800320285,0.0019686238412059964
d68136f04f0e463c8f5e07db1fb50ad0bf57c92e657dad7c2b02ff50546a6981,eval_mean_position_error_m,0.000282916599273333,0.0002835350139676898,6.184146943567889e-07
487aaf1c724a1226cc7c6da4ee95cfa6733086cfd82ee7b309272ab9d6b01b09,eval_mean_heading_error_deg,0.9000816509181516,0.9020502749666388,0.0019686240484871886
487aaf1c724a1226cc7c6da4ee95cfa6733086cfd82ee7b309272ab9d6b01b09,eval_mean_position_error_m,0.0002832365573833829,0.0002838556722018447,6.191148184618014e-07
a01cfc96163cd0faa05b907bf05db3630504ebc5f234d18709750894137cc86a,eval_mean_heading_error_deg,0.9172721734833157,0.9193278910596393,0.0020557175763236124
a01cfc96163cd0faa05b907bf05db3630504ebc5f234d18709750894137cc86a,eval_mean_position_error_m,0.00033453198513133285,0.0003352813545811204,7.493694497875784e-07
d5033e2d44b6095ccfaf9308000771a3e48b51692efd5b862f8d1459349215b7,eval_mean_heading_error_deg,1.007684348378279,1.0098887846210598,0.002204436242780883
d5033e2d44b6095ccfaf9308000771a3e48b51692efd5b862f8d1459349215b7,eval_mean_position_error_m,0.00028292731380746004,0.0002835459860976276,6.186722901675734e-07
7f916c307b66ea80c7d1aeb4fe8b2fea759534d68e9d91789de6db72d708fe09,eval_mean_heading_error_deg,1.007684348378279,1.0098887846210598,0.002204436242780883
7f916c307b66ea80c7d1aeb4fe8b2fea759534d68e9d91789de6db72d708fe09,eval_mean_position_error_m,0.00028292731380746004,0.0002835459860976276,6.186722901675734e-07
84460c7d3273ab643944e3d53cade5090a49de3782b09eb97ab2848be8dc5f6d,eval_mean_heading_error_deg,1.0076844657009836,1.0098889022006323,0.002204436499648743
84460c7d3273ab643944e3d53cade5090a49de3782b09eb97ab2848be8dc5f6d,eval_mean_position_error_m,0.0002853433772980835,0.00028596733574737883,6.2395844929535e-07
7a0c2f3cdaacb06c1f24b9fbb2be956213770cee49b681b5209aefd093df7e7d,eval_mean_heading_error_deg,1.0183351350501102,1.020607624710188,0.00227248966007787
7a0c2f3cdaacb06c1f24b9fbb2be956213770cee49b681b5209aefd093df7e7d,eval_mean_position_error_m,0.0003297644409496576,0.0003305000668186309,7.356258689732642e-07
7265c266f15ffe90f39e7efa268cc64b1d1eccba366984b7d66f29a80ab5731c,eval_mean_heading_error_deg,1.1185548709531856,1.1210021302979114,0.002447259344725783
7265c266f15ffe90f39e7efa268cc64b1d1eccba366984b7d66f29a80ab5731c,eval_mean_position_error_m,0.0002829338911213134,0.0002835527285564282,6.188374351148241e-07
555017914cf606c30220d5f3102d7560bbfbb2e5b0f95d600ee45af7d8f3227e,eval_mean_heading_error_deg,1.1185548709531856,1.1210021302979114,0.002447259344725783
555017914cf606c30220d5f3102d7560bbfbb2e5b0f95d600ee45af7d8f3227e,eval_mean_position_error_m,0.0002829338911213134,0.0002835527285564282,6.188374351148241e-07
033f1e8dced1a526c5f4c7287abc724fe00d065e3bdc7759cd112bd2b6a4330c,eval_mean_heading_error_deg,1.1185391200535302,1.120986344933067,0.002447224879536858
033f1e8dced1a526c5f4c7287abc724fe00d065e3bdc7759cd112bd2b6a4330c,eval_mean_position_error_m,0.0003329084195756404,0.0003336365963089109,7.281767332705121e-07
1ab9564043a1a3d07b26339e672a27467545008acc3ed4644d21b6c598d09442,eval_mean_heading_error_deg,1.1155470056745127,1.118014676053197,0.002467670378684339
1ab9564043a1a3d07b26339e672a27467545008acc3ed4644d21b6c598d09442,eval_mean_position_error_m,0.00039337333476535533,0.00039424330500170967,8.699702363543335e-07
f6be8f9119d1afc3aee56d45620810729f1e576a6baea2793b4fd2899cd32ea1,eval_mean_heading_error_deg,1.2575139213481366,1.2602653573067073,0.002751435958570747
f6be8f9119d1afc3aee56d45620810729f1e576a6baea2793b4fd2899cd32ea1,eval_mean_position_error_m,0.00028293699093214284,0.00028355591442903657,6.189234968937297e-07
72ebccd42c52e544b9be8ea62ed4b2595356953db699941f3f2b2244258105dd,eval_mean_heading_error_deg,1.1527341439232814,1.1552453498576962,0.002511205934414784
72ebccd42c52e544b9be8ea62ed4b2595356953db699941f3f2b2244258105dd,eval_mean_position_error_m,0.000278961498256771,0.00027956909065989725,6.075924031262447e-07
a7a3405209fd29c88e03c9e09ed5dda8d113d526ff288691d339d90ae1262042,eval_mean_heading_error_deg,1.1377672315655991,1.1402458342174782,0.002478602651879047
a7a3405209fd29c88e03c9e09ed5dda8d113d526ff288691d339d90ae1262042,eval_mean_position_error_m,0.0006536770284093904,0.0006551009250609553,1.4238966515649166e-06
27d23cbd312f77e5c11489fd594f5b7fa3e37a3dc72b162dcbeca9a3459d25b7,eval_mean_heading_error_deg,1.2260639808992013,1.2287291274597802,0.0026651465605789237
27d23cbd312f77e5c11489fd594f5b7fa3e37a3dc72b162dcbeca9a3459d25b7,eval_mean_position_error_m,0.00036571773109762715,0.0003665125695538566,7.94838456229447e-07
23ed3c2cfbf1bb4e8f7733d020c1f9ff03720f17a99c9d2106c4272238c95f44,eval_mean_heading_error_deg,2.0309321757834007,2.0353760019914153,0.004443826208014645
23ed3c2cfbf1bb4e8f7733d020c1f9ff03720f17a99c9d2106c4272238c95f44,eval_mean_position_error_m,0.00028293721361035486,0.00028355614430775923,6.18930697404371e-07
f42db60f1f853548ce5fdd8871c6f8e638ba3a813e875ff7052bbd1fea415512,eval_mean_heading_error_deg,1.0226932762992398,1.024873772879852,0.0021804965806122567
f42db60f1f853548ce5fdd8871c6f8e638ba3a813e875ff7052bbd1fea415512,eval_mean_position_error_m,0.0003046540940684654,0.00030530358767614087,6.494936076754856e-07
5a49e3dfde418a772c18a58c87c29ca067f34f9f56522af4984f2d782f72f63a,eval_mean_heading_error_deg,0.9272255901551949,0.9291983437931346,0.001972753637939695
5a49e3dfde418a772c18a58c87c29ca067f34f9f56522af4984f2d782f72f63a,eval_mean_position_error_m,0.001319007988113584,0.0013218141792345336,2.8061911209495242e-06
e28a4c560d2ae93afd0f3aebe1dd14d782eedf22462dd43a085c2052e1f4fb74,eval_mean_heading_error_deg,1.346205668668011,1.3490698132381167,0.0028641445701056423
e28a4c560d2ae93afd0f3aebe1dd14d782eedf22462dd43a085c2052e1f4fb74,eval_mean_position_error_m,0.0003325689982712953,0.00033327646961589074,7.074713445954259e-07
dbb69db60305c73cf0b7a0bb728dc46c7ff6ff0a591bc590afbc844c877e40d6,eval_mean_heading_error_deg,3.209772028549874,3.216795373035278,0.007023344485403982
dbb69db60305c73cf0b7a0bb728dc46c7ff6ff0a591bc590afbc844c877e40d6,eval_mean_position_error_m,0.00028293721361035486,0.00028355614430775923,6.18930697404371e-07
00f93a106659002b95f2a007bf68b0e4b9fc672341447c009f1d9f5e98b44cf0,eval_mean_heading_error_deg,1.1326912030904155,1.1350558612987487,0.0023646582083332035
00f93a106659002b95f2a007bf68b0e4b9fc672341447c009f1d9f5e98b44cf0,eval_mean_position_error_m,0.0003088061120403793,0.00030945075041026535,6.446383698860349e-07
fa74fa5a1044af8d4fe5325c95574f398aa2e6504e8af9d9eae245e1d331cc98,eval_mean_heading_error_deg,0.9412413097849842,0.9432021999266812,0.0019608901416969804
fa74fa5a1044af8d4fe5325c95574f398aa2e6504e8af9d9eae245e1d331cc98,eval_mean_position_error_m,0.001524793685384874,0.0015279701906243596,3.176505239485582e-06
d62bc6ce39a51c102f655b35bc0b0f032e6fb11a0f9873418ff384feacf48c9e,eval_mean_heading_error_deg,1.556232803903823,1.5594681403337327,0.0032353364299098075
d62bc6ce39a51c102f655b35bc0b0f032e6fb11a0f9873418ff384feacf48c9e,eval_mean_position_error_m,0.00028833806088245366,0.0002889374424264531,5.993815439994101e-07
543d2f78c34363c6948b6f67156b5af6d8e1e72a281f5689f6930124753c3445,eval_mean_heading_error_deg,4.4730223395792095,4.482809907939951,0.009787568360741794
543d2f78c34363c6948b6f67156b5af6d8e1e72a281f5689f6930124753c3445,eval_mean_position_error_m,0.00028293721361035486,0.00028355614430775923,6.18930697404371e-07
b29a494728cc979162e8b8e4609fb72524a47c1a2a126cf70cd3bb0c16cb23a5,eval_mean_heading_error_deg,1.6744917200782408,1.677923028455723,0.0034313083774821784
b29a494728cc979162e8b8e4609fb72524a47c1a2a126cf70cd3bb0c16cb23a5,eval_mean_position_error_m,0.00028971655002430044,0.00029031019779185907,5.936477675586266e-07
85f0e362aabae21ca62149e5a7fc22e379ca9a00b1b35531950df509415cd051,eval_mean_heading_error_deg,1.289997548642561,1.2926409661397875,0.002643417497226519
85f0e362aabae21ca62149e5a7fc22e379ca9a00b1b35531950df509415cd051,eval_mean_position_error_m,0.0016014670857434506,0.00160474867785239,3.2815921089392967e-06
11f36ffdad200cf0b8a95b8ccfc69bd980d2ffefa43507b0da7593af02309932,eval_mean_heading_error_deg,2.0988451410587747,2.1031372104748858,0.004292069416111044
11f36ffdad200cf0b8a95b8ccfc69bd980d2ffefa43507b0da7593af02309932,eval_mean_position_error_m,0.000289987567605276,0.0002905805395918225,5.929719865464768e-07
b82f1e91f218fa3eea9e2931df4beb2307a36f6d144508452b214367092896ce,eval_mean_heading_error_deg,7.126044994343861,7.141637863918528,0.015592869574667212
b82f1e91f218fa3eea9e2931df4beb2307a36f6d144508452b214367092896ce,eval_mean_position_error_m,0.00028293721361035486,0.00028355614430775923,6.18930697404371e-07
22a6be6b61b9df14bcf9e9e3ac78f0db88f8c023aa419b9247517385123982ec,eval_mean_heading_error_deg,3.9062655909735713,3.9140937624487866,0.007828171475215306
22a6be6b61b9df14bcf9e9e3ac78f0db88f8c023aa419b9247517385123982ec,eval_mean_position_error_m,0.0004263110557061558,0.0004271653654471687,8.54309741012897e-07
0bfccd5aac125c3836bc5d0e00d29f2b051b0b3a51cb5a24e3f77ecde53915b7,eval_mean_heading_error_deg,4.0593861650005305,4.067553930976755,0.008167765976224928
0bfccd5aac125c3836bc5d0e00d29f2b051b0b3a51cb5a24e3f77ecde53915b7,eval_mean_position_error_m,0.0013872524901293113,0.0013900436761060137,2.791185976702389e-06
ea4f8103a8fe036b7ade28d285f58cf12bd5e4d1ae1311bf5d6052893b1a3225,eval_mean_heading_error_deg,4.120921791731713,4.129180122917616,0.008258331185903245
ea4f8103a8fe036b7ade28d285f58cf12bd5e4d1ae1311bf5d6052893b1a3225,eval_mean_position_error_m,0.0004941648379121247,0.0004951551165878524,9.902786757276516e-07
442aff604d21f22f02c5f89079daf1c9e83ef28ade60a309fbb28cb1f9f7ea5c,eval_mean_heading_error_deg,1.9076557199517648,1.9112956739545408,0.003639954002776058
442aff604d21f22f02c5f89079daf1c9e83ef28ade60a309fbb28cb1f9f7ea5c,eval_mean_position_error_m,0.014383145682078595,0.014410530172334334,2.7384490255738872e-05
ab293fd7404c327b1c7423749bbb75a2a123b1bda4ad6a13fd4ba84c7b3b7d63,eval_mean_heading_error_deg,1.9076557199517648,1.9112956739545408,0.003639954002776058
ab293fd7404c327b1c7423749bbb75a2a123b1bda4ad6a13fd4ba84c7b3b7d63,eval_mean_position_error_m,0.014383145682078595,0.014410530172334334,2.7384490255738872e-05
00396e2cc877c41e585d734d7bd0b5c0d548cad7d6f217be1ae873513e89f321,eval_mean_heading_error_deg,5.744697339153239,5.751134635720418,0.006437296567178841
00396e2cc877c41e585d734d7bd0b5c0d548cad7d6f217be1ae873513e89f321,eval_mean_position_error_m,0.07687167983216914,0.07695901957967491,8.733974750577134e-05
be571933c12d2c3f75e79cde8b49249fce73cd2025b517a98f5c0e95be01e35a,eval_mean_heading_error_deg,0.8577045716413689,0.8592337456245117,0.0015291739831427842
be571933c12d2c3f75e79cde8b49249fce73cd2025b517a98f5c0e95be01e35a,eval_mean_position_error_m,0.0011949120630245827,0.001197046996706276,2.1349336816931484e-06
c41c610a9800c37deb1b44d35a2cebdc021b7173e11983c45f87f4ff3f2fdd07,eval_mean_heading_error_deg,0.622735844906503,0.6240530008179367,0.001317155911433665
c41c610a9800c37deb1b44d35a2cebdc021b7173e11983c45f87f4ff3f2fdd07,eval_mean_position_error_m,0.0002739065752078539,0.0002744854388871603,5.788636793063978e-07
0e8aa52d9f39181c502faf7cfcdee0fb10ca0e58d1475868d2860586440b5eee,eval_mean_heading_error_deg,0.622735844906503,0.6240530008179367,0.001317155911433665
0e8aa52d9f39181c502faf7cfcdee0fb10ca0e58d1475868d2860586440b5eee,eval_mean_position_error_m,0.0002739065752078539,0.0002744854388871603,5.788636793063978e-07
34f3654b74d651790abcac165f1ec0e3bc8a7a6b26c5170bb7424edec5f37fbd,eval_mean_heading_error_deg,0.6229689177074608,0.6242865674180578,0.001317649710597002
34f3654b74d651790abcac165f1ec0e3bc8a7a6b26c5170bb7424edec5f37fbd,eval_mean_position_error_m,0.0004731861243009838,0.00047418634131317654,1.0002170121927454e-06
3f7dd2f68617dbc9b7223b11709e738ca63eb7d6828dfd4be267cfe71ab60f73,eval_mean_heading_error_deg,0.6458530860464345,0.6472549630284583,0.0014018769820237642
3f7dd2f68617dbc9b7223b11709e738ca63eb7d6828dfd4be267cfe71ab60f73,eval_mean_position_error_m,0.0011073346735733,0.0011097383142612827,2.403640687982699e-06
55f3e33ee12ae4268ed3adfe6ed6da807e698dfc88f3ed8d2392af474b774d25,eval_mean_heading_error_deg,0.7297600962729219,0.7313371349132867,0.0015770386403647363
55f3e33ee12ae4268ed3adfe6ed6da807e698dfc88f3ed8d2392af474b774d25,eval_mean_position_error_m,0.0002798160875440982,0.0002804201409640645,6.04053419966282e-07
8a00b872acb56b3520db4d45b9b2923361730f457a6af5b3f4d7cfeb036c49c1,eval_mean_heading_error_deg,0.7297600962729219,0.7313371349132867,0.0015770386403647363
8a00b872acb56b3520db4d45b9b2923361730f457a6af5b3f4d7cfeb036c49c1,eval_mean_position_error_m,0.0002798160875440982,0.0002804201409640645,6.04053419966282e-07
377ed9689c25f9be9f40a7e81ad1fa86d62696dcfcaf3828db02d2d031bd30d1,eval_mean_heading_error_deg,0.7297602750245323,0.7313373140518054,0.0015770390272730195
377ed9689c25f9be9f40a7e81ad1fa86d62696dcfcaf3828db02d2d031bd30d1,eval_mean_position_error_m,0.00028028641701872536,0.00028089148846314766,6.050714444223032e-07
75180a08bf695b656748cd0c1e713d0d2145984757df82f3e4f80c0909b5f5b0,eval_mean_heading_error_deg,0.7524444010985037,0.7541213161992316,0.0016769151007278715
75180a08bf695b656748cd0c1e713d0d2145984757df82f3e4f80c0909b5f5b0,eval_mean_position_error_m,0.00036428505356194925,0.0003650964214392072,8.11367877257929e-07
c85fa6d1b0fb4e2debe4abcb00fb147611689c3f547d4a971a2b57d6236ec059,eval_mean_heading_error_deg,0.7391084292296345,0.7407231780056698,0.0016147487760352908
c85fa6d1b0fb4e2debe4abcb00fb147611689c3f547d4a971a2b57d6236ec059,eval_mean_position_error_m,0.00028287084948815046,0.0002834881961997808,6.173467116303371e-07
9e795d0fbd662596c22f8ecec3838b0b0b040e50b1d85e69afdd9378b9cf06dc,eval_mean_heading_error_deg,0.7391084292296345,0.7407231780056698,0.0016147487760352908
9e795d0fbd662596c22f8ecec3838b0b0b040e50b1d85e69afdd9378b9cf06dc,eval_mean_position_error_m,0.00028287084948815046,0.0002834881961997808,6.173467116303371e-07
725260394e563651f2a1f9c399c4619cbb18c1ff02b7be66250acf5726009594,eval_mean_heading_error_deg,0.7391084282406173,0.7407231770144884,0.001614748773871133
725260394e563651f2a1f9c399c4619cbb18c1ff02b7be66250acf5726009594,eval_mean_position_error_m,0.00028287385336191884,0.00028349120664655254,6.173532846337091e-07
1dff939ff6b9091cd18da28e386c47a70e7b5dd0c6f84963cdae5d81f4624d15,eval_mean_heading_error_deg,0.7615360454153272,0.7632524206924076,0.001716375277080462
1dff939ff6b9091cd18da28e386c47a70e7b5dd0c6f84963cdae5d81f4624d15,eval_mean_position_error_m,0.00032762098175099613,0.0003283587859624619,7.378042114657623e-07
9223001b2a2728b36b63b7e56ca3b16d4c63271fb787f99f499ef19b3bf88adb,eval_mean_heading_error_deg,0.7473115790932295,0.7489623386965016,0.0016507596032721006
9223001b2a2728b36b63b7e56ca3b16d4c63271fb787f99f499ef19b3bf88adb,eval_mean_position_error_m,0.0002859930443360599,0.00028662412761523237,6.310832791724726e-07
584b197de0ae63d48b64ecb2ee61122b20a28deb02139fbad55c2c6b5919f5d5,eval_mean_heading_error_deg,0.7473115790932295,0.7489623386965016,0.0016507596032721006
584b197de0ae63d48b64ecb2ee61122b20a28deb02139fbad55c2c6b5919f5d5,eval_mean_position_error_m,0.0002859930443360599,0.00028662412761523237,6.310832791724726e-07
9b55ab968bf2bcc81488d04114504c4c163b1388d70e624561551e7ed9506eb9,eval_mean_heading_error_deg,0.7473115790932295,0.7489623386965016,0.0016507596032721006
9b55ab968bf2bcc81488d04114504c4c163b1388d70e624561551e7ed9506eb9,eval_mean_position_error_m,0.0002859930443360599,0.00028662412761523237,6.310832791724726e-07
d45b6a0f4e715c4f53cece3b964404026c7c2ed8034e214af3ad3fd4d6ccd9e0,eval_mean_heading_error_deg,0.7690847655714387,0.7708379687212207,0.001753203149782001
d45b6a0f4e715c4f53cece3b964404026c7c2ed8034e214af3ad3fd4d6ccd9e0,eval_mean_position_error_m,0.0003313555969102071,0.0003321103500860475,7.547531758403804e-07
cd4d324d16722b78100707b147ab4903e1e2cb927abbd51072ebb7d63408ec69,eval_mean_heading_error_deg,0.7510288071723641,0.7526952235281942,0.0016664163558300915
cd4d324d16722b78100707b147ab4903e1e2cb927abbd51072ebb7d63408ec69,eval_mean_position_error_m,0.00028726293357761527,0.0002878996775863438,6.36744008728526e-07
435ab0b47ff34b80dcd0ae4ac8274f699a0db122b0e3d780bc203a88b97bdf18,eval_mean_heading_error_deg,0.7510288071723641,0.7526952235281942,0.0016664163558300915
435ab0b47ff34b80dcd0ae4ac8274f699a0db122b0e3d780bc203a88b97bdf18,eval_mean_position_error_m,0.00028726293357761527,0.0002878996775863438,6.36744008728526e-07
145fcd2c77841cc152b0011e4b9131637ef2d27ebd3eef8f48caa0c51b42d471,eval_mean_heading_error_deg,0.7510288071723641,0.7526952235281942,0.0016664163558300915
145fcd2c77841cc152b0011e4b9131637ef2d27ebd3eef8f48caa0c51b42d471,eval_mean_position_error_m,0.00028726293357761527,0.0002878996775863438,6.36744008728526e-07
7daa7a995190d3db1b00daec4ce674bfb95834ede0ac804b0888f7c0f258b96b,eval_mean_heading_error_deg,0.7775627951653975,0.7793435534266591,0.0017807582612615613
7daa7a995190d3db1b00daec4ce674bfb95834ede0ac804b0888f7c0f258b96b,eval_mean_position_error_m,0.0003328739517919928,0.0003336356894428439,7.617376508511019e-07
86bc017d78233036aef90f67196dc0fc57ebb305704fbd40e8b8ea2f6806d9f0,eval_mean_heading_error_deg,12.25994199525663,12.275018227893314,0.015076232636683784
86bc017d78233036aef90f67196dc0fc57ebb305704fbd40e8b8ea2f6806d9f0,eval_mean_position_error_m,0.0648088023778602,0.06488773073609858,7.89283582383754e-05
702672cd145e2938b02eba01839f46066019328a67b445f63b1c3ef992cc0804,eval_mean_heading_error_deg,17.20952864716213,17.22970554047706,0.02017689331492889
702672cd145e2938b02eba01839f46066019328a67b445f63b1c3ef992cc0804,eval_mean_position_error_m,0.021744373046681007,0.021773015315175035,2.8642268494027956e-05
824752f5d539e498a0d4457f5b65cf1d4f3d89687b8bc831b6394f6d08dd44f5,eval_mean_heading_error_deg,10.545230416032503,10.558939733251336,0.01370931721883295
824752f5d539e498a0d4457f5b65cf1d4f3d89687b8bc831b6394f6d08dd44f5,eval_mean_position_error_m,0.05322019164694588,0.05328672983306241,6.653818611652984e-05
75f2ff9491bfc8dabe920f34c154e39b430c39b7e141ad1e49825941993e0e8e,eval_mean_heading_error_deg,2.615706424099528,2.619903769038904,0.00419734493937618
75f2ff9491bfc8dabe920f34c154e39b430c39b7e141ad1e49825941993e0e8e,eval_mean_position_error_m,0.006263305216195945,0.006273355251440527,1.0050035244581722e-05
c236ceaeda47aa540e9a2673480fbf51e9d10d73e0192adcc476030958f15b91,eval_mean_heading_error_deg,2.0279795622638668,2.032272786180875,0.004293223917008149
c236ceaeda47aa540e9a2673480fbf51e9d10d73e0192adcc476030958f15b91,eval_mean_position_error_m,0.0003724718126912142,0.00037325941269249414,7.8760000127992e-07
6f4a11852b9726aa16631b44b5ed27fd8718a5f454d953d7a939b690cc1b788a,eval_mean_heading_error_deg,1.4356210588307998,1.4386281583881848,0.0030070995573849846
6f4a11852b9726aa16631b44b5ed27fd8718a5f454d953d7a939b690cc1b788a,eval_mean_position_error_m,0.0003775839709129266,0.00037837431406282827,7.903431499016933e-07
bf1a5f9e4be4d3df3adf055f50846db56962a259c78335b4c26be902dcef583a,eval_mean_heading_error_deg,1.8107955274834957,1.8145566905616117,0.0037611630781160255
bf1a5f9e4be4d3df3adf055f50846db56962a259c78335b4c26be902dcef583a,eval_mean_position_error_m,0.010532845267375367,0.010554732123183842,2.188685580847491e-05
9289d5944738ab8977ae78f92856534ca545e61af6b07b69f47951bee98f78b4,eval_mean_heading_error_deg,1.4975123671478685,1.500453503026198,0.0029411358783295594
9289d5944738ab8977ae78f92856534ca545e61af6b07b69f47951bee98f78b4,eval_mean_position_error_m,0.002891852489170065,0.0028975321021651236,5.6796129950585465e-06
ea949207c5e5db5bf4b04e114095e784928beb0077812a17112ec9cc2326cd44,eval_mean_heading_error_deg,0.8204358355635994,0.8222114253247024,0.0017755897611029248
ea949207c5e5db5bf4b04e114095e784928beb0077812a17112ec9cc2326cd44,eval_mean_position_error_m,0.00027988099706880424,0.0002804865869158527,6.05589847048468e-07
39dec64823d495b3367bf495cae4fe032a2a9bbfe369d5f32826393555c8c88a,eval_mean_heading_error_deg,0.8204358355635994,0.8222114253247024,0.0017755897611029248
39dec64823d495b3367bf495cae4fe032a2a9bbfe369d5f32826393555c8c88a,eval_mean_position_error_m,0.00027988099706880424,0.0002804865869158527,6.05589847048468e-07
0d49adf3a377ea7d80de0829b485d92f0972b2ef5d619b2192be293991af78c1,eval_mean_heading_error_deg,0.8221006089628842,0.8238798021737439,0.0017791932108597308
0d49adf3a377ea7d80de0829b485d92f0972b2ef5d619b2192be293991af78c1,eval_mean_position_error_m,0.001092233779489468,0.0010945973756829569,2.3635961934889097e-06
14c805f9c686b4d95946df3a56972bdb7e73cf898cbf9d5d0e8be1e73e5474a7,eval_mean_heading_error_deg,0.8404634133256247,0.8422903363827856,0.001826923057160923
14c805f9c686b4d95946df3a56972bdb7e73cf898cbf9d5d0e8be1e73e5474a7,eval_mean_position_error_m,0.0006209897533873401,0.0006223393698148511,1.349616427511022e-06
0fc46961112c4d0a93f1c074ce4ece5c35c9d9fc7097445b7614d5e0c99f7872,eval_mean_heading_error_deg,1.1185548709531856,1.1210021302979114,0.002447259344725783
0fc46961112c4d0a93f1c074ce4ece5c35c9d9fc7097445b7614d5e0c99f7872,eval_mean_position_error_m,0.0002829338911213134,0.0002835527285564282,6.188374351148241e-07
0f7c11585f0c4f7e58e47c7b37f2e4500a6af26872a740256a2b6b20f9bbb56a,eval_mean_heading_error_deg,1.1185548709531856,1.1210021302979114,0.002447259344725783
0f7c11585f0c4f7e58e47c7b37f2e4500a6af26872a740256a2b6b20f9bbb56a,eval_mean_position_error_m,0.0002829338911213134,0.0002835527285564282,6.188374351148241e-07
217dace1594f8bb370e6a5a5a50b0ab9ed519bae76b09f46d78f58d0f870b901,eval_mean_heading_error_deg,1.1185391200535302,1.120986344933067,0.002447224879536858
217dace1594f8bb370e6a5a5a50b0ab9ed519bae76b09f46d78f58d0f870b901,eval_mean_position_error_m,0.0003329084195756404,0.0003336365963089109,7.281767332705121e-07
0d30cc0d272ac0b74497b684cf03bdb642e6f9583b71afac876534289cb6e9d1,eval_mean_heading_error_deg,1.1155470056745127,1.118014676053197,0.002467670378684339
0d30cc0d272ac0b74497b684cf03bdb642e6f9583b71afac876534289cb6e9d1,eval_mean_position_error_m,0.00039337333476535533,0.00039424330500170967,8.699702363543335e-07
6d73541985fa81fb42ed02a21d461234a76a8d7f9cef001d9aa8c98342b65b0e,eval_mean_heading_error_deg,1.1612523421463603,1.1638211317727454,0.0025687896263850707
6d73541985fa81fb42ed02a21d461234a76a8d7f9cef001d9aa8c98342b65b0e,eval_mean_position_error_m,0.0002860566749688248,0.00028668926382972344,6.325888608986583e-07
05d741199cdc2944a026d69857cfa70573c4fe6ccff206459c0951abd611f09b,eval_mean_heading_error_deg,1.1612523421463603,1.1638211317727454,0.0025687896263850707
05d741199cdc2944a026d69857cfa70573c4fe6ccff206459c0951abd611f09b,eval_mean_position_error_m,0.0002860566749688248,0.00028668926382972344,6.325888608986583e-07
fbde0e90b3323f49ced41a3e325c4997da43fbbaf04d67691c7791055c8b79a2,eval_mean_heading_error_deg,1.1612523355764717,1.163821125188322,0.002568789611850253
fbde0e90b3323f49ced41a3e325c4997da43fbbaf04d67691c7791055c8b79a2,eval_mean_position_error_m,0.0002861330995286749,0.0002867658574697962,6.327579411213001e-07
d5d6d84ca5e1dfdd86e135a37d8ab6bca1e430a44609419936d206de0e9ce757,eval_mean_heading_error_deg,1.17866009042948,1.1812965523987937,0.0026364619693137747
d5d6d84ca5e1dfdd86e135a37d8ab6bca1e430a44609419936d206de0e9ce757,eval_mean_position_error_m,0.0003108602368412142,0.0003115553817150094,6.951448737951903e-07
d70ffb8e6eedb24c68cd8cdc8898b3195e9b5ac3bd7053fb0c3e1fe9edfdecee,eval_mean_heading_error_deg,1.1680071646949644,1.1706023899532292,0.0025952252582648327
d70ffb8e6eedb24c68cd8cdc8898b3195e9b5ac3bd7053fb0c3e1fe9edfdecee,eval_mean_position_error_m,0.00028732549612315835,0.00028796372196951387,6.382258463555226e-07
d43deacbc51954cde91805a893e04ddcd5f7cb7195f8e523a440e3f6a7e969a4,eval_mean_heading_error_deg,1.1680071646949644,1.1706023899532292,0.0025952252582648327
d43deacbc51954cde91805a893e04ddcd5f7cb7195f8e523a440e3f6a7e969a4,eval_mean_position_error_m,0.00028732549612315835,0.00028796372196951387,6.382258463555226e-07
e5c1697c8b4ea7e5e6ffd68feed013008c81dd9939e085df2e3d5dc9680cd36f,eval_mean_heading_error_deg,1.1680071646949644,1.1706023899532292,0.0025952252582648327
e5c1697c8b4ea7e5e6ffd68feed013008c81dd9939e085df2e3d5dc9680cd36f,eval_mean_position_error_m,0.00028732549612315835,0.00028796372196951387,6.382258463555226e-07
e41103815f2ba6ddd210185bc0b3c16f43ad4f948eba60b0cba108c851f83de5,eval_mean_heading_error_deg,1.20034706169381,1.2030501792644368,0.0027031175706269117
e41103815f2ba6ddd210185bc0b3c16f43ad4f948eba60b0cba108c851f83de5,eval_mean_position_error_m,0.00031159103253940396,0.0003122925187136683,7.014861742643454e-07
5a9ee2bceb18c8ca523da9a6a07e1c467b431d9e4750c6eb6e3e4fb3fe26d245,eval_mean_heading_error_deg,13.798905774920085,13.815874951935198,0.016969177015113246
5a9ee2bceb18c8ca523da9a6a07e1c467b431d9e4750c6eb6e3e4fb3fe26d245,eval_mean_position_error_m,0.0648088023778602,0.06488773073609858,7.89283582383754e-05
d751e41c41c28669d3e804f19717e02fc8dc4a389131bea8a4c233085261d372,eval_mean_heading_error_deg,19.133048877174257,19.15849401275086,0.02544513557660366
d751e41c41c28669d3e804f19717e02fc8dc4a389131bea8a4c233085261d372,eval_mean_position_error_m,0.019171922178034734,0.01919661927747515,2.4697099440414844e-05
858b1a69e88e2a0f4eaf629c72759e18a04ea05895fa963d93f02719b8043253,eval_mean_heading_error_deg,13.992591527669898,14.011020740117399,0.01842921244750073
858b1a69e88e2a0f4eaf629c72759e18a04ea05895fa963d93f02719b8043253,eval_mean_position_error_m,0.04292613533312211,0.042982953575781,5.681824265888619e-05
70f09dc32c1c55267712359bd9d05a312e6f18ffc8546ca7e2fc3725abc58852,eval_mean_heading_error_deg,4.0099497535476685,4.016304370035775,0.006354616488106757
70f09dc32c1c55267712359bd9d05a312e6f18ffc8546ca7e2fc3725abc58852,eval_mean_position_error_m,0.005221248417136143,0.005229522471950523,8.27405481438042e-06
ef63e16e9a3d1b320d5aa20f83b3ba127f8fa71bf42dde8974fefd983a729379,eval_mean_heading_error_deg,4.5837971011726895,4.593505192756878,0.00970809158418895
ef63e16e9a3d1b320d5aa20f83b3ba127f8fa71bf42dde8974fefd983a729379,eval_mean_position_error_m,0.0003724718126912142,0.00037325941269249414,7.8760000127992e-07
612b9405ab9a3dee5dd6c1de6c6bf7020c170223d70ec9a749202d8c219a546a,eval_mean_heading_error_deg,2.69543420765204,2.700811732428708,0.005377524776668086
612b9405ab9a3dee5dd6c1de6c6bf7020c170223d70ec9a749202d8c219a546a,eval_mean_position_error_m,0.0007873783782596412,0.0007889486375207656,1.5702592611243965e-06
89a348e17c8dc71a53ca0f3a867043475ae745fb3cab998fdf6298622b800bf3,eval_mean_heading_error_deg,3.8109298721123275,3.818414509603742,0.007484637491414592
89a348e17c8dc71a53ca0f3a867043475ae745fb3cab998fdf6298622b800bf3,eval_mean_position_error_m,0.011720031872722438,0.01174305122146154,2.3019348739100956e-05
e2d5eb6376e10fa147fe61f11447bfa074c049aaa10c30bf1d6976c167f48b96,eval_mean_heading_error_deg,1.6683285940391208,1.6714701457759626,0.00314155173684183
e2d5eb6376e10fa147fe61f11447bfa074c049aaa10c30bf1d6976c167f48b96,eval_mean_position_error_m,0.002264678547134141,0.002268943024393284,4.264477259143147e-06
a38eeac7e3c1bb47952e4824574db0d42497a4506644b92a124423ed24952d6c,eval_mean_heading_error_deg,2.446040660773028,2.4513349516110385,0.005294290838010696
a38eeac7e3c1bb47952e4824574db0d42497a4506644b92a124423ed24952d6c,eval_mean_position_error_m,0.00027988312032876635,0.0002804887684995493,6.056481707829276e-07
776bd0c9db275142bb97fbc362a9025e510f10db05b0898b627687cf8cd4c297,eval_mean_heading_error_deg,0.6380829505143182,0.6394121757401658,0.0013292252258476633
776bd0c9db275142bb97fbc362a9025e510f10db05b0898b627687cf8cd4c297,eval_mean_position_error_m,0.0003519535759285001,0.0003526867792612032,7.332033327030999e-07
91c4ee177a20a16f4a6077f03cc658878a551ac61f9327e44215337be13af00c,eval_mean_heading_error_deg,0.726793136821981,0.7283008264092201,0.001507689587239125
91c4ee177a20a16f4a6077f03cc658878a551ac61f9327e44215337be13af00c,eval_mean_position_error_m,0.0034864525510294414,0.0034936851080360288,7.232557006587367e-06
0f4242977d6c473451e49e4d39bea9e3404768b85d820ac904e26f9a47873da9,eval_mean_heading_error_deg,1.0633210968065798,1.0655316914588484,0.0022105946522685826
0f4242977d6c473451e49e4d39bea9e3404768b85d820ac904e26f9a47873da9,eval_mean_position_error_m,0.0005041179657470692,0.0005051659099836045,1.0479442365353203e-06
d74d73e2f9ffc57edc569797183c88c382cc7e616b1282a2c8e9dc99aeef1003,eval_mean_heading_error_deg,2.0309321757834007,2.0353760019914153,0.004443826208014645
d74d73e2f9ffc57edc569797183c88c382cc7e616b1282a2c8e9dc99aeef1003,eval_mean_position_error_m,0.00028293721361035486,0.00028355614430775923,6.18930697404371e-07
1d51d5868c9bd730aaf62d300fbd59fe24703b7d784bce376070c6ac2fabbf68,eval_mean_heading_error_deg,1.0226932762992398,1.024873772879852,0.0021804965806122567
1d51d5868c9bd730aaf62d300fbd59fe24703b7d784bce376070c6ac2fabbf68,eval_mean_position_error_m,0.0003046540940684654,0.00030530358767614087,6.494936076754856e-07
e04a25df609ce053708f195f93be3557d279f982980d58d17d91d92c1d32e9bc,eval_mean_heading_error_deg,0.9272255901551949,0.9291983437931346,0.001972753637939695
e04a25df609ce053708f195f93be3557d279f982980d58d17d91d92c1d32e9bc,eval_mean_position_error_m,0.001319007988113584,0.0013218141792345336,2.8061911209495242e-06
f0c5b94a02c795d0fe88d9b0d1390b16c0bbab46f61b2419dfb7419a31ff012d,eval_mean_heading_error_deg,1.346205668668011,1.3490698132381167,0.0028641445701056423
f0c5b94a02c795d0fe88d9b0d1390b16c0bbab46f61b2419dfb7419a31ff012d,eval_mean_position_error_m,0.0003325689982712953,0.00033327646961589074,7.074713445954259e-07
c6d0955ea20b50ed7970ba139fd6dc212b5c3bbf8f8f341fd05e1d4ccc217ab0,eval_mean_heading_error_deg,1.8632734808686047,1.8673955725520404,0.004122091683435691
c6d0955ea20b50ed7970ba139fd6dc212b5c3bbf8f8f341fd05e1d4ccc217ab0,eval_mean_position_error_m,0.0002860612917170071,0.0002866940075611819,6.327158441748202e-07
3d5bec9c63f3f7150098730fd29b28bff3c89239100a400d56be660514bce495,eval_mean_heading_error_deg,1.4771044234123036,1.4803153933979547,0.0032109699856510687
3d5bec9c63f3f7150098730fd29b28bff3c89239100a400d56be660514bce495,eval_mean_position_error_m,0.0002774986871036538,0.0002781018339209704,6.031468173166125e-07
d7bde3beb0dfa6ce42644cdd884e81d3b57fc7e26a96fdbf3dba6e55814a525e,eval_mean_heading_error_deg,1.456471019364459,1.4596371369528933,0.003166117588434325
d7bde3beb0dfa6ce42644cdd884e81d3b57fc7e26a96fdbf3dba6e55814a525e,eval_mean_position_error_m,0.0003590156105518546,0.0003597959602085689,7.80349656714311e-07
9b3847c461c498fd63de5606d4dbffd16a2e817f34b147d05abb44ebe25e252e,eval_mean_heading_error_deg,1.4834064349263596,1.4866241046119841,0.0032176696856245357
9b3847c461c498fd63de5606d4dbffd16a2e817f34b147d05abb44ebe25e252e,eval_mean_position_error_m,0.00025567005073932506,0.0002562245374155273,5.544866762022087e-07
7e38c8efa067ef327bcc375ac69f72d13f421753e49dce5e096980b7ed1b19d7,eval_mean_heading_error_deg,1.8797916225700115,1.8839687480099119,0.004177125439900342
7e38c8efa067ef327bcc375ac69f72d13f421753e49dce5e096980b7ed1b19d7,eval_mean_position_error_m,0.00028733012411815036,0.00028796847659196565,6.383524738152882e-07
98b524056aef1497528868c835572693fa67bf9a4db3979e39f3eacd100dbc92,eval_mean_heading_error_deg,1.5364379145205513,1.539799791163918,0.0033618766433667346
98b524056aef1497528868c835572693fa67bf9a4db3979e39f3eacd100dbc92,eval_mean_position_error_m,0.0002667513199532574,0.00026733490728339065,5.835873301332766e-07
c8f1fc46cffb629543a6299c36d9b9cd9d52fa05ffbe312939bd3c974123f5e1,eval_mean_heading_error_deg,1.5299514523025124,1.5332991361225712,0.003347683820058789
c8f1fc46cffb629543a6299c36d9b9cd9d52fa05ffbe312939bd3c974123f5e1,eval_mean_position_error_m,0.0002788604876935133,0.00027947057087357604,6.100831800627277e-07
7ff078d41ee9885b310063557a95f448825bac37fd41f2c2ea099852d5be7499,eval_mean_heading_error_deg,1.526920506583963,1.5302615521122684,0.0033410455283053864
7ff078d41ee9885b310063557a95f448825bac37fd41f2c2ea099852d5be7499,eval_mean_position_error_m,0.00025874776227869945,0.00025931383332357947,5.660710448800155e-07
e5691e7b8627d663e805dbd75ecc0ab69de7f8a2a59c24eec9afbb840f2c2f19,eval_mean_heading_error_deg,14.553191840953044,14.57108879910719,0.017896958154146603
e5691e7b8627d663e805dbd75ecc0ab69de7f8a2a59c24eec9afbb840f2c2f19,eval_mean_position_error_m,0.0648088023778602,0.06488773073609858,7.89283582383754e-05
fb3f25e1622ffc1e2a82795c87c02962151c50337a2d5207057d207abadb20d7,eval_mean_heading_error_deg,20.21983493902055,20.2481174099597,0.028282470939149817
fb3f25e1622ffc1e2a82795c87c02962151c50337a2d5207057d207abadb20d7,eval_mean_position_error_m,0.019922943629813096,0.019948751694748638,2.5808064935541747e-05
2faba684cce61e55f2d7000a7965481d4b1c401dae2d85e3c7f7617699a96df5,eval_mean_heading_error_deg,16.002811749637214,16.023499345815853,0.020687596178639467
2faba684cce61e55f2d7000a7965481d4b1c401dae2d85e3c7f7617699a96df5,eval_mean_position_error_m,0.041892443038334504,0.041939643073395094,4.720003506059056e-05
273cd0da8836bd730cafb98aae69ce74675a04a86d7b9912796ac8ee0adef052,eval_mean_heading_error_deg,6.049070156759979,6.058748400179815,0.009678243419836363
273cd0da8836bd730cafb98aae69ce74675a04a86d7b9912796ac8ee0adef052,eval_mean_position_error_m,0.005529450827542086,0.005538297567856263,8.846740314177003e-06
8c6c39cfc14a7ece5eb1074374b131a24721b1867611dc289eccdbfb469936d1,eval_mean_heading_error_deg,5.8689393093692885,5.881370159869149,0.012430850499860036
8c6c39cfc14a7ece5eb1074374b131a24721b1867611dc289eccdbfb469936d1,eval_mean_position_error_m,0.0003724718126912142,0.00037325941269249414,7.8760000127992e-07
0b51822cd38ce06dc5040182025c7cdc82a8253e6fd05474190e4c6ecae674b7,eval_mean_heading_error_deg,3.3738942176750135,3.3805077252307645,0.006613507555750964
0b51822cd38ce06dc5040182025c7cdc82a8253e6fd05474190e4c6ecae674b7,eval_mean_position_error_m,0.00102169605244723,0.0010236982922692164,2.0022398219863517e-06
b069328faa37e96688fa7885cd8e09bb5c0271c744aa16d9a839fb16595bd748,eval_mean_heading_error_deg,4.853878471825231,4.863283406888574,0.009404935063343167
b069328faa37e96688fa7885cd8e09bb5c0271c744aa16d9a839fb16595bd748,eval_mean_position_error_m,0.011583393787428158,0.011605837760443015,2.244397301485665e-05
d0fb025ce2110afa5b90c6eba86e76d53055c6518c6d792d79883252e2afa192,eval_mean_heading_error_deg,1.1341597253615063,1.1363199483788111,0.0021602230173047854
d0fb025ce2110afa5b90c6eba86e76d53055c6518c6d792d79883252e2afa192,eval_mean_position_error_m,0.0007109074859324775,0.0007122615901851237,1.3541042526461896e-06
e996c417ff349d4b1f723d046b4fd93ce23f850afe7cba06cdcf56896c332771,eval_mean_heading_error_deg,3.726479852426373,3.7345456566662305,0.008065804239857588
e996c417ff349d4b1f723d046b4fd93ce23f850afe7cba06cdcf56896c332771,eval_mean_position_error_m,0.00027988312032876635,0.0002804887684995493,6.056481707829276e-07
430374c88d108ad5c3cb37a7c190aabf4ccd7c8be04804aadc96546dc0ee037c,eval_mean_heading_error_deg,0.8619420148417798,0.8637009967927143,0.0017589819509344906
430374c88d108ad5c3cb37a7c190aabf4ccd7c8be04804aadc96546dc0ee037c,eval_mean_position_error_m,0.00037746716003835457,0.0003782374732678793,7.703132295247095e-07
8afab81b8552b17edf7940f505dc66f2e57c54788273ef18229672881b567457,eval_mean_heading_error_deg,1.0811381790354972,1.0833399572547409,0.002201778219243611
8afab81b8552b17edf7940f505dc66f2e57c54788273ef18229672881b567457,eval_mean_position_error_m,0.0036925938905065666,0.003700113943591576,7.520053085009488e-06
03acd9dbfd7171d10606214efe4147076df8dc0f80f62b2cc94370150d64f80e,eval_mean_heading_error_deg,1.3305783324346554,1.3332882278886067,0.002709895453951283
03acd9dbfd7171d10606214efe4147076df8dc0f80f62b2cc94370150d64f80e,eval_mean_position_error_m,0.0004332692341166091,0.0004341515831254591,8.823490088499873e-07
bd9621b737673525418ab02a53bdc4ae088de45940c2988dbd0ff4f19603e727,eval_mean_heading_error_deg,3.209772028549874,3.216795373035278,0.007023344485403982
bd9621b737673525418ab02a53bdc4ae088de45940c2988dbd0ff4f19603e727,eval_mean_position_error_m,0.00028293721361035486,0.00028355614430775923,6.18930697404371e-07
a4ab7c659432d580d267c01654588fe7255ed724385d80a7fe09be6d39391841,eval_mean_heading_error_deg,1.1326912030904155,1.1350558612987487,0.0023646582083332035
a4ab7c659432d580d267c01654588fe7255ed724385d80a7fe09be6d39391841,eval_mean_position_error_m,0.0003088061120403793,0.00030945075041026535,6.446383698860349e-07
3501051eb5ab2541238e4a0df20ff30a60e37af47185393841d2ee26c9950b8d,eval_mean_heading_error_deg,0.9412413097849842,0.9432021999266812,0.0019608901416969804
3501051eb5ab2541238e4a0df20ff30a60e37af47185393841d2ee26c9950b8d,eval_mean_position_error_m,0.001524793685384874,0.0015279701906243596,3.176505239485582e-06
48c605debbe2d98a51aa29f94e63d7c963436ae292d216f809f025703edfe641,eval_mean_heading_error_deg,1.556232803903823,1.5594681403337327,0.0032353364299098075
48c605debbe2d98a51aa29f94e63d7c963436ae292d216f809f025703edfe641,eval_mean_position_error_m,0.00028833806088245366,0.0002889374424264531,5.993815439994101e-07
2609b667b5d829e3719fff3e9c3125f8dd0a79a6ec4270ad6a2631ef5029312f,eval_mean_heading_error_deg,2.742736291930814,2.74880410496973,0.0060678130389160145
2609b667b5d829e3719fff3e9c3125f8dd0a79a6ec4270ad6a2631ef5029312f,eval_mean_position_error_m,0.00028606146969594116,0.0002866941914766628,6.327217807216472e-07
3116344e50476b138d869bc88d50fd2896a190fc19114ee2d101e1ee4da41838,eval_mean_heading_error_deg,1.6286237471239637,1.6320962157357264,0.003472468611762647
3116344e50476b138d869bc88d50fd2896a190fc19114ee2d101e1ee4da41838,eval_mean_position_error_m,0.0002662099587477128,0.0002667774994400384,5.675406923256392e-07
c0d96517ff1c91a7a46c3a4b1e0db1cef10b98bf863c1f603adc05060736e5a9,eval_mean_heading_error_deg,1.5983181532268944,1.601726006944369,0.0034078537174746515
c0d96517ff1c91a7a46c3a4b1e0db1cef10b98bf863c1f603adc05060736e5a9,eval_mean_position_error_m,0.0005201242132718898,0.0005212331410187317,1.1089277468419052e-06
2ae15e1ccd572a18bb4f62f7a558de2e0e9fc8a889309e00f3a3a944ad3151eb,eval_mean_heading_error_deg,1.6732138482504286,1.6767512174219905,0.0035373691715618882
2ae15e1ccd572a18bb4f62f7a558de2e0e9fc8a889309e00f3a3a944ad3151eb,eval_mean_position_error_m,0.0002193883070003352,0.00021985205964854908,4.637526482138799e-07
32d0838976fb0f14ee57d4256e030225586c95647bad73120d0d60c546050bf2,eval_mean_heading_error_deg,2.595894482962171,2.6016629737742276,0.005768490812056548
32d0838976fb0f14ee57d4256e030225586c95647bad73120d0d60c546050bf2,eval_mean_position_error_m,0.0002873308437675592,0.000287969217805528,6.383740379688001e-07
be0c2e6bee9673b3a7b62fe698585ea018dbc855b175fafa109e1d7e7a34ff1a,eval_mean_heading_error_deg,1.812981201766904,1.8168884085512647,0.003907206784360628
be0c2e6bee9673b3a7b62fe698585ea018dbc855b175fafa109e1d7e7a34ff1a,eval_mean_position_error_m,0.00025334978894284344,0.0002538957292829785,5.459403401350386e-07
68bf0a9a29365e3acd4d03d7781f7ac01a51104e8fda7e64fbdab3a871e916be,eval_mean_heading_error_deg,1.802865676244622,1.8067510830631803,0.0038854068185583124
68bf0a9a29365e3acd4d03d7781f7ac01a51104e8fda7e64fbdab3a871e916be,eval_mean_position_error_m,0.0002784942393684831,0.00027909436946459674,6.001300961136382e-07
ae2045dfb414f3819a3c3b95097ef6f504b7801bfc34e2e7771da8bdf6b7ac56,eval_mean_heading_error_deg,1.7994407943741633,1.8033104751032838,0.003869680729120528
ae2045dfb414f3819a3c3b95097ef6f504b7801bfc34e2e7771da8bdf6b7ac56,eval_mean_position_error_m,0.00023180196968333993,0.00023230039496808128,4.984252847413503e-07
57e6b08753d6074652586fc675e07601c410ee5780bf2847b3e429ac80137db3,eval_mean_heading_error_deg,15.306515643837821,15.325339199535492,0.018823555697670358
57e6b08753d6074652586fc675e07601c410ee5780bf2847b3e429ac80137db3,eval_mean_position_error_m,0.0648088023778602,0.06488773073609858,7.89283582383754e-05
46daf22c561f3f788480b2e964e496b59fde358fdf78b0cfd9636297a2384310,eval_mean_heading_error_deg,21.32241805756641,21.353158898333472,0.03074084076706285
46daf22c561f3f788480b2e964e496b59fde358fdf78b0cfd9636297a2384310,eval_mean_position_error_m,0.020331314641218245,0.020357878647512567,2.6564006294322456e-05
e2d68723143af5632249f1814d09a0d63354d077a8905dabf9a1b7ba56a7d5d1,eval_mean_heading_error_deg,17.08897334009193,17.107511013646402,0.01853767355447289
e2d68723143af5632249f1814d09a0d63354d077a8905dabf9a1b7ba56a7d5d1,eval_mean_position_error_m,0.048856703024043074,0.0488801861565826,2.348313253952572e-05
0f4c09cdc4c0280614a2b39a928ffa24a93c5527aefce9b606c338f71961a98a,eval_mean_heading_error_deg,8.174127702842002,8.187206033514773,0.013078330672771088
0f4c09cdc4c0280614a2b39a928ffa24a93c5527aefce9b606c338f71961a98a,eval_mean_position_error_m,0.0058507524206563915,0.005860113224515239,9.360803858847466e-06
80e95011bab578c2c7661302716a8b08b9447f2e3d5dd6b2285de0b2e5ec3231,eval_mean_heading_error_deg,7.1561469080386795,7.171304893281482,0.015157985242802319
80e95011bab578c2c7661302716a8b08b9447f2e3d5dd6b2285de0b2e5ec3231,eval_mean_position_error_m,0.0003724718126912142,0.00037325941269249414,7.8760000127992e-07
aa268768c2715a37d8d8d7046bd48e3bb4cfa654b82c1042bddfb7a4b7a8a099,eval_mean_heading_error_deg,4.4232900826704435,4.431877440217712,0.008587357547268581
aa268768c2715a37d8d8d7046bd48e3bb4cfa654b82c1042bddfb7a4b7a8a099,eval_mean_position_error_m,0.001261668569448843,0.0012641175311879907,2.4489617391476853e-06
5254feda2c078509e3497fbd6dffc5ba500475e32857e0fd27c29a6101664c9a,eval_mean_heading_error_deg,6.313518816412925,6.325658747837721,0.012139931424796302
5254feda2c078509e3497fbd6dffc5ba500475e32857e0fd27c29a6101664c9a,eval_mean_position_error_m,0.01137506830885399,0.011396939784621833,2.187147576784322e-05
1400cc83dbe8fd97086a0fe56c4ff003ce820e89753258cce7070311f56526f8,eval_mean_heading_error_deg,1.1326672927875294,1.134812450088591,0.002145157301061573
1400cc83dbe8fd97086a0fe56c4ff003ce820e89753258cce7070311f56526f8,eval_mean_position_error_m,0.0010090794792429315,0.001010990613068292,1.9111338253603553e-06
34f3cbf301ee8d7515a82100dd272ce97cffa4c5224b21f1855ee49e8d43b477,eval_mean_heading_error_deg,5.021252216884073,5.032120558709337,0.010868341825264416
34f3cbf301ee8d7515a82100dd272ce97cffa4c5224b21f1855ee49e8d43b477,eval_mean_position_error_m,0.00027988312032876635,0.0002804887684995493,6.056481707829276e-07
561c9556cd499cc55152264976910ef221f5aefb0151922e20ba27cc85a39c9a,eval_mean_heading_error_deg,1.31713353648966,1.31977832603984,0.0026447895501799934
561c9556cd499cc55152264976910ef221f5aefb0151922e20ba27cc85a39c9a,eval_mean_position_error_m,0.0004371554668479119,0.00043803326905315237,8.7780220524048e-07
26eaae83e9f7290fb8324456d6a7bff91f05f347b914e339e359ac469c484cdc,eval_mean_heading_error_deg,1.7655983539514009,1.7691507665821071,0.0035524126307062698
26eaae83e9f7290fb8324456d6a7bff91f05f347b914e339e359ac469c484cdc,eval_mean_position_error_m,0.003709274907377143,0.003716737862842848,7.462955465704999e-06
2dc098cb294740dfa5363259318e692d4b321ccf3687a96560010695396aa9a0,eval_mean_heading_error_deg,1.9105400726328974,1.9143611268332656,0.003821054200368268
2dc098cb294740dfa5363259318e692d4b321ccf3687a96560010695396aa9a0,eval_mean_position_error_m,0.0004457055339121299,0.0004465968977519234,8.913638397935143e-07
48eae529fd0d7cea1f856c962ddf3e1c69823524273b278a2005b26be370f1a4,eval_mean_heading_error_deg,4.4730223395792095,4.482809907939951,0.009787568360741794
48eae529fd0d7cea1f856c962ddf3e1c69823524273b278a2005b26be370f1a4,eval_mean_position_error_m,0.00028293721361035486,0.00028355614430775923,6.18930697404371e-07
f54bd919c817342270b265958e5ad9d40a62e6fc7f1a5d835b3f43598eb62e67,eval_mean_heading_error_deg,1.6744917200782408,1.677923028455723,0.0034313083774821784
f54bd919c817342270b265958e5ad9d40a62e6fc7f1a5d835b3f43598eb62e67,eval_mean_position_error_m,0.00028971655002430044,0.00029031019779185907,5.936477675586266e-07
91265ca298dc52f7787b33ae056f5e6959a42574412a8d4072bf4289b6af06f5,eval_mean_heading_error_deg,1.289997548642561,1.2926409661397875,0.002643417497226519
91265ca298dc52f7787b33ae056f5e6959a42574412a8d4072bf4289b6af06f5,eval_mean_position_error_m,0.0016014670857434506,0.00160474867785239,3.2815921089392967e-06
3c6cab3d87bb1ba53e5ebfeac76c117f50a964fd305435f84d871f22e4ac3525,eval_mean_heading_error_deg,2.0988451410587747,2.1031372104748858,0.004292069416111044
3c6cab3d87bb1ba53e5ebfeac76c117f50a964fd305435f84d871f22e4ac3525,eval_mean_position_error_m,0.000289987567605276,0.0002905805395918225,5.929719865464768e-07
10f50ca79b3e7b14963d9800cec448b6a1da206c62eab64d641259b493869e06,eval_mean_heading_error_deg,3.883207222751254,3.8917982015663206,0.008590978815066652
10f50ca79b3e7b14963d9800cec448b6a1da206c62eab64d641259b493869e06,eval_mean_position_error_m,0.00028606146969594116,0.0002866941914766628,6.327217807216472e-07
e14777bf10415edc1b446a4ebc9bcded489ff899821f2e1228c49155942cac05,eval_mean_heading_error_deg,2.1092971268578764,2.1137098323734733,0.004412705515596915
e14777bf10415edc1b446a4ebc9bcded489ff899821f2e1228c49155942cac05,eval_mean_position_error_m,0.00025072168353752994,0.0002512461582798824,5.244747423524825e-07
66361cfeda5eba02798c43e324de3fc35ac9d280706cdaa7b2862184cc0a055c,eval_mean_heading_error_deg,2.054811110914137,2.0591098306254083,0.0042987197112713815
66361cfeda5eba02798c43e324de3fc35ac9d280706cdaa7b2862184cc0a055c,eval_mean_position_error_m,0.0005611022283028927,0.0005622760290617354,1.1738007588427352e-06
e4cdabe334651fedc19d929ab18373133e3e341df3a0eabe88762755c4be16d2,eval_mean_heading_error_deg,2.207801414883155,2.212400948680785,0.00459953379763034
e4cdabe334651fedc19d929ab18373133e3e341df3a0eabe88762755c4be16d2,eval_mean_position_error_m,0.00021578772753184399,0.0002162372381852096,4.495106533656168e-07
e2d437aeb80ab77cf904d88c93aade5086603cc43322e70b6d5d77e8953b96bb,eval_mean_heading_error_deg,3.60593699625202,3.613950028891523,0.008013032639503148
e2d437aeb80ab77cf904d88c93aade5086603cc43322e70b6d5d77e8953b96bb,eval_mean_position_error_m,0.0002873309312553556,0.00028796930777141616,6.383765160605879e-07
3e507f291ba30c30d8ef22c314bca7e93cf4474922df0838c6b348379e04b005,eval_mean_heading_error_deg,2.2852779111070123,2.2901093142982725,0.004831403191260186
3e507f291ba30c30d8ef22c314bca7e93cf4474922df0838c6b348379e04b005,eval_mean_position_error_m,0.00024842965716480244,0.00024895483098509813,5.251738202956941e-07
1678d0b56541b8061660ac877152929a2a39ba999bc0f3cde90845b05adc74ba,eval_mean_heading_error_deg,2.278319931141967,2.2831366242609756,0.004816693119008786
1678d0b56541b8061660ac877152929a2a39ba999bc0f3cde90845b05adc74ba,eval_mean_position_error_m,0.0003551906453373414,0.0003559415284047442,7.508830674027756e-07
6b678803704da570b3f9fb0d944ceeb30f99d30e0435d54439bb558883252fd2,eval_mean_heading_error_deg,2.140613664051892,2.145082531753742,0.0044688677018500655
6b678803704da570b3f9fb0d944ceeb30f99d30e0435d54439bb558883252fd2,eval_mean_position_error_m,0.00021444276550254836,0.00021489040522907723,4.476397265288756e-07
3028eacd46e9c0e04a550ca6d3533e679d806a618f69c22875c04fcaa1de3641,eval_mean_heading_error_deg,20.749037425270025,20.791646801898658,0.042609376628632845
3028eacd46e9c0e04a550ca6d3533e679d806a618f69c22875c04fcaa1de3641,eval_mean_position_error_m,0.0004799011601435021,0.000480097168254237,1.960081107348988e-07
c67b177fbbe819c35ce0331f18ff6a2cf777b6f95efc5536f1152640df4d3727,eval_mean_heading_error_deg,15.304365546219143,15.328518102433993,0.02415255621484924
c67b177fbbe819c35ce0331f18ff6a2cf777b6f95efc5536f1152640df4d3727,eval_mean_position_error_m,0.0007127465887125248,0.0007137306373552597,9.84048642734903e-07
3ee658247f0c9769abe2b0934349b016ebcda644b33a177722fefc14aaec80f1,eval_mean_heading_error_deg,18.841207907449302,18.866429511505974,0.02522160405667151
3ee658247f0c9769abe2b0934349b016ebcda644b33a177722fefc14aaec80f1,eval_mean_position_error_m,0.06957908594829405,0.06967012575492747,9.103980663341393e-05
24217d2b48bb912b91a71efa6fa439b746c3b03e3542575ca5ed6af3d1939697,eval_mean_heading_error_deg,9.185619769976956,9.198376386339692,0.012756616362736395
24217d2b48bb912b91a71efa6fa439b746c3b03e3542575ca5ed6af3d1939697,eval_mean_position_error_m,0.005144373822722608,0.005151518685149032,7.144862426424273e-06
f38da90c6e6c5bdcc7a8f99444217cbcfab2911517975ec031549d1741201d00,eval_mean_heading_error_deg,6.061153478890114,6.074412944109926,0.013259465219811695
f38da90c6e6c5bdcc7a8f99444217cbcfab2911517975ec031549d1741201d00,eval_mean_position_error_m,0.00030991161454808116,0.0003105881266280325,6.765120799513235e-07
fab3e1108dced9b80854ddc621c22e88654e7401cb341c00a65478dca1db1ae9,eval_mean_heading_error_deg,2.4861910872785313,2.491232448397984,0.0050413611194528585
fab3e1108dced9b80854ddc621c22e88654e7401cb341c00a65478dca1db1ae9,eval_mean_position_error_m,0.0003360662252159731,0.0003367469798165717,6.807546005986142e-07
a0c34a6fb1e0572f09bec096b0687766c0d9ae983f4b4f994c9e2a6e22e95969,eval_mean_heading_error_deg,4.227986904610845,4.236543972179126,0.008557067568280452
a0c34a6fb1e0572f09bec096b0687766c0d9ae983f4b4f994c9e2a6e22e95969,eval_mean_position_error_m,0.01050109317797603,0.010522345188674488,2.1252010698458862e-05
d22cdbe415b310853853c61d198450c216b1369c678f58b6f9c54f61a847733b,eval_mean_heading_error_deg,2.1208382846169345,2.124854863072306,0.004016578455371622
d22cdbe415b310853853c61d198450c216b1369c678f58b6f9c54f61a847733b,eval_mean_position_error_m,0.0015728627702140505,0.0015758415890019238,2.9788187878732747e-06
602cb1160fc1ef0dbffb17457516499b3ceff7dbffbe02dea83113ddc9f27a94,eval_mean_heading_error_deg,3.209772028549874,3.216795373035278,0.007023344485403982
602cb1160fc1ef0dbffb17457516499b3ceff7dbffbe02dea83113ddc9f27a94,eval_mean_position_error_m,0.00028293721361035486,0.00028355614430775923,6.18930697404371e-07
b259e555935de7ccb7979acec50d002c68ee4975ff7fd8cfeabc170382be5b88,eval_mean_heading_error_deg,1.1326912030904155,1.1350558612987487,0.0023646582083332035
b259e555935de7ccb7979acec50d002c68ee4975ff7fd8cfeabc170382be5b88,eval_mean_position_error_m,0.0003088061120403793,0.00030945075041026535,6.446383698860349e-07
8cea39a5671d299247fa2acae22412b2b780694af05b4d8d0902713fe996aec1,eval_mean_heading_error_deg,0.9412413097849842,0.9432021999266812,0.0019608901416969804
8cea39a5671d299247fa2acae22412b2b780694af05b4d8d0902713fe996aec1,eval_mean_position_error_m,0.001524793685384874,0.0015279701906243596,3.176505239485582e-06
d20112933ddc86aeac9960b334d9e24f564bbf08a0c35381813aed2eb9e54c3a,eval_mean_heading_error_deg,1.556232803903823,1.5594681403337327,0.0032353364299098075
d20112933ddc86aeac9960b334d9e24f564bbf08a0c35381813aed2eb9e54c3a,eval_mean_position_error_m,0.00028833806088245366,0.0002889374424264531,5.993815439994101e-07
fbeaab4bffcd245d377a902696bbf99159d7e6bd3a64ef8b28d90215d03ecf0d,eval_mean_heading_error_deg,2.567723198329897,2.573341681619094,0.005618483289197229
fbeaab4bffcd245d377a902696bbf99159d7e6bd3a64ef8b28d90215d03ecf0d,eval_mean_position_error_m,0.0002829390996777287,0.00028355808095808165,6.189812803529537e-07
4ce7627639585b5d348fba98328dfc3c7c170c5c959a743c45c3e99cefa7850e,eval_mean_heading_error_deg,1.7042213293277517,1.7078242620028259,0.0036029326750741664
4ce7627639585b5d348fba98328dfc3c7c170c5c959a743c45c3e99cefa7850e,eval_mean_position_error_m,0.00033303177059272864,0.00033373578253754154,7.040119448128946e-07
772c864865820ee50c54ac96307ddaa97e3502a75040ae98849b11a5939947f0,eval_mean_heading_error_deg,1.6592653121784369,1.6627732053868962,0.003507893208459345
772c864865820ee50c54ac96307ddaa97e3502a75040ae98849b11a5939947f0,eval_mean_position_error_m,0.0004018791141127185,0.00040272867908894066,8.495649762221423e-07
d64d995c040ba2c806398c41abf8a8f3ce690d2f36b0e9fcb7689b5a545dd3a7,eval_mean_heading_error_deg,1.7326795647414241,1.7363349299332023,0.003655365191778115
d64d995c040ba2c806398c41abf8a8f3ce690d2f36b0e9fcb7689b5a545dd3a7,eval_mean_position_error_m,0.00023255241766667,0.00023304296732117011,4.905496545001007e-07
8c49acd86cc564a4a194e5d52d69437b73a41d3f442da4069dc7ea9a09cc14d7,eval_mean_heading_error_deg,41.724804806363025,41.76333175009759,0.038526943734567
8c49acd86cc564a4a194e5d52d69437b73a41d3f442da4069dc7ea9a09cc14d7,eval_mean_position_error_m,0.09070660698409472,0.09055952142015543,-0.0001470855639392893
6e5b5bc58ef924455b705ae00c1d4974bfec713a7e915c0b008b7fcf7af13bd9,eval_mean_position_error_m,0.046949859606899326,0.04658268032951578,-0.0003671792773835489
f2692edd60dab5b7f42eefd9d228e4cc10e8950bfcca0ad31b7785ebeea4f2b2,eval_mean_position_error_m,0.046949859606899326,0.04658268032951578,-0.0003671792773835489
2caea46d6793a87038ad125efbc884bb19af291885fcec974e0b440c2751229c,eval_mean_position_error_m,0.04625661942952255,0.04589664879247223,-0.0003599706370503164
b73fa8ce4b6cf43f7d0945bcb87b3c4d5cc9cf30d2ace2c7967f8945bdb0857b,eval_mean_heading_error_deg,0.09766615231046899,0.09787986380340827,0.00021371149293927805
b73fa8ce4b6cf43f7d0945bcb87b3c4d5cc9cf30d2ace2c7967f8945bdb0857b,eval_mean_position_error_m,9.442891798435487e-05,9.463554581358738e-05,2.0662782923250875e-07
2ccee0215d5aac868a8db8103a79cb3f9e9a98ffa307043037bb433979544a45,eval_mean_heading_error_deg,0.09766615231046899,0.09787986380340827,0.00021371149293927805
2ccee0215d5aac868a8db8103a79cb3f9e9a98ffa307043037bb433979544a45,eval_mean_position_error_m,9.442891798435487e-05,9.463554581358738e-05,2.0662782923250875e-07
51ddec1786caa447928f16678cb66e160df20474b811f50680d1cae24c246b1d,eval_mean_heading_error_deg,0.1377775535770171,0.13808372591813714,0.0003061723411200423
51ddec1786caa447928f16678cb66e160df20474b811f50680d1cae24c246b1d,eval_mean_position_error_m,0.00011636499583574178,0.00011662358471527468,2.5858887953290183e-07
77d9b51d7e24c565947f15205473f8b66ba0f3cf83c8c843d2b5c3204c84509a,eval_mean_heading_error_deg,5.667391788558035,5.679793083500172,0.012401294942137042
77d9b51d7e24c565947f15205473f8b66ba0f3cf83c8c843d2b5c3204c84509a,eval_mean_position_error_m,0.00011031062145878026,0.00011055200137444215,2.4137991566189104e-07
d7abeeb612d47137102464d02cb1cb6c9d446dce7861d8d620f8ecfbd3cfa2ce,eval_mean_heading_error_deg,1.1202279053934816,1.1224683612042683,0.00224045581078669
d7abeeb612d47137102464d02cb1cb6c9d446dce7861d8d620f8ecfbd3cfa2ce,eval_mean_position_error_m,0.00018484880752282795,0.0001852185051378736,3.6969761504565546e-07
2d179cf766ba0e65e5aa60031aad2a19913070fe4367b4f10445851b16e564fa,eval_mean_heading_error_deg,0.4307165879399091,0.43156612756109236,0.0008495396211832817
2d179cf766ba0e65e5aa60031aad2a19913070fe4367b4f10445851b16e564fa,eval_mean_position_error_m,0.0001948108223302316,0.00019519506458334838,3.8424225311679263e-07
ae424bf1d86e0112bfd92bfa9232e375f0f7f8829a53fe93c1f764c910eee9c5,eval_mean_heading_error_deg,19.047174037814823,19.072809438987306,0.025635401172483085
ae424bf1d86e0112bfd92bfa9232e375f0f7f8829a53fe93c1f764c910eee9c5,eval_mean_position_error_m,0.06473874793456294,0.06448940505521415,-0.00024934287934878785
cb74b6a69db3028bb0a86b13bf90b79a02df97e9730fd766fb066f53c74e961c,eval_mean_position_error_m,0.047333964408681865,0.04695157566228314,-0.00038238874639872494
62dc1a8c957c1a7bbe5742a1062109977fbe2c5e40fe4381e0e99c0ff4609976,eval_mean_position_error_m,0.047333964408681865,0.04695157566228314,-0.00038238874639872494
5fdfa85762ffda696e9057d3e53cc3c22526ab51f3f563d92ab62c98835145e0,eval_mean_position_error_m,0.04569438598428944,0.045324267118318946,-0.00037011886597049237
8d1c79a89f39f45350e8e7e83391d83a62bd048165bdbcb09bafecc8e473f26e,eval_mean_heading_error_deg,0.18592972071833086,0.18633656895446207,0.0004068482361312131
8d1c79a89f39f45350e8e7e83391d83a62bd048165bdbcb09bafecc8e473f26e,eval_mean_position_error_m,0.00013718677420555868,0.00013748696390812235,3.001897025636693e-07
04ef073389bd7d5ed7f9257acc72bfcda7554b1ecf1c9882a69451b1917e9a69,eval_mean_heading_error_deg,0.18592972071833086,0.18633656895446207,0.0004068482361312131
04ef073389bd7d5ed7f9257acc72bfcda7554b1ecf1c9882a69451b1917e9a69,eval_mean_position_error_m,0.00013718677420555868,0.00013748696390812235,3.001897025636693e-07
aa34e32ede0aebf5bc24bb2fc7dd354c571ebff528768fb324e4ed21c13684b5,eval_mean_heading_error_deg,0.1965495555996149,0.19699223462250656,0.00044267902289166217
aa34e32ede0aebf5bc24bb2fc7dd354c571ebff528768fb324e4ed21c13684b5,eval_mean_position_error_m,0.00015524215486723163,0.00015559179916713157,3.4964429989993765e-07
2685537d3623ff1066a9994be6f7cb19565daefc2882a2478d148d597653fdef,eval_mean_heading_error_deg,4.682853465569139,4.693100409668351,0.010246944099211674
2685537d3623ff1066a9994be6f7cb19565daefc2882a2478d148d597653fdef,eval_mean_position_error_m,0.00014674876356444525,0.00014706987680885276,3.211132444075164e-07
2f620b90272960382539f9067c4343fc6388692a28f0034962720b8b0db2f6df,eval_mean_heading_error_deg,0.7390666317643994,0.7405687997142811,0.001502167949881783
2f620b90272960382539f9067c4343fc6388692a28f0034962720b8b0db2f6df,eval_mean_position_error_m,0.0002202933427980239,0.0002207410934940126,4.4775069598870657e-07
7acf13544b828b913a2cff34fa32ff7de0c0e568c135588020bc7f0b88c54bf6,eval_mean_heading_error_deg,0.440089905477543,0.4409825827706,0.000892677293056976
7acf13544b828b913a2cff34fa32ff7de0c0e568c135588020bc7f0b88c54bf6,eval_mean_position_error_m,0.00017753922175191666,0.0001778993418771463,3.6012012522964524e-07
62cc82a47c6d3def8c01660b4eade3a80f79a7fab7314ab273ba60c1a8912f52,eval_mean_heading_error_deg,17.753095763855455,17.779592666711764,0.02649690285630868
62cc82a47c6d3def8c01660b4eade3a80f79a7fab7314ab273ba60c1a8912f52,eval_mean_position_error_m,0.06713607578559751,0.06686314362127561,-0.00027293216432189293
291e0b6deb0186cadbd72a05b2f3cfb5a13ab3bbd096d6f8a910d162e72bb0ef,eval_mean_position_error_m,0.046676130122517916,0.04628884656084651,-0.000387283561671406
287ea6b9a5daaaacaf6eca1661c38c746eeb6e3fa295dfbaa7bc335b0883d686,eval_mean_position_error_m,0.046676130122517916,0.04628884656084651,-0.000387283561671406
5243ceb98da8a42347685d1b92bda8bb5b9ab003c4cf74314fd6b18bafc7f666,eval_mean_position_error_m,0.046737641589524224,0.04635047519255188,-0.00038716639697234517
24abe5062200404e17bb7f701710ab93df4f9688e106688639f41cc425bf3f40,eval_mean_heading_error_deg,0.35151107575281804,0.3522802159095464,0.000769140156728354
24abe5062200404e17bb7f701710ab93df4f9688e106688639f41cc425bf3f40,eval_mean_position_error_m,0.00018863105489390705,0.00018904378636378795,4.127314698809041e-07
89886bf22dc49d1fc9804e68b6ed8a3f8510f9b40e3af4523544f682ec99da2d,eval_mean_heading_error_deg,0.35151107575281804,0.3522802159095464,0.000769140156728354
89886bf22dc49d1fc9804e68b6ed8a3f8510f9b40e3af4523544f682ec99da2d,eval_mean_position_error_m,0.00018863105489390705,0.00018904378636378795,4.127314698809041e-07
5c14800761b970728e7a2d731f369c13b36e2c40c19d07e4e0105a44c5eaf9b7,eval_mean_heading_error_deg,0.3537314645074834,0.354528126640603,0.00079666213311963
5c14800761b970728e7a2d731f369c13b36e2c40c19d07e4e0105a44c5eaf9b7,eval_mean_position_error_m,0.00019718372215542438,0.00019762780157498894,4.440794195645641e-07
cd372155d04eaaef2b7ff55ad5baf8e722920a9c721d239b37d2c610247315f0,eval_mean_heading_error_deg,3.762454693229197,3.7706876354087364,0.008232942179539293
cd372155d04eaaef2b7ff55ad5baf8e722920a9c721d239b37d2c610247315f0,eval_mean_position_error_m,0.0001886303464261924,0.00018904310426940007,4.127578432076579e-07
35a851430e47b17ffcfe6fac12b640014c5a3c54f04a7abdaf1c3ce4d7858ea8,eval_mean_heading_error_deg,0.41884181340818466,0.41970362780646103,0.0008618143982763726
35a851430e47b17ffcfe6fac12b640014c5a3c54f04a7abdaf1c3ce4d7858ea8,eval_mean_position_error_m,0.00023958055622642715,0.0002400735203232935,4.929640968663542e-07
7f692cbcfe6c2c003a984af46579206952d1e90033f80fc326967896ec4898a2,eval_mean_heading_error_deg,1.029302186368869,1.0314157431261313,0.002113556757262325
7f692cbcfe6c2c003a984af46579206952d1e90033f80fc326967896ec4898a2,eval_mean_position_error_m,0.00022221386437087904,0.00022267015555186962,4.5629118099058466e-07
1bf63eff9923add2c72086522b5192de7bb4cd718ad8cc77b38b7b4a7a1c3741,eval_mean_heading_error_deg,17.468069832654848,17.49689495969882,0.028825127043972998
1bf63eff9923add2c72086522b5192de7bb4cd718ad8cc77b38b7b4a7a1c3741,eval_mean_position_error_m,0.07390555053480176,0.0736149554653288,-0.00029059506947295977
603e057d4225b11c7c169bd62f4892df5468cddace7b5d3265e525d5b636c9fb,eval_mean_position_error_m,0.04996527777197324,0.049579854414943926,-0.0003854233570293117
b25a746c72e3ffb85c6bf3a01a485614ca333ac0486e8ea575768ccb7b983aeb,eval_mean_position_error_m,0.04996527777197324,0.049579854414943926,-0.0003854233570293117
b702d1a71cba95747de099abae99e337cf8f18391131b855205104719c807e56,eval_mean_position_error_m,0.05021116417239833,0.0498254714389916,-0.0003856927334067242
85c302c473b458a13f3ace436af182f2c7396010936d89400190f4058b6488f0,eval_mean_heading_error_deg,0.7391084292296345,0.7407231780056698,0.0016147487760352908
85c302c473b458a13f3ace436af182f2c7396010936d89400190f4058b6488f0,eval_mean_position_error_m,0.0002828708494881502,0.00028348819619978063,6.173467116304455e-07
6297d56d55fa594398866405792897bf335ca273fd85ad16ea31e4dffbaf9a85,eval_mean_heading_error_deg,0.7391084292296345,0.7407231780056698,0.0016147487760352908
6297d56d55fa594398866405792897bf335ca273fd85ad16ea31e4dffbaf9a85,eval_mean_position_error_m,0.0002828708494881502,0.00028348819619978063,6.173467116304455e-07
0d1ecc3d340ffdd366fea36f46a409919d82e74f2a07b87ee86b6484840b3544,eval_mean_heading_error_deg,0.7447406258468201,0.7464191286825957,0.0016785028357756415
0d1ecc3d340ffdd366fea36f46a409919d82e74f2a07b87ee86b6484840b3544,eval_mean_position_error_m,0.0002961158925077567,0.000296782628540772,6.667360330152674e-07
349444f922bf96733f72cae4fc9d1bf909cafd9c0e52dbb81751c36f785dedbe,eval_mean_heading_error_deg,3.209772028549874,3.216795373035278,0.007023344485403982
349444f922bf96733f72cae4fc9d1bf909cafd9c0e52dbb81751c36f785dedbe,eval_mean_position_error_m,0.00028293721361035486,0.00028355614430775923,6.18930697404371e-07
32ece0fa51bbd256cb62f0480d7e06f3832f11e6269e2af5845653d94565b403,eval_mean_heading_error_deg,1.6822389196283203,1.6857803790280625,0.003541459399742264
32ece0fa51bbd256cb62f0480d7e06f3832f11e6269e2af5845653d94565b403,eval_mean_position_error_m,0.00027741650386275686,0.0002780004530166944,5.839491539375388e-07
2342748ca259658caa82378c1d06c6bae5f3caf3f7dc5aa8b8e76912dd270a95,eval_mean_heading_error_deg,2.0334100903272385,2.0376818713818228,0.004271781054584256
2342748ca259658caa82378c1d06c6bae5f3caf3f7dc5aa8b8e76912dd270a95,eval_mean_position_error_m,0.00030245202209730975,0.00030308734053947765,6.353184421678949e-07
fc6a2246c7da9bcdcec1d40b25e8271c19876e05a966a330a9d3538193fd9561,eval_mean_heading_error_deg,16.806460612519565,16.835638348306126,0.029177735786561243
fc6a2246c7da9bcdcec1d40b25e8271c19876e05a966a330a9d3538193fd9561,eval_mean_position_error_m,0.08023378872678474,0.07993903584549945,-0.0002947528812852901
ef7d6a9c499fbe22e66a28261a5d8c0c3c9538f6ba97e43239b0a7048b401769,eval_mean_position_error_m,0.05363584846771042,0.05325157416009991,-0.0003842743076105104
c74e4c045d227c08e091a989cc0493443698fbe2ff480766ba469957e8fe9bb6,eval_mean_position_error_m,0.05363584846771042,0.05325157416009991,-0.0003842743076105104
416a0f5eea4a299291e8817f9b6ce71d107977c6a4985e980b54a2cebc0f9501,eval_mean_position_error_m,0.05440724954673397,0.05402373430758556,-0.00038351523914841035
d0a26dc96ccd4250a808f3941182cea645cbe1f998088a43effc9939e7f2388a,eval_mean_heading_error_deg,1.2701621391893156,1.2729171952590062,0.002755056069690509
d0a26dc96ccd4250a808f3941182cea645cbe1f998088a43effc9939e7f2388a,eval_mean_position_error_m,0.000376464577032493,0.00037727614269351804,8.115656610250491e-07
e9b053f9124be42c81b867b5ddf27c32e49c361488aa028ce45b680b70a2b403,eval_mean_heading_error_deg,1.2701621391893156,1.2729171952590062,0.002755056069690509
e9b053f9124be42c81b867b5ddf27c32e49c361488aa028ce45b680b70a2b403,eval_mean_position_error_m,0.000376464577032493,0.00037727614269351804,8.115656610250491e-07
35aae8ceeb2fde939334e676929fb612c03a8460a1e39284e46b7e739d03c2f8,eval_mean_heading_error_deg,1.268657914778744,1.271497193150922,0.0028392783721780113
35aae8ceeb2fde939334e676929fb612c03a8460a1e39284e46b7e739d03c2f8,eval_mean_position_error_m,0.00039674544763366803,0.0003976283728293906,8.829251957225611e-07
73df6c351df2cc8991aea9f0f32b124028e553fa79e5938a43a1ce535ece658c,eval_mean_heading_error_deg,3.092600911045361,3.099364488856224,0.0067635778108630085
73df6c351df2cc8991aea9f0f32b124028e553fa79e5938a43a1ce535ece658c,eval_mean_position_error_m,0.00037711156876668855,0.00037793440481031625,8.22836043627706e-07
cbc9fd8cc5d3930d3446d2f711519816367a9da9c85352d803ce79c593f12095,eval_mean_heading_error_deg,2.8445309382053594,2.8506194999100862,0.006088561704726825
cbc9fd8cc5d3930d3446d2f711519816367a9da9c85352d803ce79c593f12095,eval_mean_position_error_m,0.0003528150376246129,0.00035356884230252576,7.538046779128824e-07
3691e91024f1dfdd1e42d1916f03bc9ce19cd80bb35cb2af50f12d8dd26b42b3,eval_mean_heading_error_deg,3.013208007561602,3.0196579444196807,0.006449936858078598
3691e91024f1dfdd1e42d1916f03bc9ce19cd80bb35cb2af50f12d8dd26b42b3,eval_mean_position_error_m,0.000374206013580909,0.00037500568327581725,7.996696949082562e-07
cc06e8dbf352f93806028a66d231c001b9a6e954aeeed3f0d0828f20e8105365,eval_mean_heading_error_deg,15.726213728343634,15.755010687818501,0.02879695947486738
cc06e8dbf352f93806028a66d231c001b9a6e954aeeed3f0d0828f20e8105365,eval_mean_position_error_m,0.0929479531372842,0.09266027295904651,-0.000287680178237687
a9acaf16a504209b5aee827bff4cc0d17dca5a9d2303e1a66d28d1925d84c650,eval_mean_position_error_m,0.06306219777643843,0.06268756252268068,-0.0003746352537577491
7c853f29f5d5d25b33bb897a33991553120353dbc03c5cccd91b1ed822e1a4d8,eval_mean_position_error_m,0.06306219777643843,0.06268756252268068,-0.0003746352537577491
ee6302e5e5d6bf3fdf37727c1695ca15bb8dfc214a78642c8be59dd4108f1c85,eval_mean_position_error_m,0.06405320421979016,0.06367754295643584,-0.0003756612633543238
325fad0840eaf3ecc8a17382082b2ca0e005b24658ccf19e951abcd520d1c675,eval_mean_heading_error_deg,2.6446698378904108,2.6502103671976447,0.005540529307233921
325fad0840eaf3ecc8a17382082b2ca0e005b24658ccf19e951abcd520d1c675,eval_mean_position_error_m,0.000556534152387811,0.0005576614591937531,1.1273068059420525e-06
09667a74173ff83a909f1eb67569d4386beba38f89364d8ab2c032725be0112e,eval_mean_heading_error_deg,2.6446698378904108,2.6502103671976447,0.005540529307233921
09667a74173ff83a909f1eb67569d4386beba38f89364d8ab2c032725be0112e,eval_mean_position_error_m,0.000556534152387811,0.0005576614591937531,1.1273068059420525e-06
855465be2523e094261a6e48af62236cbe0752040714f0aabc5fabd1711c8d8e,eval_mean_heading_error_deg,2.61551233689837,2.6211883900515316,0.005676053153161664
855465be2523e094261a6e48af62236cbe0752040714f0aabc5fabd1711c8d8e,eval_mean_position_error_m,0.000594600791646668,0.0005958514484290138,1.2506567823457977e-06
8623d1476d10b3b1818a4c95680fb0e40b19500c4478804f69b82401037730de,eval_mean_heading_error_deg,4.794385401817971,4.804813408880078,0.010428007062106559
8623d1476d10b3b1818a4c95680fb0e40b19500c4478804f69b82401037730de,eval_mean_position_error_m,0.0005629139169220383,0.0005641158700803651,1.2019531583268338e-06
404a9aa231fe2d36ef4699b64a4d309f0dd07ee2d9bf1fda90aea6cb9d078ff4,eval_mean_heading_error_deg,4.860870149670422,4.871400322100425,0.010530172430002871
404a9aa231fe2d36ef4699b64a4d309f0dd07ee2d9bf1fda90aea6cb9d078ff4,eval_mean_position_error_m,0.0005568054631614078,0.0005579900406488464,1.1845774874386138e-06
757ffea5a529572d98a29a457add136de4d7e350ddb6ab589ee8941b74ea9678,eval_mean_heading_error_deg,4.7452016261095356,4.7556165344341235,0.010414908324587913
757ffea5a529572d98a29a457add136de4d7e350ddb6ab589ee8941b74ea9678,eval_mean_position_error_m,0.00059510093101372,0.000596384834917455,1.2839039037349908e-06
0b3262c2c736aa8b138052a386befb755763fbb5eef740e4e0d702e35de6ecba,eval_mean_heading_error_deg,11.284981696432741,11.307274710334266,0.022293013901524716
0b3262c2c736aa8b138052a386befb755763fbb5eef740e4e0d702e35de6ecba,eval_mean_position_error_m,0.09629581683758644,0.09599131670118637,-0.000304500136400071
088f33cd5cc53ecf8d513b7e991ce42d032a5b5bce5e3a93cd127bd192dc842d,eval_mean_position_error_m,0.07627200542557991,0.07591435325431804,-0.00035765217126186577
02ccfbe8a5a1b97ea0548c97508f55ecf4e3cff5d627bb9bd112c471e4162386,eval_mean_position_error_m,0.07627200542557991,0.07591435325431804,-0.00035765217126186577
4e9afd22e448973ed800ab88194c938e9370e742f763df14ff80fcb1b214a93d,eval_mean_position_error_m,0.07664034589316755,0.07627822889508845,-0.00036211699807910114
0bbf0564308ca6fffb355778c81d77ac405c3082abfb862739f45e3866cc07a1,eval_mean_heading_error_deg,4.245574483572138,4.254049901671177,0.008475418099038734
0bbf0564308ca6fffb355778c81d77ac405c3082abfb862739f45e3866cc07a1,eval_mean_position_error_m,0.0007198041558916875,0.0007211373140497926,1.3331581581051653e-06
8b15b7f04c32db69490727073f3e7ff4e05a8cbc649ea12b65de970d1cd07730,eval_mean_heading_error_deg,4.245574483572138,4.254049901671177,0.008475418099038734
8b15b7f04c32db69490727073f3e7ff4e05a8cbc649ea12b65de970d1cd07730,eval_mean_position_error_m,0.0007198041558916875,0.0007211373140497926,1.3331581581051653e-06
6aa5b58134dae227c876105442b730f3e7f606b0a1b8e1f314c451db0280210c,eval_mean_heading_error_deg,4.168643429933584,4.177291933322704,0.00864850338911971
6aa5b58134dae227c876105442b730f3e7f606b0a1b8e1f314c451db0280210c,eval_mean_position_error_m,0.0007760318067890057,0.000777533362998516,1.5015562095103052e-06
62e65b044f2aaf66b90e8cfc57e24d008ff04719613022d891567587a51f5c23,eval_mean_heading_error_deg,6.912231091322337,6.927054189471748,0.014823098149411074
62e65b044f2aaf66b90e8cfc57e24d008ff04719613022d891567587a51f5c23,eval_mean_position_error_m,0.0007389706135475327,0.0007404751657842616,1.5045522367289387e-06
8f80e9f11f1096663257bbc1e3a2ba498d074b4bad719b7198dc4844dbefffd8,eval_mean_heading_error_deg,6.912231091322337,6.927054189471748,0.014823098149411074
8f80e9f11f1096663257bbc1e3a2ba498d074b4bad719b7198dc4844dbefffd8,eval_mean_position_error_m,0.0007389706135475327,0.0007404751657842616,1.5045522367289387e-06
662fe9492f5fa85686cb2171041e55d36057ced85dd8a60551bd713213a5dab7,eval_mean_heading_error_deg,6.384586690577077,6.398658443913665,0.014071753336588166
662fe9492f5fa85686cb2171041e55d36057ced85dd8a60551bd713213a5dab7,eval_mean_position_error_m,0.0007897427380543915,0.0007914010280995644,1.65829004517286e-06
ecd7752b3146ab4716d9812abbca9359780c12023dabedf5381bb1c33ac89934,eval_mean_heading_error_deg,17.753095763855455,17.779592666711764,0.02649690285630868
ecd7752b3146ab4716d9812abbca9359780c12023dabedf5381bb1c33ac89934,eval_mean_position_error_m,0.06713607578559751,0.06686314362127561,-0.00027293216432189293
9658ebab9d37c22b2d8fc61d1ab92ee68271c8a8f842a36993cc558d62aee031,eval_mean_position_error_m,0.04667613014651865,0.046288846584892955,-0.00038728356162569255
8b20c9760b653d9d7f322afe0ad5df27cf256f0ce8fc2f0e38b37b9d5c671b8b,eval_mean_position_error_m,0.04667613014651865,0.046288846584892955,-0.00038728356162569255
9d176f41a57a94dcb1847f53c1b7c3b009bdac20f36145e692b42ed2721b16db,eval_mean_position_error_m,0.04673764251914596,0.046350476123944315,-0.00038716639520164353
96ddd35dc8dd0d1edfb835794166212aa99590183659124e472043192c8278d8,eval_mean_heading_error_deg,0.35151107575281804,0.3522802159095464,0.000769140156728354
96ddd35dc8dd0d1edfb835794166212aa99590183659124e472043192c8278d8,eval_mean_position_error_m,0.00018863105489390705,0.00018904378636378795,4.127314698809041e-07
eee914a643cc4980a52d4c6641b7fceb6d34524af637fcfe0b0e132981db8991,eval_mean_heading_error_deg,0.35151107575281804,0.3522802159095464,0.000769140156728354
eee914a643cc4980a52d4c6641b7fceb6d34524af637fcfe0b0e132981db8991,eval_mean_position_error_m,0.00018863105489390705,0.00018904378636378795,4.127314698809041e-07
0c883daaaec8bf86d813d95eac8d73a41bc103c6118dcb18604b063a8f9e0492,eval_mean_heading_error_deg,0.3593566890419604,0.3601660204959337,0.0008093314539733276
0c883daaaec8bf86d813d95eac8d73a41bc103c6118dcb18604b063a8f9e0492,eval_mean_position_error_m,0.00022000522463509704,0.00022050070349351615,4.95478858419105e-07
4729b6aec062ff18abd430f22292ae54311ededb5c4e91836051ff7024a43b76,eval_mean_heading_error_deg,3.762454693229197,3.7706876354087364,0.008232942179539293
4729b6aec062ff18abd430f22292ae54311ededb5c4e91836051ff7024a43b76,eval_mean_position_error_m,0.0001886303464261925,0.00018904310426940012,4.127578432076308e-07
c6dcce99f5f49c05bfeae95b815a5276bf6b81797528ccb5fc7e956f0a8f978f,eval_mean_heading_error_deg,0.41884181340818466,0.41970362780646103,0.0008618143982763726
c6dcce99f5f49c05bfeae95b815a5276bf6b81797528ccb5fc7e956f0a8f978f,eval_mean_position_error_m,0.00023958055622642715,0.0002400735203232935,4.929640968663542e-07
5ea295e61daa6c3e557caae8e9b8fcfd19765fb62737261bd3fbc173a115a270,eval_mean_heading_error_deg,1.0293265609837958,1.0314401677915668,0.0021136068077709513
5ea295e61daa6c3e557caae8e9b8fcfd19765fb62737261bd3fbc173a115a270,eval_mean_position_error_m,0.00022616895298250742,0.00022663336549361393,4.644125111065054e-07
e03979a1ccaed365c9e22344e7339a3d56abc2212224be80b5e4202bb83905f1,eval_mean_heading_error_deg,16.791498151985206,16.818364542506604,0.026866390521398387
e03979a1ccaed365c9e22344e7339a3d56abc2212224be80b5e4202bb83905f1,eval_mean_position_error_m,0.06945458631021935,0.06916570379318526,-0.0002888825170340864
c3b93320f743db01346b4fd4c30d0831affac025f359cfaf45cc619813d0623f,eval_mean_position_error_m,0.04942322530187167,0.0490360114509889,-0.0003872138508827644
fc8bc517b82177413a8caac09f198303fa17e723cc7bf4e7bbd24c629f7468b6,eval_mean_position_error_m,0.04942322530187167,0.0490360114509889,-0.0003872138508827644
afc847ee6f57cdd3998c87a28ec28dc72e4727dfb52a59da9d75a9ceddaf43ad,eval_mean_position_error_m,0.050022043267327815,0.049635985435658045,-0.0003860578316697699
144b4e262aecc77521ac9753478f586fff9f1344836b638c252f945830631a16,eval_mean_heading_error_deg,0.7391084292296345,0.7407231780056698,0.0016147487760352908
144b4e262aecc77521ac9753478f586fff9f1344836b638c252f945830631a16,eval_mean_position_error_m,0.00028287084948815046,0.0002834881961997808,6.173467116303371e-07
88599e4fd01b6ebae61cdc1dca2da7a6365a37e5af23fb159f8e7ce8fabc33d5,eval_mean_heading_error_deg,0.7391084292296345,0.7407231780056698,0.0016147487760352908
88599e4fd01b6ebae61cdc1dca2da7a6365a37e5af23fb159f8e7ce8fabc33d5,eval_mean_position_error_m,0.00028287084948815046,0.0002834881961997808,6.173467116303371e-07
3ed7d4876849b48c70e846f832c24122a4443bf2769e06a96e0e5a5636fc3c50,eval_mean_heading_error_deg,0.7615360454153272,0.7632524206924076,0.001716375277080462
3ed7d4876849b48c70e846f832c24122a4443bf2769e06a96e0e5a5636fc3c50,eval_mean_position_error_m,0.00032762098175099613,0.0003283587859624619,7.378042114657623e-07
8b72254223209b1d0ba5bcf605f0d627ce352df69bfbfcce535deb6fcd1f1fb3,eval_mean_heading_error_deg,3.209772028549874,3.216795373035278,0.007023344485403982
8b72254223209b1d0ba5bcf605f0d627ce352df69bfbfcce535deb6fcd1f1fb3,eval_mean_position_error_m,0.00028293721361035486,0.00028355614430775923,6.18930697404371e-07
30097b3695f32c7fddaa84443dde4ac7dd0b049535253fe98a1bbd29c5ebd5ea,eval_mean_heading_error_deg,1.1326912030904155,1.1350558612987487,0.0023646582083332035
30097b3695f32c7fddaa84443dde4ac7dd0b049535253fe98a1bbd29c5ebd5ea,eval_mean_position_error_m,0.0003088061120403793,0.00030945075041026535,6.446383698860349e-07
497b7c71c80f64d1b47d98ce13b3f015d314f22c9ac849479cf4e55fac78f9c2,eval_mean_heading_error_deg,1.556232803903823,1.5594681403337327,0.0032353364299098075
497b7c71c80f64d1b47d98ce13b3f015d314f22c9ac849479cf4e55fac78f9c2,eval_mean_position_error_m,0.00028833806088245366,0.0002889374424264531,5.993815439994101e-07
2d97cc221eea2bbab9611d3664b2c6b12a6bcb5d2da22c56952f36053960da36,eval_mean_heading_error_deg,17.031009775281753,17.059347464431532,0.02833768914977952
2d97cc221eea2bbab9611d3664b2c6b12a6bcb5d2da22c56952f36053960da36,eval_mean_position_error_m,0.07429094381100465,0.073998563096909,-0.00029238071409565247
13789c7f3cc1c9c92167d9178876f3f6083f7c0dfe48398f8f5ec70fb0ef5d47,eval_mean_position_error_m,0.05286785323256521,0.05248207600269277,-0.0003857772298724374
e379dc1a49f6af8f074482792e1c4d43f4f3daf768f75f2d407821c4300c667c,eval_mean_position_error_m,0.05286785323256521,0.05248207600269277,-0.0003857772298724374
99339e25a42c2c2703ee4164d47e01c4da6f7eb7c2105efb947e796682014d4d,eval_mean_position_error_m,0.05367511950627626,0.05329016872074719,-0.00038495078552906736
529e0209edc443ad731c3fc2b28ce3af55741c58d38c3211bd202c579891abc2,eval_mean_heading_error_deg,1.2701621391893163,1.2729171952590066,0.002755056069690287
529e0209edc443ad731c3fc2b28ce3af55741c58d38c3211bd202c579891abc2,eval_mean_position_error_m,0.0003764645770324931,0.0003772761426935182,8.115656610251033e-07
7e77c696443ca89d4bae1241b579af6a16c5efd8f620bbd035ae455bfc3ab359,eval_mean_heading_error_deg,1.2701621391893163,1.2729171952590066,0.002755056069690287
7e77c696443ca89d4bae1241b579af6a16c5efd8f620bbd035ae455bfc3ab359,eval_mean_position_error_m,0.0003764645770324931,0.0003772761426935182,8.115656610251033e-07
c6e1d9ec091b9bc6dfb2f108eb2dc1eded17a99953be038951930f774ac4deda,eval_mean_heading_error_deg,1.3186371363657559,1.3215886042036173,0.002951467837861488
c6e1d9ec091b9bc6dfb2f108eb2dc1eded17a99953be038951930f774ac4deda,eval_mean_position_error_m,0.00043607613406150775,0.00043704728787365295,9.71153812145205e-07
600a1de3a9f3a5762692a289b72509d5367cd2f7d4b5fed7eb1a0a68fda7f0fc,eval_mean_heading_error_deg,3.092600911045361,3.099364488856224,0.0067635778108630085
600a1de3a9f3a5762692a289b72509d5367cd2f7d4b5fed7eb1a0a68fda7f0fc,eval_mean_position_error_m,0.0003771115687666886,0.0003779344048103163,8.22836043627706e-07
d7810170069985b215a55e053aedad9e425e66a5dfcac65c4d5667df89e95a88,eval_mean_heading_error_deg,2.3648857621032815,2.369904938631366,0.005019176528084479
d7810170069985b215a55e053aedad9e425e66a5dfcac65c4d5667df89e95a88,eval_mean_position_error_m,0.0005253241919811639,0.0005264379988201222,1.113806838958344e-06
fbdd8337e58402da7ab67550841c3975706a25951d06033d016e7ab0f208e0c8,eval_mean_heading_error_deg,2.6568832289059516,2.6624981734367394,0.005614944530787813
fbdd8337e58402da7ab67550841c3975706a25951d06033d016e7ab0f208e0c8,eval_mean_position_error_m,0.00031927099693921713,0.0003199445453486887,6.735484094715603e-07
002d7d4175567464e4fa242062e6b92980eebdfad6115202fd69887c31241cae,eval_mean_heading_error_deg,18.58353989289695,18.615088713029188,0.0315488201322367
002d7d4175567464e4fa242062e6b92980eebdfad6115202fd69887c31241cae,eval_mean_position_error_m,0.08358038058265795,0.0832977983272494,-0.000282582255408545
80ad8280c5b50309851c92240883ef96e23271665bb6df89bb2b50647b254ee6,eval_mean_position_error_m,0.06252047183263733,0.06214399658534699,-0.00037647524729033516
7bcb9571dabd7b46391be952cfbf0fd934a621fad609232b4dd702e3e0f5933f,eval_mean_position_error_m,0.06252047183263733,0.06214399658534699,-0.00037647524729033516
b6dcead72a8adb06137662582d1a928a32270522f97f7fa9468eccb16f3de3b7,eval_mean_position_error_m,0.062248375052444495,0.061872862318473096,-0.000375512733971399
5481bee9a59a49fa64bf459dd1c0e80be0b90d2cc9d66bd26f286344788a47ea,eval_mean_heading_error_deg,2.6446698378904108,2.6502103671976447,0.005540529307233921
5481bee9a59a49fa64bf459dd1c0e80be0b90d2cc9d66bd26f286344788a47ea,eval_mean_position_error_m,0.0005565341523878107,0.0005576614591937527,1.127306805941944e-06
b8fcaf8d0c9de237129f7e7d73625e2071db54902acef9c2e0bc67a853e33af3,eval_mean_heading_error_deg,2.6446698378904108,2.6502103671976447,0.005540529307233921
b8fcaf8d0c9de237129f7e7d73625e2071db54902acef9c2e0bc67a853e33af3,eval_mean_position_error_m,0.0005565341523878107,0.0005576614591937527,1.127306805941944e-06
7586c0b66c8b49d6effe705b940aa2f9347a233e04bf2594ff5137ae5b835b2e,eval_mean_heading_error_deg,2.61551233689837,2.6211883900515316,0.005676053153161664
7586c0b66c8b49d6effe705b940aa2f9347a233e04bf2594ff5137ae5b835b2e,eval_mean_position_error_m,0.000594600791646668,0.0005958514484290138,1.2506567823457977e-06
23b71e5c9f35a4cd75a171b965529ca1dadb051ad25cdc4cc62b70473745bd14,eval_mean_heading_error_deg,4.794385401817971,4.804813408880078,0.010428007062106559
23b71e5c9f35a4cd75a171b965529ca1dadb051ad25cdc4cc62b70473745bd14,eval_mean_position_error_m,0.0005629139169220383,0.0005641158700803651,1.2019531583268338e-06
e35442cf28445c1d4c363dbee0764b8bab57c382065d9d86215a4b8bd6ebecae,eval_mean_heading_error_deg,4.873503261935541,4.884061413403011,0.01055815146747019
e35442cf28445c1d4c363dbee0764b8bab57c382065d9d86215a4b8bd6ebecae,eval_mean_position_error_m,0.0005909530926734698,0.0005922118039633208,1.258711289850987e-06
31ad284dc345da74a54afbcb4ed8650c05253f44bf8314e39351b0b08d9770e9,eval_mean_heading_error_deg,4.70680611737554,4.717021868519118,0.010215751143578089
31ad284dc345da74a54afbcb4ed8650c05253f44bf8314e39351b0b08d9770e9,eval_mean_position_error_m,0.0005432282750232353,0.0005443850491193896,1.1567740961543511e-06
2178d8af105510bb3dc6ea8f6599aab757d82c7bd57bd44cf492fcc18462de51,eval_mean_heading_error_deg,36.80754656093295,36.80270496092717,-0.004841600005775604
2178d8af105510bb3dc6ea8f6599aab757d82c7bd57bd44cf492fcc18462de51,eval_mean_position_error_m,0.056796071606838604,0.05669525810643771,-0.00010081350040089254
0fe6fc0cb087022bfad93cdee993c992038f375cde28fe3be9331b5742f713d7,eval_mean_position_error_m,0.09785586434638936,0.09765929569560593,-0.00019656865078343522
2e3714e31e4d051123a81b054ae108893239c98eb82eb4190d1cb33575b912be,eval_mean_position_error_m,0.09785586434638936,0.09765929569560593,-0.00019656865078343522
71a6e9eda6bc627d55837a4b20ad0fec245198b88965de62423aab347c1ddd18,eval_mean_position_error_m,0.08623300956766274,0.0860189350703403,-0.00021407449732244177
3f5018ac2e010049794ad3b9f3905c47aa1f2f4c66fecb999308250d952db41c,eval_mean_heading_error_deg,1.9076557199517648,1.9112956739545408,0.003639954002776058
3f5018ac2e010049794ad3b9f3905c47aa1f2f4c66fecb999308250d952db41c,eval_mean_position_error_m,0.014383145682078595,0.014410530172334334,2.7384490255738872e-05
c71ecbdeebca0a9244c4a571fe79809244e954da3b87f85adc48294d0023f837,eval_mean_heading_error_deg,1.9076557199517648,1.9112956739545408,0.003639954002776058
c71ecbdeebca0a9244c4a571fe79809244e954da3b87f85adc48294d0023f837,eval_mean_position_error_m,0.014383145682078595,0.014410530172334334,2.7384490255738872e-05
d7f7193c1f64a5a3170902828894e606cd0a0deb70b78f96ec9d07093742ddb7,eval_mean_heading_error_deg,0.8577045716413689,0.8592337456245117,0.0015291739831427842
d7f7193c1f64a5a3170902828894e606cd0a0deb70b78f96ec9d07093742ddb7,eval_mean_position_error_m,0.0011949120630245827,0.001197046996706276,2.1349336816931484e-06
49e3d98633bf75c5c89671c38a67fcf98361948f8d3123508596d7de1d630991,eval_mean_heading_error_deg,14.553191840953044,14.57108879910719,0.017896958154146603
49e3d98633bf75c5c89671c38a67fcf98361948f8d3123508596d7de1d630991,eval_mean_position_error_m,0.0648088023778602,0.06488773073609858,7.89283582383754e-05
f6246314820a62bc191183fb1405fed96e7a0c46079820138f055ff81a324e31,eval_mean_heading_error_deg,20.21983493902055,20.2481174099597,0.028282470939149817
f6246314820a62bc191183fb1405fed96e7a0c46079820138f055ff81a324e31,eval_mean_position_error_m,0.019922943629813096,0.019948751694748638,2.5808064935541747e-05
0c94d4896e18a1a13e7aec54b1a30870f3502b8cc4de7012681979b88c6a6e97,eval_mean_heading_error_deg,6.049070156759979,6.058748400179815,0.009678243419836363
0c94d4896e18a1a13e7aec54b1a30870f3502b8cc4de7012681979b88c6a6e97,eval_mean_position_error_m,0.005529450827542086,0.005538297567856263,8.846740314177003e-06
e48b15436478d21be73c454c7e8817dbe914fe20d9d23a5605fcdc5bf79f381c,eval_mean_heading_error_deg,26.21897095427094,26.244930327074034,0.025959372803093572
e48b15436478d21be73c454c7e8817dbe914fe20d9d23a5605fcdc5bf79f381c,eval_mean_position_error_m,0.07194853842694697,0.07177224369927833,-0.00017629472766864107
bd4f2fed5b54969ec2f3b925dd0e4f6047a6349fe07c472f6c79eca83ec54951,eval_mean_position_error_m,0.06205961256349062,0.061717902767637826,-0.00034170979585279593
b4a88dc6cb9ca6410604568418050f91321ecbbe3a3d543bd5a6cadd771b9792,eval_mean_position_error_m,0.06205961256349062,0.061717902767637826,-0.00034170979585279593
1847ae91f01877762a2b6479c43299892227c3fe9d4d0db06b469ffb1d2f3886,eval_mean_position_error_m,0.058208686347367984,0.05788580534785429,-0.00032288099951369165
17036362e760b7847ac0d51c7c7c4f11d9b4f751df61308c5cc8119b20a56882,eval_mean_heading_error_deg,0.622735844906503,0.6240530008179367,0.001317155911433665
17036362e760b7847ac0d51c7c7c4f11d9b4f751df61308c5cc8119b20a56882,eval_mean_position_error_m,0.0002739065752078539,0.0002744854388871603,5.788636793063978e-07
6d8e78f3c4da073cac966535b38ba2617574a224a92beeb4011af915faec3d0c,eval_mean_heading_error_deg,0.622735844906503,0.6240530008179367,0.001317155911433665
6d8e78f3c4da073cac966535b38ba2617574a224a92beeb4011af915faec3d0c,eval_mean_position_error_m,0.0002739065752078539,0.0002744854388871603,5.788636793063978e-07
6af6fd98b63277dd8ace00fc0a76f8afabc840a7a0f30a8348a05126b0ba43e9,eval_mean_heading_error_deg,0.6458530860464345,0.6472549630284583,0.0014018769820237642
6af6fd98b63277dd8ace00fc0a76f8afabc840a7a0f30a8348a05126b0ba43e9,eval_mean_position_error_m,0.0011073346735733,0.0011097383142612827,2.403640687982699e-06
eeb8e1ce3e702ffe7b4348a32b1c82f47a3ca799efd549988bb6a4d9074cda92,eval_mean_heading_error_deg,5.8689393093692885,5.881370159869149,0.012430850499860036
eeb8e1ce3e702ffe7b4348a32b1c82f47a3ca799efd549988bb6a4d9074cda92,eval_mean_position_error_m,0.0003724718126912142,0.00037325941269249414,7.8760000127992e-07
124192b701068c72b5c2a50eea6871ef2b830ecc43c127292685c5bc979c1055,eval_mean_heading_error_deg,3.3738942176750135,3.3805077252307645,0.006613507555750964
124192b701068c72b5c2a50eea6871ef2b830ecc43c127292685c5bc979c1055,eval_mean_position_error_m,0.00102169605244723,0.0010236982922692164,2.0022398219863517e-06
892cde438c067f71d7514868823da8a5f5c8f82ebe86248a75898f92ecb36434,eval_mean_heading_error_deg,1.1341597253615063,1.1363199483788111,0.0021602230173047854
892cde438c067f71d7514868823da8a5f5c8f82ebe86248a75898f92ecb36434,eval_mean_position_error_m,0.0007109074859324775,0.0007122615901851237,1.3541042526461896e-06
8e0fc43a06a64d71b9b2062c42007a34bf129a5cae588a4612836a6cc016ba24,eval_mean_heading_error_deg,18.401779533747526,18.4273019844492,0.02552245070167558
8e0fc43a06a64d71b9b2062c42007a34bf129a5cae588a4612836a6cc016ba24,eval_mean_position_error_m,0.06588533183785086,0.06562996409411889,-0.00025536774373197124
f24cc9c6b20a488cdfd4e6b569c4b0c40e78bcdae0ea5e57328e3181e8b1a1b1,eval_mean_position_error_m,0.05220302342373989,0.05182840793774254,-0.0003746154859973483
5ec923ccb5aab4ecb096d99762f39d30975f3bd838139bd8d760383f93970b74,eval_mean_position_error_m,0.05220302342373989,0.05182840793774254,-0.0003746154859973483
df4ccc2c4dce983f964697698c977d00ade2572ee8982a810259f3521d48cf43,eval_mean_position_error_m,0.052293984597192554,0.05191954138614011,-0.0003744432110524415
fdcb77239c46208e311818cc7faae670102232b573246f05212d75d86a03ab42,eval_mean_heading_error_deg,0.7297600962729219,0.7313371349132867,0.0015770386403647363
fdcb77239c46208e311818cc7faae670102232b573246f05212d75d86a03ab42,eval_mean_position_error_m,0.0002798160875440982,0.0002804201409640645,6.04053419966282e-07
4882fa6ca40e565c4b536d341dbe3955b16e703c0d6ca9794b25948e95f712be,eval_mean_heading_error_deg,0.7297600962729219,0.7313371349132867,0.0015770386403647363
4882fa6ca40e565c4b536d341dbe3955b16e703c0d6ca9794b25948e95f712be,eval_mean_position_error_m,0.0002798160875440982,0.0002804201409640645,6.04053419966282e-07
eaedbf51627097b20a7862e0d5ce073d7a0330e6be66ac352b6465e1a7bc2af6,eval_mean_heading_error_deg,0.7524444010985037,0.7541213161992316,0.0016769151007278715
eaedbf51627097b20a7862e0d5ce073d7a0330e6be66ac352b6465e1a7bc2af6,eval_mean_position_error_m,0.00036428505356194925,0.0003650964214392072,8.11367877257929e-07
ccfcf10dd9fcf9efefd737f2acf8f1796855de6700c3e2a676191d2bc78b5011,eval_mean_heading_error_deg,3.726479852426373,3.7345456566662305,0.008065804239857588
ccfcf10dd9fcf9efefd737f2acf8f1796855de6700c3e2a676191d2bc78b5011,eval_mean_position_error_m,0.00027988312032876635,0.0002804887684995493,6.056481707829276e-07
1c851191346c5627b8d581f15fdb2127442d569a521b20377eb9157c0cb0fce4,eval_mean_heading_error_deg,0.8619420148417798,0.8637009967927143,0.0017589819509344906
1c851191346c5627b8d581f15fdb2127442d569a521b20377eb9157c0cb0fce4,eval_mean_position_error_m,0.00037746716003835457,0.0003782374732678793,7.703132295247095e-07
6e61d6a2a09c3f66941e96907f2a0eee8b952136df12f861adafbbc70a9b09e2,eval_mean_heading_error_deg,1.3305783324346554,1.3332882278886067,0.002709895453951283
6e61d6a2a09c3f66941e96907f2a0eee8b952136df12f861adafbbc70a9b09e2,eval_mean_position_error_m,0.0004332692341166091,0.0004341515831254591,8.823490088499873e-07
70cbf8283f91116c21bf0924488b4040d1743077781a164c80ca3495ab586bd2,eval_mean_heading_error_deg,16.791498151985206,16.818364542506604,0.026866390521398387
70cbf8283f91116c21bf0924488b4040d1743077781a164c80ca3495ab586bd2,eval_mean_position_error_m,0.06945458631021935,0.06916570379318526,-0.0002888825170340864
645a90dc9483de1c2ca9c995dd0a5a2c83698b8bf507602aab6e41be2178c906,eval_mean_position_error_m,0.04942322530187167,0.0490360114509889,-0.0003872138508827644
ea1a2a23a91adee83db608f2481cf5081fd952846e38792cbce23b1f0d880889,eval_mean_position_error_m,0.04942322530187167,0.0490360114509889,-0.0003872138508827644
efae6a23d43660e461147137b9925bdcf7864eeb46fc32c076e531c452dd1802,eval_mean_position_error_m,0.050022043267327815,0.049635985435658045,-0.0003860578316697699
1212cdecf0d4e46e120cfe750116ce91d714cd953d4cb3723123e1017a99ddd4,eval_mean_heading_error_deg,0.7391084292296345,0.7407231780056698,0.0016147487760352908
1212cdecf0d4e46e120cfe750116ce91d714cd953d4cb3723123e1017a99ddd4,eval_mean_position_error_m,0.00028287084948815046,0.0002834881961997808,6.173467116303371e-07
4e6d508ced4fd437177ee0dfeaac319f93b3e6e93081503d42bf57fc942df873,eval_mean_heading_error_deg,0.7391084292296345,0.7407231780056698,0.0016147487760352908
4e6d508ced4fd437177ee0dfeaac319f93b3e6e93081503d42bf57fc942df873,eval_mean_position_error_m,0.00028287084948815046,0.0002834881961997808,6.173467116303371e-07
92da60967a1b8b889debfe89b81dcca7304f3bcdcdd24cbf56de3ff927dad5bd,eval_mean_heading_error_deg,0.7615360454153272,0.7632524206924076,0.001716375277080462
92da60967a1b8b889debfe89b81dcca7304f3bcdcdd24cbf56de3ff927dad5bd,eval_mean_position_error_m,0.00032762098175099613,0.0003283587859624619,7.378042114657623e-07
ce67027369e06f521de796765793a32819a23aa7c9d8cf44365979d8e2a74cfe,eval_mean_heading_error_deg,3.209772028549874,3.216795373035278,0.007023344485403982
ce67027369e06f521de796765793a32819a23aa7c9d8cf44365979d8e2a74cfe,eval_mean_position_error_m,0.00028293721361035486,0.00028355614430775923,6.18930697404371e-07
853f9a3ad73367c54e6dea3e5d1a5dc1e66ebb707892f54895140824b90c8b2d,eval_mean_heading_error_deg,1.1326912030904155,1.1350558612987487,0.0023646582083332035
853f9a3ad73367c54e6dea3e5d1a5dc1e66ebb707892f54895140824b90c8b2d,eval_mean_position_error_m,0.0003088061120403793,0.00030945075041026535,6.446383698860349e-07
34a3d26c0fb39a162cde8ca4f39d4137a25d95b18c1a5a693ae73405737619b4,eval_mean_heading_error_deg,1.556232803903823,1.5594681403337327,0.0032353364299098075
34a3d26c0fb39a162cde8ca4f39d4137a25d95b18c1a5a693ae73405737619b4,eval_mean_position_error_m,0.00028833806088245366,0.0002889374424264531,5.993815439994101e-07
68f6980c5201ee758f4077ebac5d758e4d72f3e21c01267354029cc8896f4660,eval_mean_heading_error_deg,15.535311026578194,15.56218860899351,0.02687758241531668
68f6980c5201ee758f4077ebac5d758e4d72f3e21c01267354029cc8896f4660,eval_mean_position_error_m,0.07037277845105797,0.07006199572718948,-0.0003107827238684885
0d475e377c09a76fbe7dd7e8461a345e5b42b8d7b37ba74ba6965d078e64f906,eval_mean_position_error_m,0.04611149279342437,0.04571092598146004,-0.0004005668119643341
a272de3bae889ac132cde979b2e6b31970c32c95c7ad509556cfeb017f18d7b6,eval_mean_position_error_m,0.04611149279342437,0.04571092598146004,-0.0004005668119643341
42613e87dfc8c91092262bab2c2048c14911b3a320190e7d17ff366726d1c509,eval_mean_position_error_m,0.046482986249247474,0.04608236220624793,-0.00040062404299954363
f33d8cf82abfe27bad521556d1b9dd662b7ec863c52e56fdb00d99abeb8dd2fd,eval_mean_heading_error_deg,0.7473115790932295,0.7489623386965016,0.0016507596032721006
f33d8cf82abfe27bad521556d1b9dd662b7ec863c52e56fdb00d99abeb8dd2fd,eval_mean_position_error_m,0.0002859930443360599,0.00028662412761523237,6.310832791724726e-07
f150897f2cd1b161df03ecd7936254f53c2a6472147a6501948b665572c1d153,eval_mean_heading_error_deg,0.7473115790932295,0.7489623386965016,0.0016507596032721006
f150897f2cd1b161df03ecd7936254f53c2a6472147a6501948b665572c1d153,eval_mean_position_error_m,0.0002859930443360599,0.00028662412761523237,6.310832791724726e-07
81959f9a5a1a19b76efdf0536897f798c0ad5d692b2f1a2490ea13a6dcc992ca,eval_mean_heading_error_deg,0.7690847655714387,0.7708379687212207,0.001753203149782001
81959f9a5a1a19b76efdf0536897f798c0ad5d692b2f1a2490ea13a6dcc992ca,eval_mean_position_error_m,0.0003313555969102071,0.0003321103500860475,7.547531758403804e-07
bdacb1e4f3bd9b148fa2ae6c6df5a114dd17fa614b31d18f7486f1bae95d6a90,eval_mean_heading_error_deg,2.742736291930814,2.74880410496973,0.0060678130389160145
bdacb1e4f3bd9b148fa2ae6c6df5a114dd17fa614b31d18f7486f1bae95d6a90,eval_mean_position_error_m,0.00028606146969594116,0.0002866941914766628,6.327217807216472e-07
009301ec7511179fda00222ea17c75b232b497f506fce28fb92b3e5a04731ec8,eval_mean_heading_error_deg,1.6286237471239637,1.6320962157357264,0.003472468611762647
009301ec7511179fda00222ea17c75b232b497f506fce28fb92b3e5a04731ec8,eval_mean_position_error_m,0.0002662099587477128,0.0002667774994400384,5.675406923256392e-07
7beebb606459fc5a85f7b0a8d88700e438796c22a7be5f52f3bec77e6741945b,eval_mean_heading_error_deg,1.6732138482504286,1.6767512174219905,0.0035373691715618882
7beebb606459fc5a85f7b0a8d88700e438796c22a7be5f52f3bec77e6741945b,eval_mean_position_error_m,0.0002193883070003352,0.00021985205964854908,4.637526482138799e-07
a7f890785de9923b8dcca47921f7c249d641d51edeebaa3556caf83feacf1971,eval_mean_heading_error_deg,15.657525702980317,15.68518900550217,0.02766330252185334
a7f890785de9923b8dcca47921f7c249d641d51edeebaa3556caf83feacf1971,eval_mean_position_error_m,0.06995361478374239,0.0696355024959667,-0.00031811228777568756
7bdd87bcff85662b9f4cb3f9ab805eb3d154af37ffb5133e239145375cef0687,eval_mean_position_error_m,0.04441092577509366,0.044003010945086914,-0.00040791483000674617
0e7923d3473fa9d633e857b513bc1239d37f34111f7e8237c24d75672e7ecef9,eval_mean_position_error_m,0.04441092577509366,0.044003010945086914,-0.00040791483000674617
238afb6900fb138f5e7a656a639abf40d7b4cf0ca9bbb656a239a8c81b4b4561,eval_mean_position_error_m,0.04430862046910013,0.04390211576629032,-0.0004065047028098054
117637ac3a162a2b3cdd7eb25c103fc45a4486363ec2383e3be7adbaa3242764,eval_mean_heading_error_deg,0.7510288071723641,0.7526952235281942,0.0016664163558300915
117637ac3a162a2b3cdd7eb25c103fc45a4486363ec2383e3be7adbaa3242764,eval_mean_position_error_m,0.00028726293357761527,0.0002878996775863438,6.36744008728526e-07
14ba5d5293844d459ae549a3e53a82b88dfcdcd5b38472e2620418a2c6bea7a1,eval_mean_heading_error_deg,0.7510288071723641,0.7526952235281942,0.0016664163558300915
14ba5d5293844d459ae549a3e53a82b88dfcdcd5b38472e2620418a2c6bea7a1,eval_mean_position_error_m,0.00028726293357761527,0.0002878996775863438,6.36744008728526e-07
d6690e8d0d1a2030c88db892d938b145c3d60f8466bae2fb976e3e81a5281ae0,eval_mean_heading_error_deg,0.7775627951653975,0.7793435534266591,0.0017807582612615613
d6690e8d0d1a2030c88db892d938b145c3d60f8466bae2fb976e3e81a5281ae0,eval_mean_position_error_m,0.0003328739517919928,0.0003336356894428439,7.617376508511019e-07
57d0a7cc501788dae714114ed2e6d8af854dc72b9f91ab65b1d822e686ca3411,eval_mean_heading_error_deg,2.595894482962171,2.6016629737742276,0.005768490812056548
57d0a7cc501788dae714114ed2e6d8af854dc72b9f91ab65b1d822e686ca3411,eval_mean_position_error_m,0.0002873308437675592,0.000287969217805528,6.383740379688001e-07
f97d7f300dfdf03695290f2a03a2eb3a7253b1a8a9c47efb6fbc08f9cd4ac540,eval_mean_heading_error_deg,1.812981201766904,1.8168884085512647,0.003907206784360628
f97d7f300dfdf03695290f2a03a2eb3a7253b1a8a9c47efb6fbc08f9cd4ac540,eval_mean_position_error_m,0.00025334978894284344,0.0002538957292829785,5.459403401350386e-07
9d883bfd18b3f4970b4c3c53873de3268a602ac097f844aa54ad4af71a3209c6,eval_mean_heading_error_deg,1.7994407943741633,1.8033104751032838,0.003869680729120528
9d883bfd18b3f4970b4c3c53873de3268a602ac097f844aa54ad4af71a3209c6,eval_mean_position_error_m,0.00023180196968333993,0.00023230039496808128,4.984252847413503e-07
22bbc49560da90fb2d89f07c157da06dc07dd52f98fb496d23dcf424bf36805b,eval_mean_heading_error_deg,52.27597317190007,52.28431496207759,0.008341790177517794
22bbc49560da90fb2d89f07c157da06dc07dd52f98fb496d23dcf424bf36805b,eval_mean_position_error_m,0.03289331311535605,0.0328300696273656,-6.324348799045115e-05
162986de64d4a54ec9dc3909e406da2a7103141b99b259ff7d0c9e63b8a0b8a2,eval_mean_position_error_m,0.04942322530187167,0.0490360114509889,-0.0003872138508827644
b60b5c06e64a4cdb7ad2c7bf4d2158404e2ca85de188a5fb9d853e994d42ad51,eval_mean_position_error_m,0.04942322530187167,0.0490360114509889,-0.0003872138508827644
90f24b050bf3ef8b7dc6f1b2bf7fcd850362e2a24f77a0af9fbce8dda9001dc3,eval_mean_position_error_m,0.050022043267327815,0.049635985435658045,-0.0003860578316697699
37ed132b2fb5dbf4533a74497de1e8a979f5195e2d6276972ce9b03b089a70d4,eval_mean_heading_error_deg,2.504894597760484,2.5102878060355622,0.005393208275078276
37ed132b2fb5dbf4533a74497de1e8a979f5195e2d6276972ce9b03b089a70d4,eval_mean_position_error_m,0.0003251259339951977,0.0003258117046821934,6.857706869957186e-07
42d0fe708a4b243673920401e5e44de0ab3dd2353103ce45723c4338a683f30d,eval_mean_heading_error_deg,2.504894597760484,2.5102878060355622,0.005393208275078276
42d0fe708a4b243673920401e5e44de0ab3dd2353103ce45723c4338a683f30d,eval_mean_position_error_m,0.0003251259339951977,0.0003258117046821934,6.857706869957186e-07
ca41df80f26d08f7770c82659876c3220aca1402f9a15e5bd9392777f8434c3e,eval_mean_heading_error_deg,1.412711687499101,1.415480347018159,0.0027686595190579144
ca41df80f26d08f7770c82659876c3220aca1402f9a15e5bd9392777f8434c3e,eval_mean_position_error_m,0.0011946435055217215,0.0011969882336841707,2.344728162449218e-06
3656bc24683e0ef2f06c94e2809ff9e36ce7fc5faa0fe5ba2161ee8c1baa11ec,eval_mean_heading_error_deg,20.749037425270025,20.791646801898658,0.042609376628632845
3656bc24683e0ef2f06c94e2809ff9e36ce7fc5faa0fe5ba2161ee8c1baa11ec,eval_mean_position_error_m,0.0004799011601435021,0.000480097168254237,1.960081107348988e-07
3cb45b904fbd756955b5ba474c932a4c9122612e6b22eb160413f9e37528337d,eval_mean_heading_error_deg,15.304365546219143,15.328518102433993,0.02415255621484924
3cb45b904fbd756955b5ba474c932a4c9122612e6b22eb160413f9e37528337d,eval_mean_position_error_m,0.0007127465887125248,0.0007137306373552597,9.84048642734903e-07
f923b8db478d1da47ca3ba3d4db26ee0532ab35e3b519ee8f324f9befff8487d,eval_mean_heading_error_deg,9.185619769976956,9.198376386339692,0.012756616362736395
f923b8db478d1da47ca3ba3d4db26ee0532ab35e3b519ee8f324f9befff8487d,eval_mean_position_error_m,0.005144373822722608,0.005151518685149032,7.144862426424273e-06
366a42f5bb1f9f97d7375c3631760b64e98265ab8af5f4b39ec8dc4d261882fe,eval_mean_heading_error_deg,21.935850984859833,21.957398626431843,0.021547641572009724
366a42f5bb1f9f97d7375c3631760b64e98265ab8af5f4b39ec8dc4d261882fe,eval_mean_position_error_m,0.05541112351760887,0.055219969831551544,-0.00019115368605732846
ce576dfb1573476ae077b81843a88821d5204e4c279e31f78537e1e038be2b92,eval_mean_position_error_m,0.04942322530187167,0.0490360114509889,-0.0003872138508827644
8e1f939b789d9787cd50e8a63fdb98b3cfe5f5cc2b18f246504aa894526c2683,eval_mean_position_error_m,0.04942322530187167,0.0490360114509889,-0.0003872138508827644
0514a9a9980a495bfc839e92db76a8e7368eb1aefc5120ceaf57a2285b15ee8a,eval_mean_position_error_m,0.050022043267327815,0.049635985435658045,-0.0003860578316697699
cca53a3a72b92a017d5c55333b9ba211f3658c759bcae41b26064bf4d577af8e,eval_mean_heading_error_deg,0.6431311236698205,0.6445361408885514,0.0014050172187308752
cca53a3a72b92a017d5c55333b9ba211f3658c759bcae41b26064bf4d577af8e,eval_mean_position_error_m,0.0002828773145705567,0.0002834948077784239,6.174932078672449e-07
892e6a638d4bb8e9794b85d8cab199ba5d5357cccf47c7dbb8fe87974ea14069,eval_mean_heading_error_deg,0.6431311236698205,0.6445361408885514,0.0014050172187308752
892e6a638d4bb8e9794b85d8cab199ba5d5357cccf47c7dbb8fe87974ea14069,eval_mean_position_error_m,0.0002828773145705567,0.0002834948077784239,6.174932078672449e-07
f996ee36d0d632679f88116913f23e9bb60683c24ea07f9445dac017c7a3b297,eval_mean_heading_error_deg,0.652735429208649,0.6542000624996684,0.0014646332910194237
f996ee36d0d632679f88116913f23e9bb60683c24ea07f9445dac017c7a3b297,eval_mean_position_error_m,0.00040242368334920904,0.0004033260011838135,9.02317834604446e-07
316ec059de051613d0c0360ecfe7139b8ab90256af17fc5c150ec0433a48719d,eval_mean_heading_error_deg,6.061153478890114,6.074412944109926,0.013259465219811695
316ec059de051613d0c0360ecfe7139b8ab90256af17fc5c150ec0433a48719d,eval_mean_position_error_m,0.00030991161454808116,0.0003105881266280325,6.765120799513235e-07
2fa7969c18a33657d08242c8f34e48c5ae386d1e72dc1bcefac7307a69c98787,eval_mean_heading_error_deg,2.4861910872785313,2.491232448397984,0.0050413611194528585
2fa7969c18a33657d08242c8f34e48c5ae386d1e72dc1bcefac7307a69c98787,eval_mean_position_error_m,0.0003360662252159731,0.0003367469798165717,6.807546005986142e-07
03e0ecab2d8e4e0d801ddf9ab01b370810c0377b857f1d057ebde76a09b93a0c,eval_mean_heading_error_deg,2.1208382846169345,2.124854863072306,0.004016578455371622
03e0ecab2d8e4e0d801ddf9ab01b370810c0377b857f1d057ebde76a09b93a0c,eval_mean_position_error_m,0.0015728627702140505,0.0015758415890019238,2.9788187878732747e-06
04c50f1101ff2228b30d428050dac97fd19a6e05c8de2d46f3d98b0e15f0fe98,eval_mean_heading_error_deg,16.791498151985206,16.818364542506604,0.026866390521398387
04c50f1101ff2228b30d428050dac97fd19a6e05c8de2d46f3d98b0e15f0fe98,eval_mean_position_error_m,0.06945458631021935,0.06916570379318526,-0.0002888825170340864
fda0962779fe7c16c94e18a0de437c5ade8c49d45b1ca883736c347c80d3dce8,eval_mean_position_error_m,0.04942322530187167,0.0490360114509889,-0.0003872138508827644
cb073a3fb9ab71579085ce8a365094a5520fa49e0426213dc98d280f1669be40,eval_mean_position_error_m,0.04942322530187167,0.0490360114509889,-0.0003872138508827644
9e8df6474a094335dddb79cbfc64d833cc581d87f932674a8ec046c054ebcd48,eval_mean_position_error_m,0.050022043267327815,0.049635985435658045,-0.0003860578316697699
7929ebd448510c7d79aff595a862f6206235a04c40c787a7555d10efb3635e56,eval_mean_heading_error_deg,0.7391084292296345,0.7407231780056698,0.0016147487760352908
7929ebd448510c7d79aff595a862f6206235a04c40c787a7555d10efb3635e56,eval_mean_position_error_m,0.00028287084948815046,0.0002834881961997808,6.173467116303371e-07
761a28edaa08762f41c188689e49fdc5d5710c1c4aaa25ee912e5821c92be1e9,eval_mean_heading_error_deg,0.7391084292296345,0.7407231780056698,0.0016147487760352908
761a28edaa08762f41c188689e49fdc5d5710c1c4aaa25ee912e5821c92be1e9,eval_mean_position_error_m,0.00028287084948815046,0.0002834881961997808,6.173467116303371e-07
827d3c1e6318a87179a81909ae3b4249aa6a0ad430d4a6068c439da69c069390,eval_mean_heading_error_deg,0.7615360454153272,0.7632524206924076,0.001716375277080462
827d3c1e6318a87179a81909ae3b4249aa6a0ad430d4a6068c439da69c069390,eval_mean_position_error_m,0.00032762098175099613,0.0003283587859624619,7.378042114657623e-07
7b06724654a0809a55c242531581ae4cb80fb96827152dae89316b3f2e72bcb8,eval_mean_heading_error_deg,3.209772028549874,3.216795373035278,0.007023344485403982
7b06724654a0809a55c242531581ae4cb80fb96827152dae89316b3f2e72bcb8,eval_mean_position_error_m,0.00028293721361035486,0.00028355614430775923,6.18930697404371e-07
7b1a27ce319cf00205165075276be085e40d72faf61759b541430d1c57b92344,eval_mean_heading_error_deg,1.1326912030904155,1.1350558612987487,0.0023646582083332035
7b1a27ce319cf00205165075276be085e40d72faf61759b541430d1c57b92344,eval_mean_position_error_m,0.0003088061120403793,0.00030945075041026535,6.446383698860349e-07
f221ab060d633cf0e570e1135dbc01923ad2cb2f357a5f777bfadcf35ac56eab,eval_mean_heading_error_deg,1.556232803903823,1.5594681403337327,0.0032353364299098075
f221ab060d633cf0e570e1135dbc01923ad2cb2f357a5f777bfadcf35ac56eab,eval_mean_position_error_m,0.00028833806088245366,0.0002889374424264531,5.993815439994101e-07
b9f902c990a65251889bdf68e4bcc1d651a935abefb0476ce49c9846ee1a0682,eval_mean_heading_error_deg,14.56518516084432,14.59105573656154,0.02587057571721907
b9f902c990a65251889bdf68e4bcc1d651a935abefb0476ce49c9846ee1a0682,eval_mean_position_error_m,0.0711443394891103,0.07082664647080159,-0.00031769301830870955
bf9dae646264b4a0f705b24f3694a05620b948649a8a063dd335332abcc2525b,eval_mean_position_error_m,0.04942322530187167,0.0490360114509889,-0.0003872138508827644
82fbe84443920efba72a0b3af77db6ad5779404a54ecb5c58994ece362a8d8bf,eval_mean_position_error_m,0.04942322530187167,0.0490360114509889,-0.0003872138508827644
161d0bc20db331d911f84ade5f69b959143c0520fa1327cd7e6e12209436802d,eval_mean_position_error_m,0.050022043267327815,0.049635985435658045,-0.0003860578316697699
8221cb292c27f625972e91f2c6e3e34da2bc59397dc85e6b3ca8c29dbd4db864,eval_mean_heading_error_deg,0.7391531557406834,0.7407680023869121,0.0016148466462286848
8221cb292c27f625972e91f2c6e3e34da2bc59397dc85e6b3ca8c29dbd4db864,eval_mean_position_error_m,0.0002828708495288977,0.00028348819624088637,6.173467119886659e-07
734cb8ed3b2fc35d8ec8553ff117b1c6f401eb4a8960892cc2af9e7812783f8e,eval_mean_heading_error_deg,0.7391531557406834,0.7407680023869121,0.0016148466462286848
734cb8ed3b2fc35d8ec8553ff117b1c6f401eb4a8960892cc2af9e7812783f8e,eval_mean_position_error_m,0.0002828708495288977,0.00028348819624088637,6.173467119886659e-07
e41f1490c057d88e5b4abfee29344c607b489831a269b2ff19033326c96239d4,eval_mean_heading_error_deg,0.7604239010942829,0.7621377659139834,0.0017138648197004835
e41f1490c057d88e5b4abfee29344c607b489831a269b2ff19033326c96239d4,eval_mean_position_error_m,0.0003276241149630201,0.00032836192627017785,7.378113071577434e-07
a0a763bef467778dab852904354a07f6e65e4e620a8e8ed0634b95e0ed3a6414,eval_mean_heading_error_deg,2.567723198329897,2.573341681619094,0.005618483289197229
a0a763bef467778dab852904354a07f6e65e4e620a8e8ed0634b95e0ed3a6414,eval_mean_position_error_m,0.0002829390996777287,0.00028355808095808165,6.189812803529537e-07
a96aa6db9832eb1c4903096fca0a56c5130da57ed24bb60a12c568b690a0ee79,eval_mean_heading_error_deg,1.7042213293277517,1.7078242620028259,0.0036029326750741664
a96aa6db9832eb1c4903096fca0a56c5130da57ed24bb60a12c568b690a0ee79,eval_mean_position_error_m,0.00033303177059272864,0.00033373578253754154,7.040119448128946e-07
4381358545a7e678d2ec9aa4414d853f78ffcbb05fcbab060be3ce59c76dcd01,eval_mean_heading_error_deg,1.7326795647414241,1.7363349299332023,0.003655365191778115
4381358545a7e678d2ec9aa4414d853f78ffcbb05fcbab060be3ce59c76dcd01,eval_mean_position_error_m,0.00023255241766667,0.00023304296732117011,4.905496545001007e-07
eea1a2f1280e45931ed38385a54ba99d9fc178d84030c0118cf7c505514ce2a2,eval_mean_heading_error_deg,16.791498151985206,16.818364542506604,0.026866390521398387
eea1a2f1280e45931ed38385a54ba99d9fc178d84030c0118cf7c505514ce2a2,eval_mean_position_error_m,0.06945458631021935,0.06916570379318526,-0.0002888825170340864
9e1b53056d8b760b1bc13c6ce2356885c7dac8bb3ce6f71fbce4af8753d2a71b,eval_mean_heading_error_deg,16.791498151985206,16.818364542506604,0.026866390521398387
9e1b53056d8b760b1bc13c6ce2356885c7dac8bb3ce6f71fbce4af8753d2a71b,eval_mean_position_error_m,0.06945458631021935,0.06916570379318526,-0.0002888825170340864
ef69ca8455b9e8254183ebe46a1ca23d9ea354cb9fe2eee5603d0d272c1af069,eval_mean_heading_error_deg,16.791498151985206,16.818364542506604,0.026866390521398387
ef69ca8455b9e8254183ebe46a1ca23d9ea354cb9fe2eee5603d0d272c1af069,eval_mean_position_error_m,0.06945458631021935,0.06916570379318526,-0.0002888825170340864
a0101f5e1125009ddb3f809b96f454eed4b3064e39c65ad13cd44885c5261597,eval_mean_heading_error_deg,16.791498151985206,16.818364542506604,0.026866390521398387
a0101f5e1125009ddb3f809b96f454eed4b3064e39c65ad13cd44885c5261597,eval_mean_position_error_m,0.06945458631021935,0.06916570379318526,-0.0002888825170340864
e617611ab0892ef5863441a2f5fb0bfabb327a72d86c7d2c96c330e68f7280d0,eval_mean_heading_error_deg,16.791498151985206,16.818364542506604,0.026866390521398387
e617611ab0892ef5863441a2f5fb0bfabb327a72d86c7d2c96c330e68f7280d0,eval_mean_position_error_m,0.06945458631021935,0.06916570379318526,-0.0002888825170340864
25af2fcd604580e0740b9d8f3a521bd0795cde47128d1542db758efea884b539,eval_mean_heading_error_deg,16.791498151985206,16.818364542506604,0.026866390521398387
25af2fcd604580e0740b9d8f3a521bd0795cde47128d1542db758efea884b539,eval_mean_position_error_m,0.06945458631021935,0.06916570379318526,-0.0002888825170340864
42603d70719249815dd4ceede200c9388d2511f844eb633c4afbbbbf50fc267f,eval_mean_heading_error_deg,16.791498151985206,16.818364542506604,0.026866390521398387
42603d70719249815dd4ceede200c9388d2511f844eb633c4afbbbbf50fc267f,eval_mean_position_error_m,0.06945458631021935,0.06916570379318526,-0.0002888825170340864
944b9b102cacac67afb5a9ce4031bc20363571797c07703493f6098f10f069bd,eval_mean_heading_error_deg,16.791498151985206,16.818364542506604,0.026866390521398387
944b9b102cacac67afb5a9ce4031bc20363571797c07703493f6098f10f069bd,eval_mean_position_error_m,0.06945458631021935,0.06916570379318526,-0.0002888825170340864
a6642f2b445b65bf2b21aac729932ab90796d72daf140ca9bbef4a66c23d9ccd,eval_mean_heading_error_deg,16.791498151985206,16.818364542506604,0.026866390521398387
a6642f2b445b65bf2b21aac729932ab90796d72daf140ca9bbef4a66c23d9ccd,eval_mean_position_error_m,0.06945458631021935,0.06916570379318526,-0.0002888825170340864
71a13a8989dda24eb391504ba5fc1a1c9996572f96f70edcd125269429fd6c40,eval_mean_heading_error_deg,16.791498151985206,16.818364542506604,0.026866390521398387
71a13a8989dda24eb391504ba5fc1a1c9996572f96f70edcd125269429fd6c40,eval_mean_position_error_m,0.06945458631021935,0.06916570379318526,-0.0002888825170340864
b5ae2660617b358c3b9d13e6aaaeb863a6ff90fe729a8ed5908fbc132ce7339a,eval_mean_heading_error_deg,16.791498151985206,16.818364542506604,0.026866390521398387
b5ae2660617b358c3b9d13e6aaaeb863a6ff90fe729a8ed5908fbc132ce7339a,eval_mean_position_error_m,0.06945458631021935,0.06916570379318526,-0.0002888825170340864
55d219385085c2a2dee5e7adff653b2f618f392a359bf2aecda82a3b809cfb0f,eval_mean_heading_error_deg,16.791498151985206,16.818364542506604,0.026866390521398387
55d219385085c2a2dee5e7adff653b2f618f392a359bf2aecda82a3b809cfb0f,eval_mean_position_error_m,0.06945458631021935,0.06916570379318526,-0.0002888825170340864
6aa281c8babbc310c0d4e297face217183518b15189754fe29909a39762cc4ae,eval_mean_heading_error_deg,16.791498151985206,16.818364542506604,0.026866390521398387
6aa281c8babbc310c0d4e297face217183518b15189754fe29909a39762cc4ae,eval_mean_position_error_m,0.06945458631021935,0.06916570379318526,-0.0002888825170340864
db461332fb25c042d7d05ca1f2f6cb1864495ff78c4dc72ade4c7bc590ebff50,eval_mean_heading_error_deg,16.791498151985206,16.818364542506604,0.026866390521398387
db461332fb25c042d7d05ca1f2f6cb1864495ff78c4dc72ade4c7bc590ebff50,eval_mean_position_error_m,0.06945458631021935,0.06916570379318526,-0.0002888825170340864
cce20ba616b011d051f34d60de820458f51ead36382ca93bf041f26eaad6f709,eval_mean_heading_error_deg,16.791498151985206,16.818364542506604,0.026866390521398387
cce20ba616b011d051f34d60de820458f51ead36382ca93bf041f26eaad6f709,eval_mean_position_error_m,0.06945458631021935,0.06916570379318526,-0.0002888825170340864
070368357aeaf95269e04ea9755ec1dc23016618c39659bb1bab0506f4791a3a,eval_mean_heading_error_deg,16.791498151985206,16.818364542506604,0.026866390521398387
070368357aeaf95269e04ea9755ec1dc23016618c39659bb1bab0506f4791a3a,eval_mean_position_error_m,0.06945458631021935,0.06916570379318526,-0.0002888825170340864
058cf5797f089efb5a0fad4a90ea290ac27865160b1af38cfd52949999da7677,eval_mean_heading_error_deg,16.791498151985206,16.818364542506604,0.026866390521398387
058cf5797f089efb5a0fad4a90ea290ac27865160b1af38cfd52949999da7677,eval_mean_position_error_m,0.06945458631021935,0.06916570379318526,-0.0002888825170340864
530865e2630cbf4e33556e3d8a6cfc2ae03af8273f607e973a9f6ab48e6a62af,eval_mean_heading_error_deg,16.791498151985206,16.818364542506604,0.026866390521398387
530865e2630cbf4e33556e3d8a6cfc2ae03af8273f607e973a9f6ab48e6a62af,eval_mean_position_error_m,0.06945458631021935,0.06916570379318526,-0.0002888825170340864
d49a15a8970c306aeaaf2788892b160bd517f753833387befb9eb8ed703dc2fd,eval_mean_heading_error_deg,16.791498151985206,16.818364542506604,0.026866390521398387
d49a15a8970c306aeaaf2788892b160bd517f753833387befb9eb8ed703dc2fd,eval_mean_position_error_m,0.06945458631021935,0.06916570379318526,-0.0002888825170340864
827b636063f7876a5957b44efe6df6ffaabc584317a38878950b99a797d0e8c6,eval_mean_heading_error_deg,16.791498151985206,16.818364542506604,0.026866390521398387
827b636063f7876a5957b44efe6df6ffaabc584317a38878950b99a797d0e8c6,eval_mean_position_error_m,0.06945458631021935,0.06916570379318526,-0.0002888825170340864
984f610707d95e8eabceffe5fd0088a1c17fc2ede8b1ead643209d7a4228a0d6,eval_mean_position_error_m,0.04942322530187167,0.0490360114509889,-0.0003872138508827644
db1669fad3b7ec7809ed2c33b51843b89dafda54aaab726c00dc4025db3b12ee,eval_mean_position_error_m,0.04942322530187167,0.0490360114509889,-0.0003872138508827644
22f8091557b8b6bb5f22552b0c9a36c7d4b35380604b903c9ce9bad59853a744,eval_mean_position_error_m,0.04942322530187167,0.0490360114509889,-0.0003872138508827644
5467ad5b73f8c662fe219d29ab8dcdb8a7d21a70626b1d23107343189a3bfb57,eval_mean_position_error_m,0.04942322530187167,0.0490360114509889,-0.0003872138508827644
a302ab41fde3200b0a72bd844b09b538ce7378962d111c39bfbab8e1f22a04e6,eval_mean_position_error_m,0.04942322530187167,0.0490360114509889,-0.0003872138508827644
bf740492c630952292c6c65bc77e5e6495a6521c66d507a1f35b0d8428253771,eval_mean_position_error_m,0.04942322530187167,0.0490360114509889,-0.0003872138508827644
de534c4ac1ab7ca6e2b285a8d8000363bc5b26c6c0cafb6a8b353072f1c3aa3f,eval_mean_position_error_m,0.04942322530187167,0.0490360114509889,-0.0003872138508827644
57d41d65795db6170d82e57659fb2996e5c95abe17b329c320d7b8cc05dcb2a8,eval_mean_position_error_m,0.04942322530187167,0.0490360114509889,-0.0003872138508827644
022e7c66488b181ab037477fbe7318469d7b781d9441581efd2191ab5b0714ee,eval_mean_position_error_m,0.04942322530187167,0.0490360114509889,-0.0003872138508827644
911803226a6d881059baad74e0514c9f26cd95ce17cc0e37ad51732d9dee908c,eval_mean_position_error_m,0.04942322530187167,0.0490360114509889,-0.0003872138508827644
02937bd6a0a90349541ac3c50b318aeb1fc101289a64092a0254b3532fb6eb25,eval_mean_position_error_m,0.04942322530187167,0.0490360114509889,-0.0003872138508827644
20fc4c18cc5024d8a1a5b9e7174aa76daa95d4b0d2b9bf5558608abcd2827584,eval_mean_position_error_m,0.04942322530187167,0.0490360114509889,-0.0003872138508827644
61568fd82398a3d3baa76349955c5af349925094fa94d84db26ddb6cb573073c,eval_mean_position_error_m,0.04942322530187167,0.0490360114509889,-0.0003872138508827644
547172432438504d4c6fd715ecf22d025da8882797792a16177785af6fa9f920,eval_mean_position_error_m,0.04942322530187167,0.0490360114509889,-0.0003872138508827644
caaca85d930ef22c4b7adf6c974d3676379e61712b1beacb04970c0d3185a1e3,eval_mean_position_error_m,0.04942322530187167,0.0490360114509889,-0.0003872138508827644
d00e72bfc7c6f26ec1241b22dc97cd2a608441b781927f5437199a2fb96f741b,eval_mean_position_error_m,0.04942322530187167,0.0490360114509889,-0.0003872138508827644
b99e4bd9e40b661c8a862a98dc5c541a939aa4a24feb282db978383357d2899c,eval_mean_position_error_m,0.04942322530187167,0.0490360114509889,-0.0003872138508827644
3a1155790934c27f7e1b4cbe26884ad1146f3d1014e7722911dd9960c6e0b3b6,eval_mean_position_error_m,0.04942322530187167,0.0490360114509889,-0.0003872138508827644
e29eedbf1196fc31d37b9f00dd4a492785cda9b3c5f4b34dc83696c7816ebcbf,eval_mean_position_error_m,0.04942322530187167,0.0490360114509889,-0.0003872138508827644
cae83eaf8de0f5a9db9b3f4e7ee0b22716f1288c1e80cab8083957360ad84804,eval_mean_position_error_m,0.04942322530187167,0.0490360114509889,-0.0003872138508827644
0c2988d389828add9898f29c7e4c8eebed59bd402b435e0fd4cc1e0651677343,eval_mean_position_error_m,0.04942322530187167,0.0490360114509889,-0.0003872138508827644
0bb21044aa9cd62d0846af1bfe022a55c127e140b03c56e9c2b384988db67155,eval_mean_position_error_m,0.04942322530187167,0.0490360114509889,-0.0003872138508827644
1ee309ab04239bdb18819b816d351bcab72a1bd4d7e5c96ffcc6de7d6c85cc87,eval_mean_position_error_m,0.04942322530187167,0.0490360114509889,-0.0003872138508827644
93a94a058af6657756615a8d9d8247f1adcea57b308aa1847118173a3f50ea5e,eval_mean_position_error_m,0.04942322530187167,0.0490360114509889,-0.0003872138508827644
e3bec4ac8a895583fc44fa9f08ae372aa7a7d72942f61590035e0c3e6faea871,eval_mean_position_error_m,0.04942322530187167,0.0490360114509889,-0.0003872138508827644
40dee393aa1458d8a6afc54d2b6ac33ba87c49e61389224f7f8f2b9768c4325b,eval_mean_position_error_m,0.04942322530187167,0.0490360114509889,-0.0003872138508827644
a130b5b492c5a57553513518ebd9335f63f39ff84da49d5f7268b3a0272dff61,eval_mean_position_error_m,0.04942322530187167,0.0490360114509889,-0.0003872138508827644
eb1f5bf9c3c5af9ea4dc1ae39320b3d94c2e93375c9a1bc07b8def657518d730,eval_mean_position_error_m,0.04942322530187167,0.0490360114509889,-0.0003872138508827644
23b3292e3b541759b8ea8d611c555104c383072b4b4b20a2df253a36b928365f,eval_mean_position_error_m,0.04942322530187167,0.0490360114509889,-0.0003872138508827644
2fb0d4d72ea720aebe938e2b48b459c8b3eb8bdc3a978dd37e21650832df2fd4,eval_mean_position_error_m,0.04942322530187167,0.0490360114509889,-0.0003872138508827644
39542fb3d2f77b8308b21c0f1947a23490aca112553900e88d6c3f4999b15afc,eval_mean_position_error_m,0.04942322530187167,0.0490360114509889,-0.0003872138508827644
2de58653b38fdd7bcffa0027dee010169cc6b8d1a7e13e18ae1a04698dfbfc2a,eval_mean_position_error_m,0.04942322530187167,0.0490360114509889,-0.0003872138508827644
81c923f11ece488b8182c498a7f1ef860366980107f045a52462740de92150d2,eval_mean_position_error_m,0.04942322530187167,0.0490360114509889,-0.0003872138508827644
60f8cd90cbadc214e7e74ad21a7274f58f2bd73d10df5998128b5c88937514f2,eval_mean_position_error_m,0.04942322530187167,0.0490360114509889,-0.0003872138508827644
d361e7791bb835193d6a0c934f5835cc0bf4bf5481ed0651e460b310152c6a01,eval_mean_position_error_m,0.04942322530187167,0.0490360114509889,-0.0003872138508827644
37188e107766b0f19787a265afaec48f08a804f804b32f38e139249ad3ec1967,eval_mean_position_error_m,0.04942322530187167,0.0490360114509889,-0.0003872138508827644
749a1b19f90ae50afff689395e06caa24ce825a70dbbc6cd4be19ce22982e471,eval_mean_position_error_m,0.04942322530187167,0.0490360114509889,-0.0003872138508827644
8beec478bf6d638e73cf5791ac757046f5d89be2266fbae5420a838ec924db3b,eval_mean_position_error_m,0.04942322530187167,0.0490360114509889,-0.0003872138508827644
4bda222c07897964551ccbf9310cf1378fabb087281330a0a6684b3723df9339,eval_mean_position_error_m,0.04942322530187167,0.0490360114509889,-0.0003872138508827644
48b4ff86429a402437615388e47a9f824342d020c578c9b9ecff69c57c9f2206,eval_mean_position_error_m,0.04942322530187167,0.0490360114509889,-0.0003872138508827644
bed552c68d7bd949bcfc1aa8d95139e03943f48fd1fb73b0c9d96cc16fd91661,eval_mean_position_error_m,0.050022043267327815,0.049635985435658045,-0.0003860578316697699
7a8dd131325d8e2ec6beda98a574e4b298a3c8e6a94574bcf26dd4a31d8d9677,eval_mean_position_error_m,0.050022043267327815,0.049635985435658045,-0.0003860578316697699
915549f0284c7bdb87416e550a3f8437e2085d59aa2ec9c0ffa81913c02f962c,eval_mean_position_error_m,0.050022043267327815,0.049635985435658045,-0.0003860578316697699
3ade14d5003cc1f372baa5204eb48ac88cb2f670e8debb850dd5f15e47975ed8,eval_mean_position_error_m,0.050022043267327815,0.049635985435658045,-0.0003860578316697699
33526df9d2695e4490eed163bff81117049072bf559ecead0474b4742f85fd54,eval_mean_position_error_m,0.050022043267327815,0.049635985435658045,-0.0003860578316697699
01fdd3307d5e2f8eba82d53ac8c86478d2359f642f097bb002500f9df0988b32,eval_mean_position_error_m,0.050022043267327815,0.049635985435658045,-0.0003860578316697699
f1b7c2aff9a21bbff75e2a341857fd25c3f779fb78ea40c51e146e5503c43e73,eval_mean_position_error_m,0.050022043267327815,0.049635985435658045,-0.0003860578316697699
a7fff62e57d918016779686e8d70e22f373b0db993c478c6e577a1701824418e,eval_mean_position_error_m,0.050022043267327815,0.049635985435658045,-0.0003860578316697699
dc6ffdd97017290cb736c5ff8d61764654322364ef6ccaf0b46b8db9a3fb34f0,eval_mean_position_error_m,0.050022043267327815,0.049635985435658045,-0.0003860578316697699
1707be6e80a4e31a99390f42a925018c1bd709cd0b492cfca028e1c426c717d4,eval_mean_position_error_m,0.050022043267327815,0.049635985435658045,-0.0003860578316697699
1b6b924449b9a2094904255dd365cca00d2766a3f40e4791d24e3935306c0d49,eval_mean_position_error_m,0.050022043267327815,0.049635985435658045,-0.0003860578316697699
5e1d8ef4eff57a1c109e6e3ec5a900ec208717820323aeb092dbb0951a85a387,eval_mean_position_error_m,0.050022043267327815,0.049635985435658045,-0.0003860578316697699
c4b002ecc3c6d5a3dafcd3bd4c4bfe99c7c35be55f0bb087b824b5cb51e7c881,eval_mean_position_error_m,0.050022043267327815,0.049635985435658045,-0.0003860578316697699
d683bd938c7e09cab9c076483a3b7e8dbbaeb10883a05c7d1ce1f264e629aa67,eval_mean_position_error_m,0.050022043267327815,0.049635985435658045,-0.0003860578316697699
ef7b66685fed9829634225725f3c63ce13494800d1fad07a30983ec2414d8e30,eval_mean_position_error_m,0.050022043267327815,0.049635985435658045,-0.0003860578316697699
696637ea27fbfd8696d0fd72b8699f17e4cc340f9bf3744631c6dc8d5b97131c,eval_mean_position_error_m,0.050022043267327815,0.049635985435658045,-0.0003860578316697699
95d1b67a5e77b298f292e53d2d26c00d4ffcf4d0f486d297cf844d8cefd19eec,eval_mean_position_error_m,0.050022043267327815,0.049635985435658045,-0.0003860578316697699
0998b1010c7366ecaa52ba0a4ba45ddd536d56bfc547066a8ce9fbfbb8e6a521,eval_mean_position_error_m,0.050022043267327815,0.049635985435658045,-0.0003860578316697699
59805276230065ad997177c064b8cf3be60a66ab16367cee3c91ec05492579c4,eval_mean_position_error_m,0.050022043267327815,0.049635985435658045,-0.0003860578316697699
e4d28cf74bbd36c132347f06e7d84070777c37574ce0cb5057fd6ca5015d083c,eval_mean_position_error_m,0.050022043267327815,0.049635985435658045,-0.0003860578316697699
207c86bc4d9481898b1198564f74877abf164bd17c36807882a64a66a1b52a11,eval_mean_heading_error_deg,0.7391084292296345,0.7407231780056698,0.0016147487760352908
207c86bc4d9481898b1198564f74877abf164bd17c36807882a64a66a1b52a11,eval_mean_position_error_m,0.00028287084948815046,0.0002834881961997808,6.173467116303371e-07
8449fc3edf306d522dcbf3640c96c892b60c7ac30c73b5b706652c947d66a897,eval_mean_heading_error_deg,0.7391084292296345,0.7407231780056698,0.0016147487760352908
8449fc3edf306d522dcbf3640c96c892b60c7ac30c73b5b706652c947d66a897,eval_mean_position_error_m,0.00028287084948815046,0.0002834881961997808,6.173467116303371e-07
5e220fd16b02c112ebec0618311aa46812b60890f262aabebf545cbf870566e0,eval_mean_heading_error_deg,0.7391084292296345,0.7407231780056698,0.0016147487760352908
5e220fd16b02c112ebec0618311aa46812b60890f262aabebf545cbf870566e0,eval_mean_position_error_m,0.00028287084948815046,0.0002834881961997808,6.173467116303371e-07
7d2d02a605b4e84af5c86a0d8915ef9927a57b15a92359d799ced644e5862317,eval_mean_heading_error_deg,0.7391084292296345,0.7407231780056698,0.0016147487760352908
7d2d02a605b4e84af5c86a0d8915ef9927a57b15a92359d799ced644e5862317,eval_mean_position_error_m,0.00028287084948815046,0.0002834881961997808,6.173467116303371e-07
0058003adf50279205fa3d202ae35466ed0d0a434f473052169c4ddc77f6e56b,eval_mean_heading_error_deg,0.7391084292296345,0.7407231780056698,0.0016147487760352908
0058003adf50279205fa3d202ae35466ed0d0a434f473052169c4ddc77f6e56b,eval_mean_position_error_m,0.00028287084948815046,0.0002834881961997808,6.173467116303371e-07
15d92068079304d4b7be195afd4c27d9199f76b5b5f4c22f15484bf081f8b163,eval_mean_heading_error_deg,0.7391084292296345,0.7407231780056698,0.0016147487760352908
15d92068079304d4b7be195afd4c27d9199f76b5b5f4c22f15484bf081f8b163,eval_mean_position_error_m,0.00028287084948815046,0.0002834881961997808,6.173467116303371e-07
778fdd35f413f721575b7aa61f8abc90cc83bf293c04ddcf1984027da82564a0,eval_mean_heading_error_deg,0.7391084292296345,0.7407231780056698,0.0016147487760352908
778fdd35f413f721575b7aa61f8abc90cc83bf293c04ddcf1984027da82564a0,eval_mean_position_error_m,0.00028287084948815046,0.0002834881961997808,6.173467116303371e-07
388f90d4f06a5e3713fb166548c2297b18ced54ae2666f6860de25ff6f04f016,eval_mean_heading_error_deg,0.7391084292296345,0.7407231780056698,0.0016147487760352908
388f90d4f06a5e3713fb166548c2297b18ced54ae2666f6860de25ff6f04f016,eval_mean_position_error_m,0.00028287084948815046,0.0002834881961997808,6.173467116303371e-07
72a87be7c9593d02b94a0797d3454f51c41d29ecd1f8e8d49a48aa5baefaf74c,eval_mean_heading_error_deg,0.7391084292296345,0.7407231780056698,0.0016147487760352908
72a87be7c9593d02b94a0797d3454f51c41d29ecd1f8e8d49a48aa5baefaf74c,eval_mean_position_error_m,0.00028287084948815046,0.0002834881961997808,6.173467116303371e-07
5e494d918b2c60835fb5abffe55d43747773f035377cdb92b391b4eefa774586,eval_mean_heading_error_deg,0.7391084292296345,0.7407231780056698,0.0016147487760352908
5e494d918b2c60835fb5abffe55d43747773f035377cdb92b391b4eefa774586,eval_mean_position_error_m,0.00028287084948815046,0.0002834881961997808,6.173467116303371e-07
27b62c98c8dbd205d022fd0dcb61818128c65bf431b45b2a70a5628c28e4a47d,eval_mean_heading_error_deg,0.7391084292296345,0.7407231780056698,0.0016147487760352908
27b62c98c8dbd205d022fd0dcb61818128c65bf431b45b2a70a5628c28e4a47d,eval_mean_position_error_m,0.00028287084948815046,0.0002834881961997808,6.173467116303371e-07
c8cc5d8739723e3dbb515a4da27d09bc52139a8e71a75f79b8d4a78f26a52766,eval_mean_heading_error_deg,0.7391084292296345,0.7407231780056698,0.0016147487760352908
c8cc5d8739723e3dbb515a4da27d09bc52139a8e71a75f79b8d4a78f26a52766,eval_mean_position_error_m,0.00028287084948815046,0.0002834881961997808,6.173467116303371e-07
0a04f59eb433c98b512aac8ae9c48e4d770faada17a77a11aad26fa9f8435b29,eval_mean_heading_error_deg,0.7391084292296345,0.7407231780056698,0.0016147487760352908
0a04f59eb433c98b512aac8ae9c48e4d770faada17a77a11aad26fa9f8435b29,eval_mean_position_error_m,0.00028287084948815046,0.0002834881961997808,6.173467116303371e-07
d9e326dab9ce376b6f3a06654218324735d1c7a519c0f5366f35b179d1e16a21,eval_mean_heading_error_deg,0.7391084292296345,0.7407231780056698,0.0016147487760352908
d9e326dab9ce376b6f3a06654218324735d1c7a519c0f5366f35b179d1e16a21,eval_mean_position_error_m,0.00028287084948815046,0.0002834881961997808,6.173467116303371e-07
548ea3952eab6a7078b19ae0b15f84265c989a438eabdc473aff69736d608ac9,eval_mean_heading_error_deg,0.7391084292296345,0.7407231780056698,0.0016147487760352908
548ea3952eab6a7078b19ae0b15f84265c989a438eabdc473aff69736d608ac9,eval_mean_position_error_m,0.00028287084948815046,0.0002834881961997808,6.173467116303371e-07
d62abd3bcf79f4ddf2dce6deb0e985cc9a02fdbf9eabfc492a0b9ff5f21116cc,eval_mean_heading_error_deg,0.7391084292296345,0.7407231780056698,0.0016147487760352908
d62abd3bcf79f4ddf2dce6deb0e985cc9a02fdbf9eabfc492a0b9ff5f21116cc,eval_mean_position_error_m,0.00028287084948815046,0.0002834881961997808,6.173467116303371e-07
8a1f2c2176005c0a4dadcf2aee0fb8e18d505dacf9b745e78b20145e4dbd6e9c,eval_mean_heading_error_deg,0.7391084292296345,0.7407231780056698,0.0016147487760352908
8a1f2c2176005c0a4dadcf2aee0fb8e18d505dacf9b745e78b20145e4dbd6e9c,eval_mean_position_error_m,0.00028287084948815046,0.0002834881961997808,6.173467116303371e-07
1b523886c392163acfe4702e6ae9499991b711a86f68a73ec91b4f7126341481,eval_mean_heading_error_deg,0.7391084292296345,0.7407231780056698,0.0016147487760352908
1b523886c392163acfe4702e6ae9499991b711a86f68a73ec91b4f7126341481,eval_mean_position_error_m,0.00028287084948815046,0.0002834881961997808,6.173467116303371e-07
c57b12af3d3d3c72624dc1b4dada60e44847c46295bd10943e12103f1b23bff8,eval_mean_heading_error_deg,0.7391084292296345,0.7407231780056698,0.0016147487760352908
c57b12af3d3d3c72624dc1b4dada60e44847c46295bd10943e12103f1b23bff8,eval_mean_position_error_m,0.00028287084948815046,0.0002834881961997808,6.173467116303371e-07
8cde2d9e154174b87b69cf9944be20a74860df5af87e65d0659801dfb97916fc,eval_mean_heading_error_deg,0.7391084292296345,0.7407231780056698,0.0016147487760352908
8cde2d9e154174b87b69cf9944be20a74860df5af87e65d0659801dfb97916fc,eval_mean_position_error_m,0.00028287084948815046,0.0002834881961997808,6.173467116303371e-07
9a6705393f45e300cf51e9123f0e22cbd2209fc94999ab36c70672fae0e51218,eval_mean_heading_error_deg,0.7391084292296345,0.7407231780056698,0.0016147487760352908
9a6705393f45e300cf51e9123f0e22cbd2209fc94999ab36c70672fae0e51218,eval_mean_position_error_m,0.00028287084948815046,0.0002834881961997808,6.173467116303371e-07
5d85b612155727034f54d6963921f84f2272a1d17151c53fee168a0108d6b107,eval_mean_heading_error_deg,0.7391084292296345,0.7407231780056698,0.0016147487760352908
5d85b612155727034f54d6963921f84f2272a1d17151c53fee168a0108d6b107,eval_mean_position_error_m,0.00028287084948815046,0.0002834881961997808,6.173467116303371e-07
6450f9924843b1d9658f11dae2699736cb30a6e1003bd5ad7e8e5e10cd6d59c1,eval_mean_heading_error_deg,0.7391084292296345,0.7407231780056698,0.0016147487760352908
6450f9924843b1d9658f11dae2699736cb30a6e1003bd5ad7e8e5e10cd6d59c1,eval_mean_position_error_m,0.00028287084948815046,0.0002834881961997808,6.173467116303371e-07
027292e266f2b5a2d41fb05e12aa373bca6ef769b09d2c78fae6a513e4829991,eval_mean_heading_error_deg,0.7391084292296345,0.7407231780056698,0.0016147487760352908
027292e266f2b5a2d41fb05e12aa373bca6ef769b09d2c78fae6a513e4829991,eval_mean_position_error_m,0.00028287084948815046,0.0002834881961997808,6.173467116303371e-07
247ede3aa11c365258c3ac94cd4eb71b0b1afb23017573e858215d3a0817f3c0,eval_mean_heading_error_deg,0.7391084292296345,0.7407231780056698,0.0016147487760352908
247ede3aa11c365258c3ac94cd4eb71b0b1afb23017573e858215d3a0817f3c0,eval_mean_position_error_m,0.00028287084948815046,0.0002834881961997808,6.173467116303371e-07
43fa2ce8de527132b18b616d2ef57d6ff66b8f7ab03dec28ca3a570a5f6aaeaa,eval_mean_heading_error_deg,0.7391084292296345,0.7407231780056698,0.0016147487760352908
43fa2ce8de527132b18b616d2ef57d6ff66b8f7ab03dec28ca3a570a5f6aaeaa,eval_mean_position_error_m,0.00028287084948815046,0.0002834881961997808,6.173467116303371e-07
031a44e50a48f52f4056aa0f4125834063c00148fe8265d196a9eea2b204404e,eval_mean_heading_error_deg,0.7391084292296345,0.7407231780056698,0.0016147487760352908
031a44e50a48f52f4056aa0f4125834063c00148fe8265d196a9eea2b204404e,eval_mean_position_error_m,0.00028287084948815046,0.0002834881961997808,6.173467116303371e-07
6846833a71d58b38f8e01b11dfc9930bcd3168705b1a9c30b9af3978c19f8ffb,eval_mean_heading_error_deg,0.7391084292296345,0.7407231780056698,0.0016147487760352908
6846833a71d58b38f8e01b11dfc9930bcd3168705b1a9c30b9af3978c19f8ffb,eval_mean_position_error_m,0.00028287084948815046,0.0002834881961997808,6.173467116303371e-07
8b19f2af3f33fc221fb82b6cd4426f25be8561694d2bd59ce64b89626e8fb1a7,eval_mean_heading_error_deg,0.7391084292296345,0.7407231780056698,0.0016147487760352908
8b19f2af3f33fc221fb82b6cd4426f25be8561694d2bd59ce64b89626e8fb1a7,eval_mean_position_error_m,0.00028287084948815046,0.0002834881961997808,6.173467116303371e-07
ba844aadf385cb8539cf9a7058b44d5209a2d79d8f66a6af18dd611f80ad10dd,eval_mean_heading_error_deg,0.7391084292296345,0.7407231780056698,0.0016147487760352908
ba844aadf385cb8539cf9a7058b44d5209a2d79d8f66a6af18dd611f80ad10dd,eval_mean_position_error_m,0.00028287084948815046,0.0002834881961997808,6.173467116303371e-07
1005a5f27197af61fdeafbfa3ec963d8f18df88f0d6fea32bc223f12fd921b28,eval_mean_heading_error_deg,0.7391084292296345,0.7407231780056698,0.0016147487760352908
1005a5f27197af61fdeafbfa3ec963d8f18df88f0d6fea32bc223f12fd921b28,eval_mean_position_error_m,0.00028287084948815046,0.0002834881961997808,6.173467116303371e-07
b64b0c690c96dbaff8000bbe5e4223fa4ef9e7095c0b9c85ea0e0c6addd44818,eval_mean_heading_error_deg,0.7391084292296345,0.7407231780056698,0.0016147487760352908
b64b0c690c96dbaff8000bbe5e4223fa4ef9e7095c0b9c85ea0e0c6addd44818,eval_mean_position_error_m,0.00028287084948815046,0.0002834881961997808,6.173467116303371e-07
67579d7ccf415282d3cd2f010cbb79f7dcabc59ac0a6d493441c231df7cef203,eval_mean_heading_error_deg,0.7391084292296345,0.7407231780056698,0.0016147487760352908
67579d7ccf415282d3cd2f010cbb79f7dcabc59ac0a6d493441c231df7cef203,eval_mean_position_error_m,0.00028287084948815046,0.0002834881961997808,6.173467116303371e-07
f8f4c57366d049accfa2748f3437e7e0bc033330f9781d3ef5678c96bdc1e178,eval_mean_heading_error_deg,0.7391084292296345,0.7407231780056698,0.0016147487760352908
f8f4c57366d049accfa2748f3437e7e0bc033330f9781d3ef5678c96bdc1e178,eval_mean_position_error_m,0.00028287084948815046,0.0002834881961997808,6.173467116303371e-07
8f5b1de2992b69f0e45838651017c58795b27c66fac6326944912959cef5a713,eval_mean_heading_error_deg,0.7391084292296345,0.7407231780056698,0.0016147487760352908
8f5b1de2992b69f0e45838651017c58795b27c66fac6326944912959cef5a713,eval_mean_position_error_m,0.00028287084948815046,0.0002834881961997808,6.173467116303371e-07
207187b1147d0524071d9e3ec4bc8169cdc7312c25e29c4c1e9f7dac11a6f0cb,eval_mean_heading_error_deg,0.7391084292296345,0.7407231780056698,0.0016147487760352908
207187b1147d0524071d9e3ec4bc8169cdc7312c25e29c4c1e9f7dac11a6f0cb,eval_mean_position_error_m,0.00028287084948815046,0.0002834881961997808,6.173467116303371e-07
9961fd4f4c4a5cbcc55707831d156db0edbd203d2fc06904e3556541f3660c1b,eval_mean_heading_error_deg,0.7391084292296345,0.7407231780056698,0.0016147487760352908
9961fd4f4c4a5cbcc55707831d156db0edbd203d2fc06904e3556541f3660c1b,eval_mean_position_error_m,0.00028287084948815046,0.0002834881961997808,6.173467116303371e-07
a244a66344ff66b763dd0372eeebcef65d38cd9fa11b0e57b86ab8d0b751d902,eval_mean_heading_error_deg,0.7391084292296345,0.7407231780056698,0.0016147487760352908
a244a66344ff66b763dd0372eeebcef65d38cd9fa11b0e57b86ab8d0b751d902,eval_mean_position_error_m,0.00028287084948815046,0.0002834881961997808,6.173467116303371e-07
0160582049fab888b5e8a6cb47c98a2c11b8545a731f5dcff64e27fa3cd6297d,eval_mean_heading_error_deg,0.7391084292296345,0.7407231780056698,0.0016147487760352908
0160582049fab888b5e8a6cb47c98a2c11b8545a731f5dcff64e27fa3cd6297d,eval_mean_position_error_m,0.00028287084948815046,0.0002834881961997808,6.173467116303371e-07
fbf58b934ad6f056543b0e85f0a8b21e2fcd44530f927b4f913146ada90b3a12,eval_mean_heading_error_deg,0.7391084292296345,0.7407231780056698,0.0016147487760352908
fbf58b934ad6f056543b0e85f0a8b21e2fcd44530f927b4f913146ada90b3a12,eval_mean_position_error_m,0.00028287084948815046,0.0002834881961997808,6.173467116303371e-07
9c4d4c2fcd6ce75f1db45e9c807fd23f436716d92427c8e22c64de0ddd1ca244,eval_mean_heading_error_deg,0.7615360454153272,0.7632524206924076,0.001716375277080462
9c4d4c2fcd6ce75f1db45e9c807fd23f436716d92427c8e22c64de0ddd1ca244,eval_mean_position_error_m,0.00032762098175099613,0.0003283587859624619,7.378042114657623e-07
7430faea8af61d540829dc3a87d74f275800febe752f44dce448af91acc43ddb,eval_mean_heading_error_deg,0.7615360454153272,0.7632524206924076,0.001716375277080462
7430faea8af61d540829dc3a87d74f275800febe752f44dce448af91acc43ddb,eval_mean_position_error_m,0.00032762098175099613,0.0003283587859624619,7.378042114657623e-07
9943b087889b2047a939ba954503d331706217245025a9aeb530f72a0a5128c3,eval_mean_heading_error_deg,0.7615360454153272,0.7632524206924076,0.001716375277080462
9943b087889b2047a939ba954503d331706217245025a9aeb530f72a0a5128c3,eval_mean_position_error_m,0.00032762098175099613,0.0003283587859624619,7.378042114657623e-07
000afc8fe76a99ac1c68f933b62958b33398cef3b3e5232f9892bd49ead6743e,eval_mean_heading_error_deg,0.7615360454153272,0.7632524206924076,0.001716375277080462
000afc8fe76a99ac1c68f933b62958b33398cef3b3e5232f9892bd49ead6743e,eval_mean_position_error_m,0.00032762098175099613,0.0003283587859624619,7.378042114657623e-07
6b5d09e78fefa30be0292bdb18836a90f027160277cd3d7fe9481810ff6e02b2,eval_mean_heading_error_deg,0.7615360454153272,0.7632524206924076,0.001716375277080462
6b5d09e78fefa30be0292bdb18836a90f027160277cd3d7fe9481810ff6e02b2,eval_mean_position_error_m,0.00032762098175099613,0.0003283587859624619,7.378042114657623e-07
e494ce6ed9f3da4025cc388c6753797a20e775ea84074855cd06beae7463a01e,eval_mean_heading_error_deg,0.7615360454153272,0.7632524206924076,0.001716375277080462
e494ce6ed9f3da4025cc388c6753797a20e775ea84074855cd06beae7463a01e,eval_mean_position_error_m,0.00032762098175099613,0.0003283587859624619,7.378042114657623e-07
e0df776261ee6892ad5747976b293c4d993311f923da102c13c8102b280c9a36,eval_mean_heading_error_deg,0.7615360454153272,0.7632524206924076,0.001716375277080462
e0df776261ee6892ad5747976b293c4d993311f923da102c13c8102b280c9a36,eval_mean_position_error_m,0.00032762098175099613,0.0003283587859624619,7.378042114657623e-07
1fd076ae66a0083f6f2d518ef8cee8df2fd1cfd544d4260a4c666f9b108c950a,eval_mean_heading_error_deg,0.7615360454153272,0.7632524206924076,0.001716375277080462
1fd076ae66a0083f6f2d518ef8cee8df2fd1cfd544d4260a4c666f9b108c950a,eval_mean_position_error_m,0.00032762098175099613,0.0003283587859624619,7.378042114657623e-07
e4c7b59cbd71d338ba25dca33164bc6bffb59cabc63e76ec6578c2f1906873d7,eval_mean_heading_error_deg,0.7615360454153272,0.7632524206924076,0.001716375277080462
e4c7b59cbd71d338ba25dca33164bc6bffb59cabc63e76ec6578c2f1906873d7,eval_mean_position_error_m,0.00032762098175099613,0.0003283587859624619,7.378042114657623e-07
f707d8b11810f204afaa266a6d1b218398794efd57d41228931e8b957dfef466,eval_mean_heading_error_deg,0.7615360454153272,0.7632524206924076,0.001716375277080462
f707d8b11810f204afaa266a6d1b218398794efd57d41228931e8b957dfef466,eval_mean_position_error_m,0.00032762098175099613,0.0003283587859624619,7.378042114657623e-07
2be26f8195f634bde9068d479cd2168c0facc0fc9cef04f1b3770f3837a4228f,eval_mean_heading_error_deg,0.7615360454153272,0.7632524206924076,0.001716375277080462
2be26f8195f634bde9068d479cd2168c0facc0fc9cef04f1b3770f3837a4228f,eval_mean_position_error_m,0.00032762098175099613,0.0003283587859624619,7.378042114657623e-07
f3b7da7cd405106a98c73a13cc1315f243b4250c48cea9f68b5ff3767bd515c2,eval_mean_heading_error_deg,0.7615360454153272,0.7632524206924076,0.001716375277080462
f3b7da7cd405106a98c73a13cc1315f243b4250c48cea9f68b5ff3767bd515c2,eval_mean_position_error_m,0.00032762098175099613,0.0003283587859624619,7.378042114657623e-07
21c22cf77ab3b6f79c7fd7b8e8d33378038faf638a2895f01f7e7a9e069e7af8,eval_mean_heading_error_deg,0.7615360454153272,0.7632524206924076,0.001716375277080462
21c22cf77ab3b6f79c7fd7b8e8d33378038faf638a2895f01f7e7a9e069e7af8,eval_mean_position_error_m,0.00032762098175099613,0.0003283587859624619,7.378042114657623e-07
f88c5058f04cbfedaacc96e3e7d57b4a9bdb35059df712b5d3bee3325523fb3e,eval_mean_heading_error_deg,0.7615360454153272,0.7632524206924076,0.001716375277080462
f88c5058f04cbfedaacc96e3e7d57b4a9bdb35059df712b5d3bee3325523fb3e,eval_mean_position_error_m,0.00032762098175099613,0.0003283587859624619,7.378042114657623e-07
c7880152c52d4dee73c3eb34ab6883fe4555615b737fb39945dbfdd911c54a0c,eval_mean_heading_error_deg,0.7615360454153272,0.7632524206924076,0.001716375277080462
c7880152c52d4dee73c3eb34ab6883fe4555615b737fb39945dbfdd911c54a0c,eval_mean_position_error_m,0.00032762098175099613,0.0003283587859624619,7.378042114657623e-07
6deacd44146c0c1a42855acde6ca56cc21c5bb226e5c7b674f535d211ee0f159,eval_mean_heading_error_deg,0.7615360454153272,0.7632524206924076,0.001716375277080462
6deacd44146c0c1a42855acde6ca56cc21c5bb226e5c7b674f535d211ee0f159,eval_mean_position_error_m,0.00032762098175099613,0.0003283587859624619,7.378042114657623e-07
62e8c15d29daeef205998d10a9a4f75fb16e42814c1fbceb892b682c383e7f59,eval_mean_heading_error_deg,0.7615360454153272,0.7632524206924076,0.001716375277080462
62e8c15d29daeef205998d10a9a4f75fb16e42814c1fbceb892b682c383e7f59,eval_mean_position_error_m,0.00032762098175099613,0.0003283587859624619,7.378042114657623e-07
1131ef30fa715c76f37714594b933469d735e6fc2459dab9b6be5db82b81341d,eval_mean_heading_error_deg,0.7615360454153272,0.7632524206924076,0.001716375277080462
1131ef30fa715c76f37714594b933469d735e6fc2459dab9b6be5db82b81341d,eval_mean_position_error_m,0.00032762098175099613,0.0003283587859624619,7.378042114657623e-07
1733424eae6470d1f79dfc4b4eff7692ab9b4b3986e7f5e6050ac5e0d44924ca,eval_mean_heading_error_deg,0.7615360454153272,0.7632524206924076,0.001716375277080462
1733424eae6470d1f79dfc4b4eff7692ab9b4b3986e7f5e6050ac5e0d44924ca,eval_mean_position_error_m,0.00032762098175099613,0.0003283587859624619,7.378042114657623e-07
ea4dc9249b52a10e288fbe688225a93e6243154bac2dd867859d7e3e47c7b328,eval_mean_heading_error_deg,0.7615360454153272,0.7632524206924076,0.001716375277080462
ea4dc9249b52a10e288fbe688225a93e6243154bac2dd867859d7e3e47c7b328,eval_mean_position_error_m,0.00032762098175099613,0.0003283587859624619,7.378042114657623e-07
8224552d5e4e1d12e0c92b0a4f08bd3e046e5f6dae9df2b048e9ac0d1ba2e5ee,eval_mean_heading_error_deg,3.209772028549874,3.216795373035278,0.007023344485403982
8224552d5e4e1d12e0c92b0a4f08bd3e046e5f6dae9df2b048e9ac0d1ba2e5ee,eval_mean_position_error_m,0.00028293721361035486,0.00028355614430775923,6.18930697404371e-07
31fffdaaac848d9640ddecd314e37a1e36aa0b46a99947ca29a08c00446e9ba4,eval_mean_heading_error_deg,3.209772028549874,3.216795373035278,0.007023344485403982
31fffdaaac848d9640ddecd314e37a1e36aa0b46a99947ca29a08c00446e9ba4,eval_mean_position_error_m,0.00028293721361035486,0.00028355614430775923,6.18930697404371e-07
bc659ddfafa56af05bfaa7c8d86abef0409e9587592b901711f8c1fb5e833b8b,eval_mean_heading_error_deg,3.209772028549874,3.216795373035278,0.007023344485403982
bc659ddfafa56af05bfaa7c8d86abef0409e9587592b901711f8c1fb5e833b8b,eval_mean_position_error_m,0.00028293721361035486,0.00028355614430775923,6.18930697404371e-07
ef105004fc6459aada57970d6c09d9722bc45e6d415ab1ef117d0feb74cdff56,eval_mean_heading_error_deg,3.209772028549874,3.216795373035278,0.007023344485403982
ef105004fc6459aada57970d6c09d9722bc45e6d415ab1ef117d0feb74cdff56,eval_mean_position_error_m,0.00028293721361035486,0.00028355614430775923,6.18930697404371e-07
447b2d9bdb88ea4e6d728ce4230c5a4538a3e3d3dc1f886bc9a0cb42207c69cf,eval_mean_heading_error_deg,3.209772028549874,3.216795373035278,0.007023344485403982
447b2d9bdb88ea4e6d728ce4230c5a4538a3e3d3dc1f886bc9a0cb42207c69cf,eval_mean_position_error_m,0.00028293721361035486,0.00028355614430775923,6.18930697404371e-07
69c49f65ab7e8457a8528ef356ced426891963c43d79c385b8f233fb6eb8218e,eval_mean_heading_error_deg,3.209772028549874,3.216795373035278,0.007023344485403982
69c49f65ab7e8457a8528ef356ced426891963c43d79c385b8f233fb6eb8218e,eval_mean_position_error_m,0.00028293721361035486,0.00028355614430775923,6.18930697404371e-07
b4f4b3c4d534167a60dba0d326ed33c436a6cf91e84dc881455ed3b4af3e8ca8,eval_mean_heading_error_deg,3.209772028549874,3.216795373035278,0.007023344485403982
b4f4b3c4d534167a60dba0d326ed33c436a6cf91e84dc881455ed3b4af3e8ca8,eval_mean_position_error_m,0.00028293721361035486,0.00028355614430775923,6.18930697404371e-07
b33383bc861639cd5d0467e0c0776ddcf4136385399b7c0c6bc4b6485cb74177,eval_mean_heading_error_deg,3.209772028549874,3.216795373035278,0.007023344485403982
b33383bc861639cd5d0467e0c0776ddcf4136385399b7c0c6bc4b6485cb74177,eval_mean_position_error_m,0.00028293721361035486,0.00028355614430775923,6.18930697404371e-07
e7098bdd47f3313ab0a985b09402e4adced48cc76e4c98a36130e6430b915374,eval_mean_heading_error_deg,3.209772028549874,3.216795373035278,0.007023344485403982
e7098bdd47f3313ab0a985b09402e4adced48cc76e4c98a36130e6430b915374,eval_mean_position_error_m,0.00028293721361035486,0.00028355614430775923,6.18930697404371e-07
3805784721cb3289507b0c8375aa24733039a11681732e838012e144b874a2af,eval_mean_heading_error_deg,3.209772028549874,3.216795373035278,0.007023344485403982
3805784721cb3289507b0c8375aa24733039a11681732e838012e144b874a2af,eval_mean_position_error_m,0.00028293721361035486,0.00028355614430775923,6.18930697404371e-07
0fd43fa21b96eb2ed1934d5346ec9284960196069eb6145c2151097369033f7f,eval_mean_heading_error_deg,3.209772028549874,3.216795373035278,0.007023344485403982
0fd43fa21b96eb2ed1934d5346ec9284960196069eb6145c2151097369033f7f,eval_mean_position_error_m,0.00028293721361035486,0.00028355614430775923,6.18930697404371e-07
4e6b42f81eccce6b5338dc5231bfbf67948adc28747123ef8c680fa9109d2f04,eval_mean_heading_error_deg,3.209772028549874,3.216795373035278,0.007023344485403982
4e6b42f81eccce6b5338dc5231bfbf67948adc28747123ef8c680fa9109d2f04,eval_mean_position_error_m,0.00028293721361035486,0.00028355614430775923,6.18930697404371e-07
3594d09341326d2f37664e35c7133f7b52879f8f66b61043b3e4013a2380d59b,eval_mean_heading_error_deg,3.209772028549874,3.216795373035278,0.007023344485403982
3594d09341326d2f37664e35c7133f7b52879f8f66b61043b3e4013a2380d59b,eval_mean_position_error_m,0.00028293721361035486,0.00028355614430775923,6.18930697404371e-07
42bbf21a898d61ed635f566635eff9ae59ce2b94da7223064b71d38add06913a,eval_mean_heading_error_deg,3.209772028549874,3.216795373035278,0.007023344485403982
42bbf21a898d61ed635f566635eff9ae59ce2b94da7223064b71d38add06913a,eval_mean_position_error_m,0.00028293721361035486,0.00028355614430775923,6.18930697404371e-07
32c2094a10d2f8ba6c20c0e8fd10786a7a39a80bf1ffd2b9f39394311fda2e0a,eval_mean_heading_error_deg,3.209772028549874,3.216795373035278,0.007023344485403982
32c2094a10d2f8ba6c20c0e8fd10786a7a39a80bf1ffd2b9f39394311fda2e0a,eval_mean_position_error_m,0.00028293721361035486,0.00028355614430775923,6.18930697404371e-07
fc83a9b21a97d14dab5ab6dba3fec85660ace233c92d65df745c0d83adf80c84,eval_mean_heading_error_deg,3.209772028549874,3.216795373035278,0.007023344485403982
fc83a9b21a97d14dab5ab6dba3fec85660ace233c92d65df745c0d83adf80c84,eval_mean_position_error_m,0.00028293721361035486,0.00028355614430775923,6.18930697404371e-07
84f900b1d46f72af981a28d2034ec441b50da9e5ff55925281861832b59ed6c6,eval_mean_heading_error_deg,3.209772028549874,3.216795373035278,0.007023344485403982
84f900b1d46f72af981a28d2034ec441b50da9e5ff55925281861832b59ed6c6,eval_mean_position_error_m,0.00028293721361035486,0.00028355614430775923,6.18930697404371e-07
42aa190154688e4cebcb071e4981a6a21af76de08e9a46c86846a87d335417df,eval_mean_heading_error_deg,3.209772028549874,3.216795373035278,0.007023344485403982
42aa190154688e4cebcb071e4981a6a21af76de08e9a46c86846a87d335417df,eval_mean_position_error_m,0.00028293721361035486,0.00028355614430775923,6.18930697404371e-07
0292dd63107b085fa254bcd5a633d78d54df518955eefe5b20e3d1e24a9bdef9,eval_mean_heading_error_deg,3.209772028549874,3.216795373035278,0.007023344485403982
0292dd63107b085fa254bcd5a633d78d54df518955eefe5b20e3d1e24a9bdef9,eval_mean_position_error_m,0.00028293721361035486,0.00028355614430775923,6.18930697404371e-07
50e8eb49f92debc930678c574765716f247026fcb660be750bf2e058d2d4ba9f,eval_mean_heading_error_deg,3.209772028549874,3.216795373035278,0.007023344485403982
50e8eb49f92debc930678c574765716f247026fcb660be750bf2e058d2d4ba9f,eval_mean_position_error_m,0.00028293721361035486,0.00028355614430775923,6.18930697404371e-07
a12897f6998210f8c9f97e6061059d7cc0c7d073e8bf53e5e2f27b005e12f0d3,eval_mean_heading_error_deg,1.1326912030904155,1.1350558612987487,0.0023646582083332035
a12897f6998210f8c9f97e6061059d7cc0c7d073e8bf53e5e2f27b005e12f0d3,eval_mean_position_error_m,0.0003088061120403793,0.00030945075041026535,6.446383698860349e-07
0792892bb2f3cabc9bd531a7c61dadf43358b6cb03475bafd83f78a95a0905fa,eval_mean_heading_error_deg,1.1326912030904155,1.1350558612987487,0.0023646582083332035
0792892bb2f3cabc9bd531a7c61dadf43358b6cb03475bafd83f78a95a0905fa,eval_mean_position_error_m,0.0003088061120403793,0.00030945075041026535,6.446383698860349e-07
48024ebc8f0c011d85ea23043b855354e1085f58d98ca02932a72f78fcbedc8a,eval_mean_heading_error_deg,1.1326912030904155,1.1350558612987487,0.0023646582083332035
48024ebc8f0c011d85ea23043b855354e1085f58d98ca02932a72f78fcbedc8a,eval_mean_position_error_m,0.0003088061120403793,0.00030945075041026535,6.446383698860349e-07
e18c2718610136b325b077d3f15c3975d085fa5623818814ca33902ec0c42f02,eval_mean_heading_error_deg,1.1326912030904155,1.1350558612987487,0.0023646582083332035
e18c2718610136b325b077d3f15c3975d085fa5623818814ca33902ec0c42f02,eval_mean_position_error_m,0.0003088061120403793,0.00030945075041026535,6.446383698860349e-07
6a5e22bf6edcd25fb39b3b68a601709aef16ea48db31380b06c8d9227ae9c240,eval_mean_heading_error_deg,1.1326912030904155,1.1350558612987487,0.0023646582083332035
6a5e22bf6edcd25fb39b3b68a601709aef16ea48db31380b06c8d9227ae9c240,eval_mean_position_error_m,0.0003088061120403793,0.00030945075041026535,6.446383698860349e-07
e7cc2ed58891f5e2a744cb47430f785e25e67cc44d83c29cf6b76a041f197285,eval_mean_heading_error_deg,1.1326912030904155,1.1350558612987487,0.0023646582083332035
e7cc2ed58891f5e2a744cb47430f785e25e67cc44d83c29cf6b76a041f197285,eval_mean_position_error_m,0.0003088061120403793,0.00030945075041026535,6.446383698860349e-07
7c97b1d4b6332072d9c3bfe594289041493ea2a3da8174fc3796e6523c82979b,eval_mean_heading_error_deg,1.1326912030904155,1.1350558612987487,0.0023646582083332035
7c97b1d4b6332072d9c3bfe594289041493ea2a3da8174fc3796e6523c82979b,eval_mean_position_error_m,0.0003088061120403793,0.00030945075041026535,6.446383698860349e-07
2a0bf65f2620fac81dbd33ddb7369d788f98569e9187b398f457855c9c8086a7,eval_mean_heading_error_deg,1.1326912030904155,1.1350558612987487,0.0023646582083332035
2a0bf65f2620fac81dbd33ddb7369d788f98569e9187b398f457855c9c8086a7,eval_mean_position_error_m,0.0003088061120403793,0.00030945075041026535,6.446383698860349e-07
7e337ef435658dabfa688990be5e13c64e843fce85e070c048f5c3c3391c1891,eval_mean_heading_error_deg,1.1326912030904155,1.1350558612987487,0.0023646582083332035
7e337ef435658dabfa688990be5e13c64e843fce85e070c048f5c3c3391c1891,eval_mean_position_error_m,0.0003088061120403793,0.00030945075041026535,6.446383698860349e-07
049eaf9848b71aef5cf9ce4fb30c3a177d8f14523c160a8ef9c122216ed1f883,eval_mean_heading_error_deg,1.1326912030904155,1.1350558612987487,0.0023646582083332035
049eaf9848b71aef5cf9ce4fb30c3a177d8f14523c160a8ef9c122216ed1f883,eval_mean_position_error_m,0.0003088061120403793,0.00030945075041026535,6.446383698860349e-07
4b845ac201a6849fd08153b8e7799a0453c64f5e13d9f72bdc548ea2fac7fa86,eval_mean_heading_error_deg,1.1326912030904155,1.1350558612987487,0.0023646582083332035
4b845ac201a6849fd08153b8e7799a0453c64f5e13d9f72bdc548ea2fac7fa86,eval_mean_position_error_m,0.0003088061120403793,0.00030945075041026535,6.446383698860349e-07
3cb4c218ad1131026f8a4f78593132d45a9386fe4f22af5a43c458bd2dfdedae,eval_mean_heading_error_deg,1.1326912030904155,1.1350558612987487,0.0023646582083332035
3cb4c218ad1131026f8a4f78593132d45a9386fe4f22af5a43c458bd2dfdedae,eval_mean_position_error_m,0.0003088061120403793,0.00030945075041026535,6.446383698860349e-07
0ab36b562830224f4ebb81df5d46868bfbc2182e16e4024af36915ea30bc9ca7,eval_mean_heading_error_deg,1.1326912030904155,1.1350558612987487,0.0023646582083332035
0ab36b562830224f4ebb81df5d46868bfbc2182e16e4024af36915ea30bc9ca7,eval_mean_position_error_m,0.0003088061120403793,0.00030945075041026535,6.446383698860349e-07
8ffe96e1b89044c8a76d20386ef30df455c29edcd5731f883565c4334e6892b3,eval_mean_heading_error_deg,1.1326912030904155,1.1350558612987487,0.0023646582083332035
8ffe96e1b89044c8a76d20386ef30df455c29edcd5731f883565c4334e6892b3,eval_mean_position_error_m,0.0003088061120403793,0.00030945075041026535,6.446383698860349e-07
5f507e6f5853789e123a46c137a4ef92a167a15c00cb69b8a880f953afbbdfc6,eval_mean_heading_error_deg,1.1326912030904155,1.1350558612987487,0.0023646582083332035
5f507e6f5853789e123a46c137a4ef92a167a15c00cb69b8a880f953afbbdfc6,eval_mean_position_error_m,0.0003088061120403793,0.00030945075041026535,6.446383698860349e-07
0741476682f3f4ec23eb247dcf203a1459e795f3151d38f99236cf7a46777653,eval_mean_heading_error_deg,1.1326912030904155,1.1350558612987487,0.0023646582083332035
0741476682f3f4ec23eb247dcf203a1459e795f3151d38f99236cf7a46777653,eval_mean_position_error_m,0.0003088061120403793,0.00030945075041026535,6.446383698860349e-07
f74fa7e8ef1929e0b291018a9784dadf30064bc95a919b84dc964f5fd1c8afbb,eval_mean_heading_error_deg,1.1326912030904155,1.1350558612987487,0.0023646582083332035
f74fa7e8ef1929e0b291018a9784dadf30064bc95a919b84dc964f5fd1c8afbb,eval_mean_position_error_m,0.0003088061120403793,0.00030945075041026535,6.446383698860349e-07
ac067dca4e9fa807b1880bb3e721515eb0a1d85297352ed7694e4e986b76ffd6,eval_mean_heading_error_deg,1.1326912030904155,1.1350558612987487,0.0023646582083332035
ac067dca4e9fa807b1880bb3e721515eb0a1d85297352ed7694e4e986b76ffd6,eval_mean_position_error_m,0.0003088061120403793,0.00030945075041026535,6.446383698860349e-07
35c443bb11a823a3c7c40a58dc007e1c1bdc05587f8cbb31260b7426abc3046f,eval_mean_heading_error_deg,1.1326912030904155,1.1350558612987487,0.0023646582083332035
35c443bb11a823a3c7c40a58dc007e1c1bdc05587f8cbb31260b7426abc3046f,eval_mean_position_error_m,0.0003088061120403793,0.00030945075041026535,6.446383698860349e-07
6e5b09b6b0417a4c7da8bbbb8e8ac3272ecdc90aaade17719ca6a6df093fef3a,eval_mean_heading_error_deg,1.1326912030904155,1.1350558612987487,0.0023646582083332035
6e5b09b6b0417a4c7da8bbbb8e8ac3272ecdc90aaade17719ca6a6df093fef3a,eval_mean_position_error_m,0.0003088061120403793,0.00030945075041026535,6.446383698860349e-07
c615e62aa4624024e0fd1542ced4de9c3833a5be2155da0e74ef4ca5719c9d28,eval_mean_heading_error_deg,1.556232803903823,1.5594681403337327,0.0032353364299098075
c615e62aa4624024e0fd1542ced4de9c3833a5be2155da0e74ef4ca5719c9d28,eval_mean_position_error_m,0.00028833806088245366,0.0002889374424264531,5.993815439994101e-07
341dfc863da32ec40ca21389f89bdcf3c95d58d314ec93f8be222a75aab5fe8b,eval_mean_heading_error_deg,1.556232803903823,1.5594681403337327,0.0032353364299098075
341dfc863da32ec40ca21389f89bdcf3c95d58d314ec93f8be222a75aab5fe8b,eval_mean_position_error_m,0.00028833806088245366,0.0002889374424264531,5.993815439994101e-07
32ec7fa5054e7e79134d87e3612fa31bb0b9b18b467d75a66e03560baceb0116,eval_mean_heading_error_deg,1.556232803903823,1.5594681403337327,0.0032353364299098075
32ec7fa5054e7e79134d87e3612fa31bb0b9b18b467d75a66e03560baceb0116,eval_mean_position_error_m,0.00028833806088245366,0.0002889374424264531,5.993815439994101e-07
c23cfb2d8e5f568233b10a6e6b88e130c149699112da2c318906622c008d8bd3,eval_mean_heading_error_deg,1.556232803903823,1.5594681403337327,0.0032353364299098075
c23cfb2d8e5f568233b10a6e6b88e130c149699112da2c318906622c008d8bd3,eval_mean_position_error_m,0.00028833806088245366,0.0002889374424264531,5.993815439994101e-07
6072a1edef6428ae375fe2bba58aaed39a74f42348650fdf36cf6fcd8c8bc06b,eval_mean_heading_error_deg,1.556232803903823,1.5594681403337327,0.0032353364299098075
6072a1edef6428ae375fe2bba58aaed39a74f42348650fdf36cf6fcd8c8bc06b,eval_mean_position_error_m,0.00028833806088245366,0.0002889374424264531,5.993815439994101e-07
37d77f5130d820cd0cd6777ceeb640185213a5bdc4c3a66e31a23c52a8800fdd,eval_mean_heading_error_deg,1.556232803903823,1.5594681403337327,0.0032353364299098075
37d77f5130d820cd0cd6777ceeb640185213a5bdc4c3a66e31a23c52a8800fdd,eval_mean_position_error_m,0.00028833806088245366,0.0002889374424264531,5.993815439994101e-07
8096402fb3fddc0027313e0e34fb14a8e27cbba5226c487a7cec8375e00d058c,eval_mean_heading_error_deg,1.556232803903823,1.5594681403337327,0.0032353364299098075
8096402fb3fddc0027313e0e34fb14a8e27cbba5226c487a7cec8375e00d058c,eval_mean_position_error_m,0.00028833806088245366,0.0002889374424264531,5.993815439994101e-07
46f6680acd1db3c16f0fce59f088e1bdb60d453aceb4bd4cad99da7e55ca790b,eval_mean_heading_error_deg,1.556232803903823,1.5594681403337327,0.0032353364299098075
46f6680acd1db3c16f0fce59f088e1bdb60d453aceb4bd4cad99da7e55ca790b,eval_mean_position_error_m,0.00028833806088245366,0.0002889374424264531,5.993815439994101e-07
497614725aca08dc55760483448e9b440d5416b1642a686443fdd38089a2730e,eval_mean_heading_error_deg,1.556232803903823,1.5594681403337327,0.0032353364299098075
497614725aca08dc55760483448e9b440d5416b1642a686443fdd38089a2730e,eval_mean_position_error_m,0.00028833806088245366,0.0002889374424264531,5.993815439994101e-07
c5bea962df8c1cdb68a1e763d034ef779d671b455080f883e93343ea726b28d0,eval_mean_heading_error_deg,1.556232803903823,1.5594681403337327,0.0032353364299098075
c5bea962df8c1cdb68a1e763d034ef779d671b455080f883e93343ea726b28d0,eval_mean_position_error_m,0.00028833806088245366,0.0002889374424264531,5.993815439994101e-07
84cfa2f56be073b2072744e131ed6a0a0e24dfb97300c08d525d86d57f4f1abe,eval_mean_heading_error_deg,1.556232803903823,1.5594681403337327,0.0032353364299098075
84cfa2f56be073b2072744e131ed6a0a0e24dfb97300c08d525d86d57f4f1abe,eval_mean_position_error_m,0.00028833806088245366,0.0002889374424264531,5.993815439994101e-07
a14f9637216e812f8f574259a38566207817f37ad09f5a88455c33b750aa4171,eval_mean_heading_error_deg,1.556232803903823,1.5594681403337327,0.0032353364299098075
a14f9637216e812f8f574259a38566207817f37ad09f5a88455c33b750aa4171,eval_mean_position_error_m,0.00028833806088245366,0.0002889374424264531,5.993815439994101e-07
c6d0cb31615e74d885ecaaf688a5baa39828085b9eabdd4082133158d9e3e632,eval_mean_heading_error_deg,1.556232803903823,1.5594681403337327,0.0032353364299098075
c6d0cb31615e74d885ecaaf688a5baa39828085b9eabdd4082133158d9e3e632,eval_mean_position_error_m,0.00028833806088245366,0.0002889374424264531,5.993815439994101e-07
245780c602b3a30d876397a89873b9df623971997c078156d4c720a538c2bbb8,eval_mean_heading_error_deg,1.556232803903823,1.5594681403337327,0.0032353364299098075
245780c602b3a30d876397a89873b9df623971997c078156d4c720a538c2bbb8,eval_mean_position_error_m,0.00028833806088245366,0.0002889374424264531,5.993815439994101e-07
9f95c52be0ae484c20bb99b05cf585145b4658615cc5a97682bb10022580fe6d,eval_mean_heading_error_deg,1.556232803903823,1.5594681403337327,0.0032353364299098075
9f95c52be0ae484c20bb99b05cf585145b4658615cc5a97682bb10022580fe6d,eval_mean_position_error_m,0.00028833806088245366,0.0002889374424264531,5.993815439994101e-07
5025bd3d00016573fe8d09d8ac06b95f8a479c02d79afb5c2334957a8bd907bc,eval_mean_heading_error_deg,1.556232803903823,1.5594681403337327,0.0032353364299098075
5025bd3d00016573fe8d09d8ac06b95f8a479c02d79afb5c2334957a8bd907bc,eval_mean_position_error_m,0.00028833806088245366,0.0002889374424264531,5.993815439994101e-07
407d69e16bebf73a5d96edc1bf02d8390058bb1435f3540c0568362f4284d81a,eval_mean_heading_error_deg,1.556232803903823,1.5594681403337327,0.0032353364299098075
407d69e16bebf73a5d96edc1bf02d8390058bb1435f3540c0568362f4284d81a,eval_mean_position_error_m,0.00028833806088245366,0.0002889374424264531,5.993815439994101e-07
d16347ded64bb5c72103d711c4bf458c3f8ee1c463b5b94764f9f86974697fd9,eval_mean_heading_error_deg,1.556232803903823,1.5594681403337327,0.0032353364299098075
d16347ded64bb5c72103d711c4bf458c3f8ee1c463b5b94764f9f86974697fd9,eval_mean_position_error_m,0.00028833806088245366,0.0002889374424264531,5.993815439994101e-07
6e45df0bb2ea7a9b27745b5d2b2ed1283bd1cbc55ed8ae47d17cfe0d3354791c,eval_mean_heading_error_deg,1.556232803903823,1.5594681403337327,0.0032353364299098075
6e45df0bb2ea7a9b27745b5d2b2ed1283bd1cbc55ed8ae47d17cfe0d3354791c,eval_mean_position_error_m,0.00028833806088245366,0.0002889374424264531,5.993815439994101e-07
61fefdf9aefc0c83cffb503d37a33433d2de63bf5fd8d72632783ce8afe0940b,eval_mean_heading_error_deg,1.556232803903823,1.5594681403337327,0.0032353364299098075
61fefdf9aefc0c83cffb503d37a33433d2de63bf5fd8d72632783ce8afe0940b,eval_mean_position_error_m,0.00028833806088245366,0.0002889374424264531,5.993815439994101e-07
b00dbf1ee5115fbf72e85553abccf68c6dcef2720dea874ab64d73f4a9501f11,eval_mean_heading_error_deg,10.757838686473217,10.768846805764388,0.01100811929117107
b00dbf1ee5115fbf72e85553abccf68c6dcef2720dea874ab64d73f4a9501f11,eval_mean_position_error_m,0.04489149388932075,0.04467970694096638,-0.0002117869483543658
fcf08fae83b9fcc304a77e25d84bd6f227e8624ffafebe87a15f364f4120e1fe,eval_mean_heading_error_deg,11.449805707109443,11.46222815584867,0.012422448739227931
fcf08fae83b9fcc304a77e25d84bd6f227e8624ffafebe87a15f364f4120e1fe,eval_mean_position_error_m,0.0473752585794189,0.04715436605353338,-0.000220892525885516
a42a73ecd24a6362f6207de955386ccb7276ee37c4d2092cd005d570e7506fd3,eval_mean_heading_error_deg,10.17928722891168,10.18920204851706,0.009914819605381098
a42a73ecd24a6362f6207de955386ccb7276ee37c4d2092cd005d570e7506fd3,eval_mean_position_error_m,0.04284802688618993,0.04264502339856313,-0.00020300348762680026
ef709549043a8ca672cc6e4dfa1c802dcaab013d7e3bd5f46d1e67a798d04382,eval_mean_heading_error_deg,11.342506310502364,11.354824525957957,0.012318215455593418
ef709549043a8ca672cc6e4dfa1c802dcaab013d7e3bd5f46d1e67a798d04382,eval_mean_position_error_m,0.04725670875700856,0.04703599820862714,-0.00022071054838142257
26517aacb67bb4bd7ad40aee94b2a84b2d4d312ddef799761082db1b07b4fc71,eval_mean_heading_error_deg,9.4301672474981,9.438568112611383,0.008400865113284084
26517aacb67bb4bd7ad40aee94b2a84b2d4d312ddef799761082db1b07b4fc71,eval_mean_position_error_m,0.03874542176034451,0.03855676575091454,-0.00018865600942997302
8e52b5acc4dda5387a30d2cb621f4afbe6448f0e164a2f3a6d8b79607ed0ce39,eval_mean_heading_error_deg,11.935696764646117,11.948910162477052,0.013213397830934781
8e52b5acc4dda5387a30d2cb621f4afbe6448f0e164a2f3a6d8b79607ed0ce39,eval_mean_position_error_m,0.0486301480850567,0.04840568870559738,-0.00022445937945932137
3ebf8b87a599a9e9877de7c06b4aa015eebb2aaa0c843800e9ba878336b64e2f,eval_mean_heading_error_deg,11.238882242047184,11.250607344491984,0.011725102444799518
3ebf8b87a599a9e9877de7c06b4aa015eebb2aaa0c843800e9ba878336b64e2f,eval_mean_position_error_m,0.04658246047066379,0.04636478701457629,-0.00021767345608750266
c1c7843fa81a38dda75bcf8348f7cba4f21e3c8462c6da174f5bb7f13e77d7ce,eval_mean_heading_error_deg,10.744710963198674,10.755520489242784,0.010809526044109674
c1c7843fa81a38dda75bcf8348f7cba4f21e3c8462c6da174f5bb7f13e77d7ce,eval_mean_position_error_m,0.04427293858383942,0.04406370863215827,-0.00020922995168114883
1122822a1013d26729920363e6a412d0b934f0e9a49dcfa2a377210f1cfbe22b,eval_mean_heading_error_deg,9.628497840980756,9.637301257365362,0.008803416384605356
1122822a1013d26729920363e6a412d0b934f0e9a49dcfa2a377210f1cfbe22b,eval_mean_position_error_m,0.04071306965986309,0.04051671291513074,-0.00019635674473235387
5059bfd96160dbdc8f14108bdce4a73accc410db1187657ddac490d0dbdf439d,eval_mean_heading_error_deg,11.377357113246536,11.389647445229043,0.012290331982507396
5059bfd96160dbdc8f14108bdce4a73accc410db1187657ddac490d0dbdf439d,eval_mean_position_error_m,0.04738350163729431,0.04716442705185596,-0.00021907458543835023
4a6a0559523ac2b73ba8c672a7b85ed056d4d8e54dfd2b32fcb986d55a5cfc78,eval_mean_heading_error_deg,10.231768103486473,10.241714832016486,0.00994672853001255
4a6a0559523ac2b73ba8c672a7b85ed056d4d8e54dfd2b32fcb986d55a5cfc78,eval_mean_position_error_m,0.042411086388136794,0.04220874614134031,-0.00020234024679648133
349f4a7b1a0ad318956e424a3e994b2a92346e623d22cd0ab32b0323b8d26a67,eval_mean_heading_error_deg,12.715786503250774,12.73129525974625,0.015508756495476561
349f4a7b1a0ad318956e424a3e994b2a92346e623d22cd0ab32b0323b8d26a67,eval_mean_position_error_m,0.05334085610678599,0.05309905890958579,-0.0002417971972001956
92622b633760dd877e6d9f35fb3083dca7a7117485b7484adf7e5bb94b892f5c,eval_mean_heading_error_deg,10.62108289319248,10.631883651209247,0.010800758016767276
92622b633760dd877e6d9f35fb3083dca7a7117485b7484adf7e5bb94b892f5c,eval_mean_position_error_m,0.044668062404248664,0.04445671821733316,-0.0002113441869155061
7c03d8e53f6d7479f367c9639a56342724941c14566a4261a7ede896ef68b0d8,eval_mean_heading_error_deg,10.57911268624233,10.589838731973263,0.010726045730931943
7c03d8e53f6d7479f367c9639a56342724941c14566a4261a7ede896ef68b0d8,eval_mean_position_error_m,0.044646677853272476,0.04443661884802189,-0.00021005900525058324
f476e06a7ed26aef43e102e44a19bf7ebb2d2b85d5898add33778393d04ecc51,eval_mean_heading_error_deg,10.46397168033934,10.474104911520804,0.010133231181464808
f476e06a7ed26aef43e102e44a19bf7ebb2d2b85d5898add33778393d04ecc51,eval_mean_position_error_m,0.043159682255584524,0.04295487104991115,-0.00020481120567337335
3801447897ab4071267ad2003a6d69181dd7e5d74d28d8c96e7af84a715b54aa,eval_mean_heading_error_deg,14.375460921489337,14.394914163348595,0.01945324185925834
3801447897ab4071267ad2003a6d69181dd7e5d74d28d8c96e7af84a715b54aa,eval_mean_position_error_m,0.05895972199282675,0.05870061268580355,-0.00025910930702319895
d3cb5f83c4d3a1fce6e05804725f83c771992719cbaf861974443d7ddcaa9be9,eval_mean_heading_error_deg,10.616013454154192,10.626686669319975,0.010673215165782679
d3cb5f83c4d3a1fce6e05804725f83c771992719cbaf861974443d7ddcaa9be9,eval_mean_position_error_m,0.0441772476892124,0.04396806945509696,-0.00020917823411543968
4b2bfb2b7ccccca474433607621ed20cd0c556a1655cb3f43daa711cb1785b29,eval_mean_heading_error_deg,9.301955958371567,9.310211037498606,0.008255079127039266
4b2bfb2b7ccccca474433607621ed20cd0c556a1655cb3f43daa711cb1785b29,eval_mean_position_error_m,0.038839360224410036,0.03865074951937252,-0.00018861070503751326
ec574ea6bb9718cc164117b580d3b3958927e31e95decc85e69843acfc617d0a,eval_mean_heading_error_deg,9.356697415214194,9.36500510177414,0.008307686559945182
ec574ea6bb9718cc164117b580d3b3958927e31e95decc85e69843acfc617d0a,eval_mean_position_error_m,0.03856576583664224,0.03837786332798803,-0.0001879025086542127
e77480160dc4c932d2ff5d26ca9be5f736d3004728081ec87467a8bcb0fa9039,eval_mean_heading_error_deg,11.948624388335292,11.962208517922967,0.01358412958767552
e77480160dc4c932d2ff5d26ca9be5f736d3004728081ec87467a8bcb0fa9039,eval_mean_position_error_m,0.04927737783113937,0.04904888629551234,-0.00022849153562703312
a0d8354a07fcc7558fe7d737fb1865dee69bb08b21acd5636fd5d026af049bc1,eval_mean_heading_error_deg,0.01241253030727592,0.012443541913625617,3.1011606349697074e-05
a0d8354a07fcc7558fe7d737fb1865dee69bb08b21acd5636fd5d026af049bc1,eval_mean_position_error_m,0.04788961474269825,0.04661794819654419,-0.0012716665461540572
126ddd80e707b3d74c948455b9ea4ddea29b9741781a95c8fd77105edad527dd,eval_mean_heading_error_deg,0.020396421451667215,0.02047407560256392,7.765415089670477e-05
126ddd80e707b3d74c948455b9ea4ddea29b9741781a95c8fd77105edad527dd,eval_mean_position_error_m,0.048468499038191705,0.04720588808964807,-0.0012626109485436368
afa8e5059129a8f620090c4aa479b7a95dd4f64bebc5cbde7e75ba8d35aa54f3,eval_mean_heading_error_deg,0.013377332639330223,0.013422834300980395,4.5501661650172026e-05
afa8e5059129a8f620090c4aa479b7a95dd4f64bebc5cbde7e75ba8d35aa54f3,eval_mean_position_error_m,0.048694761159374794,0.04743051659888357,-0.0012642445604912275
71a12ee3da3961f4ed0488e3df56fefbd8a68ca858e72ddebaaaaa6722645223,eval_mean_heading_error_deg,0.009280989712849524,0.009271035166001022,-9.954546848501764e-06
71a12ee3da3961f4ed0488e3df56fefbd8a68ca858e72ddebaaaaa6722645223,eval_mean_position_error_m,0.049260326997032026,0.04887336459071079,-0.0003869624063212382
eb9c385bf488cbe6efd6bddf925064243af64836a18e1d6099eb72e46c4a0964,eval_mean_heading_error_deg,0.015557211666262838,0.015660366136507436,0.00010315447024459787
eb9c385bf488cbe6efd6bddf925064243af64836a18e1d6099eb72e46c4a0964,eval_mean_position_error_m,0.04590344968066977,0.04286057150650611,-0.0030428781741636615
98a0ab2a46b532a3242d970d151e0980a2db8ff1bc2c4354463fef4f1a4c8ea3,eval_mean_heading_error_deg,0.011429838843804574,0.011444091081391002,1.4252237586427283e-05
98a0ab2a46b532a3242d970d151e0980a2db8ff1bc2c4354463fef4f1a4c8ea3,eval_mean_position_error_m,0.04930380694537991,0.04891701691442404,-0.0003867900309558747
1b4bdbf3e7d94e1202b13cf54fa51a757f8355cae0d7d7678b9b906a6aeb68da,eval_mean_heading_error_deg,0.011286078309983523,0.011324143296971526,3.806498698800259e-05
1b4bdbf3e7d94e1202b13cf54fa51a757f8355cae0d7d7678b9b906a6aeb68da,eval_mean_position_error_m,0.046013823900490476,0.04473855902583932,-0.0012752648746511552
0abe068f365ff0fecf5ca07dcaae692e28bb88b1991ed00a8ec085f3aa6957b3,eval_mean_heading_error_deg,0.010078910305619531,0.010072649527348751,-6.260778270780407e-06
0abe068f365ff0fecf5ca07dcaae692e28bb88b1991ed00a8ec085f3aa6957b3,eval_mean_position_error_m,0.04953630834835486,0.049149176095268136,-0.00038713225308672355
c1f505e00d4a60dfe979573a6643c17ca503f7224876870a34ff0e71e8e14645,eval_mean_heading_error_deg,0.01585202527202633,0.015875912714589012,2.388744256268116e-05
c1f505e00d4a60dfe979573a6643c17ca503f7224876870a34ff0e71e8e14645,eval_mean_position_error_m,0.04944904273606848,0.049061748431194624,-0.00038729430487385863
8c6c6804c63edf0d58633b6597c9648da18adeec6afca6419d14a749d5fa1813,eval_mean_heading_error_deg,0.009117107865128253,0.009157570318483101,4.0462453354848243e-05
8c6c6804c63edf0d58633b6597c9648da18adeec6afca6419d14a749d5fa1813,eval_mean_position_error_m,0.04698741409566553,0.04485541918846712,-0.0021319949071984118
20ee8cbdfc63ac9162b384ca1cfba47ac34be68be5ba652ce38e93f09ee3cd4c,eval_mean_heading_error_deg,0.011294686811518483,0.011307280527303946,1.2593715785463866e-05
20ee8cbdfc63ac9162b384ca1cfba47ac34be68be5ba652ce38e93f09ee3cd4c,eval_mean_position_error_m,0.04968345668679612,0.04929591431626997,-0.0003875423705261491
d4c463c1adf0bd17d98cd561ebd39ef10b558a142bd3f59aeb85b7d99d8c3d1d,eval_mean_heading_error_deg,0.010437363274707024,0.010472843544777581,3.5480270070557124e-05
d4c463c1adf0bd17d98cd561ebd39ef10b558a142bd3f59aeb85b7d99d8c3d1d,eval_mean_position_error_m,0.045401587321409406,0.04185762352038414,-0.003543963801025264
737caf193b76f4bd4a763616b11e920f02b3dcdd2aab6dffeb4940ce6eea444e,eval_mean_heading_error_deg,0.01259238343723531,0.012652727510300542,6.034407306523132e-05
737caf193b76f4bd4a763616b11e920f02b3dcdd2aab6dffeb4940ce6eea444e,eval_mean_position_error_m,0.04702344625216728,0.04486382781723248,-0.0021596184349347985
77f73e54904b8c8d8b53b45ade4c392b2d06d725e022e40897ca9c1660fa6dc8,eval_mean_heading_error_deg,0.008695077306385204,0.008723664215507264,2.8586909122059467e-05
77f73e54904b8c8d8b53b45ade4c392b2d06d725e022e40897ca9c1660fa6dc8,eval_mean_position_error_m,0.0470378204899101,0.04585522177803384,-0.0011825987118762593
536b6f685f9890eeabd23b024c9004eba4b304892dc9a705dfcc0fcff324d542,eval_mean_heading_error_deg,0.011607659450863454,0.011642552416437277,3.489296557382393e-05
536b6f685f9890eeabd23b024c9004eba4b304892dc9a705dfcc0fcff324d542,eval_mean_position_error_m,0.048706375860894706,0.04744218054482266,-0.0012641953160720462
a1e60020a9aa5f8b2cc63cd2565911cf07c6af9cc07ffbdb5324380beeaa6fb4,eval_mean_heading_error_deg,0.01150546538986911,0.011502373431686547,-3.091958182563012e-06
a1e60020a9aa5f8b2cc63cd2565911cf07c6af9cc07ffbdb5324380beeaa6fb4,eval_mean_position_error_m,0.04957354999670251,0.04918651733991512,-0.00038703265678738386
61f3ac41ab9079c108492b1d773f2cbf2d155f4953549653fcf2bac278324b22,eval_mean_heading_error_deg,0.012807160197224561,0.012896023457545947,8.886326032138576e-05
61f3ac41ab9079c108492b1d773f2cbf2d155f4953549653fcf2bac278324b22,eval_mean_position_error_m,0.0430116533758659,0.03923950859786648,-0.00377214477799942
edb523c1b567796fa6b6c1bfe28c9c5a6740156222f12116bbcbd21fc1c86991,eval_mean_heading_error_deg,0.011946252644484467,0.0119908653405879,4.4612696103433006e-05
edb523c1b567796fa6b6c1bfe28c9c5a6740156222f12116bbcbd21fc1c86991,eval_mean_position_error_m,0.04590015181328229,0.043740980818939346,-0.0021591709943429432
6b1ed2c8f829d40d11cd7261ba8dd73c5d7296093caaf10f11d5e3ded5a71c80,eval_mean_heading_error_deg,0.009865869681091651,0.009892363689018805,2.6494007927153895e-05
6b1ed2c8f829d40d11cd7261ba8dd73c5d7296093caaf10f11d5e3ded5a71c80,eval_mean_position_error_m,0.03832981245685898,0.037031803407036754,-0.0012980090498222255
554a728dff04a3ff64429c63df30871de53f88dfe05037d45bd2ee6889f1a98c,eval_mean_heading_error_deg,0.010601929541380936,0.010637445205421127,3.551566404019074e-05
554a728dff04a3ff64429c63df30871de53f88dfe05037d45bd2ee6889f1a98c,eval_mean_position_error_m,0.042589474185195146,0.04130345078068854,-0.001286023404506606
f233bc6792b56915d0cd6b7f88ae32f8cdc117a559ad4527fc1b44ade752008c,eval_mean_heading_error_deg,0.01241253030727592,0.012443541913625617,3.1011606349697074e-05
f233bc6792b56915d0cd6b7f88ae32f8cdc117a559ad4527fc1b44ade752008c,eval_mean_position_error_m,0.04788961474269825,0.04661794819654419,-0.0012716665461540572
46842f8af69f4fc5daa7695f8b2958867de70ed026e7083987ca71b571f0390e,eval_mean_heading_error_deg,0.020396421451667215,0.02047407560256392,7.765415089670477e-05
46842f8af69f4fc5daa7695f8b2958867de70ed026e7083987ca71b571f0390e,eval_mean_position_error_m,0.048468499038191705,0.04720588808964807,-0.0012626109485436368
919c6e10ccda3822053d2ad5b4836d54905505c1cf23371b0f99212dfcee7119,eval_mean_heading_error_deg,0.013377332639330223,0.013422834300980395,4.5501661650172026e-05
919c6e10ccda3822053d2ad5b4836d54905505c1cf23371b0f99212dfcee7119,eval_mean_position_error_m,0.048694761159374794,0.04743051659888357,-0.0012642445604912275
2c22f65b7b21758b2883b31942e450c833748776218eddc0cec599994bfed4f0,eval_mean_heading_error_deg,0.009280989712849524,0.009271035166001022,-9.954546848501764e-06
2c22f65b7b21758b2883b31942e450c833748776218eddc0cec599994bfed4f0,eval_mean_position_error_m,0.049260326997032026,0.04887336459071079,-0.0003869624063212382
aba9f523dc827c582a9e8b5fc3a500590be90379accb4aa0410ab6bc6b2f3eb1,eval_mean_heading_error_deg,0.015557211666262838,0.015660366136507436,0.00010315447024459787
aba9f523dc827c582a9e8b5fc3a500590be90379accb4aa0410ab6bc6b2f3eb1,eval_mean_position_error_m,0.04590344968066977,0.04286057150650611,-0.0030428781741636615
db8a44aaff544a0af7e6665e0488d031ab7bc3026f56286c056ba513ebd88ce7,eval_mean_heading_error_deg,0.011429838843804574,0.011444091081391002,1.4252237586427283e-05
db8a44aaff544a0af7e6665e0488d031ab7bc3026f56286c056ba513ebd88ce7,eval_mean_position_error_m,0.04930380694537991,0.04891701691442404,-0.0003867900309558747
2bbfa29718f9ad97bd6c146fd7c85cfcebe7d9cfd968a45278a3c355fa9de8bf,eval_mean_heading_error_deg,0.011286078309983523,0.011324143296971526,3.806498698800259e-05
2bbfa29718f9ad97bd6c146fd7c85cfcebe7d9cfd968a45278a3c355fa9de8bf,eval_mean_position_error_m,0.046013823900490476,0.04473855902583932,-0.0012752648746511552
d30bcada273623c513452253f36589942d3b4c10ee252a9f1ba67098f3fe1cf2,eval_mean_heading_error_deg,0.010078910305619531,0.010072649527348751,-6.260778270780407e-06
d30bcada273623c513452253f36589942d3b4c10ee252a9f1ba67098f3fe1cf2,eval_mean_position_error_m,0.04953630834835486,0.049149176095268136,-0.00038713225308672355
713555a27193feffe8c4fbee13d8bbb01eff9b70cffc6e7834c61974b3fa7b1e,eval_mean_heading_error_deg,0.01585202527202633,0.015875912714589012,2.388744256268116e-05
713555a27193feffe8c4fbee13d8bbb01eff9b70cffc6e7834c61974b3fa7b1e,eval_mean_position_error_m,0.04944904273606848,0.049061748431194624,-0.00038729430487385863
43c9c485c9a62313901ed0342421b7387ea38b4621d86062f7cd1f8a53504b3b,eval_mean_heading_error_deg,0.009117107865128253,0.009157570318483101,4.0462453354848243e-05
43c9c485c9a62313901ed0342421b7387ea38b4621d86062f7cd1f8a53504b3b,eval_mean_position_error_m,0.04698741409566553,0.04485541918846712,-0.0021319949071984118
2454b06ce09592bbb0b4119e467ca3e13e1755aa04d1e937cf4aa949c71f402c,eval_mean_heading_error_deg,0.011294686811518483,0.011307280527303946,1.2593715785463866e-05
2454b06ce09592bbb0b4119e467ca3e13e1755aa04d1e937cf4aa949c71f402c,eval_mean_position_error_m,0.04968345668679612,0.04929591431626997,-0.0003875423705261491
fb45344a2884eeb45ed378622ed3b82eb985738ac0a8355eb83f11eb611811b8,eval_mean_heading_error_deg,0.010437363274707024,0.010472843544777581,3.5480270070557124e-05
fb45344a2884eeb45ed378622ed3b82eb985738ac0a8355eb83f11eb611811b8,eval_mean_position_error_m,0.045401587321409406,0.04185762352038414,-0.003543963801025264
b2885e5109456b00617ff605dcfe822a6369013aafa407ab5d1bf327b25d7cec,eval_mean_heading_error_deg,0.01259238343723531,0.012652727510300542,6.034407306523132e-05
b2885e5109456b00617ff605dcfe822a6369013aafa407ab5d1bf327b25d7cec,eval_mean_position_error_m,0.04702344625216728,0.04486382781723248,-0.0021596184349347985
379425d7a20faf3c4a9599cc468602f6fa3ab923b464621f5651469ff0d14d9f,eval_mean_heading_error_deg,0.008695077306385204,0.008723664215507264,2.8586909122059467e-05
379425d7a20faf3c4a9599cc468602f6fa3ab923b464621f5651469ff0d14d9f,eval_mean_position_error_m,0.0470378204899101,0.04585522177803384,-0.0011825987118762593
ffce9174c54e1c066ffa3ed809e3ac16c9129b3f8b2c56910f00cba6f7abc992,eval_mean_heading_error_deg,0.011607659450863454,0.011642552416437277,3.489296557382393e-05
ffce9174c54e1c066ffa3ed809e3ac16c9129b3f8b2c56910f00cba6f7abc992,eval_mean_position_error_m,0.048706375860894706,0.04744218054482266,-0.0012641953160720462
7d4bb3dab411c5b1249deeec7bc7fabe602869987c23c98ef5c0d5c944bca50c,eval_mean_heading_error_deg,0.01150546538986911,0.011502373431686547,-3.091958182563012e-06
7d4bb3dab411c5b1249deeec7bc7fabe602869987c23c98ef5c0d5c944bca50c,eval_mean_position_error_m,0.04957354999670251,0.04918651733991512,-0.00038703265678738386
66787bcf76b2964ce6f19cbc067c447a3f18d195d45fffc0ee5405fe31df92dd,eval_mean_heading_error_deg,0.012807160197224561,0.012896023457545947,8.886326032138576e-05
66787bcf76b2964ce6f19cbc067c447a3f18d195d45fffc0ee5405fe31df92dd,eval_mean_position_error_m,0.0430116533758659,0.03923950859786648,-0.00377214477799942
b8342a68d74b5c671c3dafb73d9246b5571decb5a7334f83775a3ec101bb4a8e,eval_mean_heading_error_deg,0.011946252644484467,0.0119908653405879,4.4612696103433006e-05
b8342a68d74b5c671c3dafb73d9246b5571decb5a7334f83775a3ec101bb4a8e,eval_mean_position_error_m,0.04590015181328229,0.043740980818939346,-0.0021591709943429432
1ba7ba1447b285591cc9e3f67825a91367cabdae21c34d1a076c3f28bf9aca65,eval_mean_heading_error_deg,0.009865869681091651,0.009892363689018805,2.6494007927153895e-05
1ba7ba1447b285591cc9e3f67825a91367cabdae21c34d1a076c3f28bf9aca65,eval_mean_position_error_m,0.03832981245685898,0.037031803407036754,-0.0012980090498222255
04c24d1ae1dfb25286cb0d5c2364c166a2a219f9a8c97a52aa9da742bfeaede7,eval_mean_heading_error_deg,0.010601929541380936,0.010637445205421127,3.551566404019074e-05
04c24d1ae1dfb25286cb0d5c2364c166a2a219f9a8c97a52aa9da742bfeaede7,eval_mean_position_error_m,0.042589474185195146,0.04130345078068854,-0.001286023404506606
b6bba5a2c5e9c8f8cd5282fa2f73cede0e85db41c51e53e08770a118b4fef881,eval_mean_heading_error_deg,0.012090172344452942,0.012125703394628425,3.5531050175483664e-05
b6bba5a2c5e9c8f8cd5282fa2f73cede0e85db41c51e53e08770a118b4fef881,eval_mean_position_error_m,0.04829269054965046,0.047030029124361855,-0.0012626614252886081
93fcef7fa72a0bc8cdb282f272e06b0db89ad53809df92cf5dfcf21d40720fb0,eval_mean_heading_error_deg,0.020219777378151577,0.020297836607389732,7.805922923815461e-05
93fcef7fa72a0bc8cdb282f272e06b0db89ad53809df92cf5dfcf21d40720fb0,eval_mean_position_error_m,0.049120380107637446,0.04786029036977588,-0.0012600897378615625
88395546871b67e79292d7dfced1a21bea381dbe9b1a6e0ce1f87b319fe93817,eval_mean_heading_error_deg,0.013049586267209019,0.013114050858479645,6.44645912706264e-05
88395546871b67e79292d7dfced1a21bea381dbe9b1a6e0ce1f87b319fe93817,eval_mean_position_error_m,0.04851465775740905,0.04643538919845801,-0.0020792685589510404
ad0cf926651e4369f5cef6eba1fbdf532d986c47ce6647088eb4455ca422df20,eval_mean_heading_error_deg,0.009293493748497118,0.009282304222502867,-1.1189525994251617e-05
ad0cf926651e4369f5cef6eba1fbdf532d986c47ce6647088eb4455ca422df20,eval_mean_position_error_m,0.049853904174703166,0.04946879484896555,-0.00038510932573761897
87be97d36ad696ef103332662c4fba59a94d2965ec74bb4218a991694387abab,eval_mean_heading_error_deg,0.015310980676599239,0.015412222622785375,0.00010124194618613656
87be97d36ad696ef103332662c4fba59a94d2965ec74bb4218a991694387abab,eval_mean_position_error_m,0.04660377721285303,0.04356637027521496,-0.003037406937638071
3ec4fd736d504f9985c6819b29c9b99c38aa71770a311b2e5ab7673e0e51a90b,eval_mean_heading_error_deg,0.011112630224901915,0.01114743731956145,3.4807094659534965e-05
3ec4fd736d504f9985c6819b29c9b99c38aa71770a311b2e5ab7673e0e51a90b,eval_mean_position_error_m,0.049152955587199385,0.04789399056823353,-0.0012589650189658574
3a424b827e3a4914c72f490bac1427cd3962fceaae6b2fa737ac274f371f3638,eval_mean_heading_error_deg,0.011266421156502265,0.011335747613041892,6.932645653962705e-05
3a424b827e3a4914c72f490bac1427cd3962fceaae6b2fa737ac274f371f3638,eval_mean_position_error_m,0.045930422911392425,0.04306696561597697,-0.002863457295415456
6cbdade94deb0388728f02995e1d048eb0b4ba332e87ac71ecefce5d1d92f369,eval_mean_heading_error_deg,0.009631824160526367,0.00961910033323861,-1.2723827287756603e-05
6cbdade94deb0388728f02995e1d048eb0b4ba332e87ac71ecefce5d1d92f369,eval_mean_position_error_m,0.050090834258997484,0.049705502919644276,-0.0003853313393532079
91431f8ed2faa57f90d5c98fbcc207163c34e63c81fe3922030e78b006cfe4cf,eval_mean_heading_error_deg,0.015689864392556686,0.015776150136608935,8.628574405224881e-05
91431f8ed2faa57f90d5c98fbcc207163c34e63c81fe3922030e78b006cfe4cf,eval_mean_position_error_m,0.048344889434955934,0.04623566867619941,-0.002109220758756525
2fd46044a7404244c6d8337b2a40ccdfe64c1ad6d5d6af03fc783240cb9dee79,eval_mean_heading_error_deg,0.009092055153628101,0.009135944216121019,4.388906249291717e-05
2fd46044a7404244c6d8337b2a40ccdfe64c1ad6d5d6af03fc783240cb9dee79,eval_mean_position_error_m,0.04489215465564445,0.04273217357268113,-0.002159981082963322
41f615e9127a29a28ef43e828b63a4cdeba0fbc38d0c3e43b17523355b651b22,eval_mean_heading_error_deg,0.01092070567744881,0.010965923173353076,4.521749590426574e-05
41f615e9127a29a28ef43e828b63a4cdeba0fbc38d0c3e43b17523355b651b22,eval_mean_position_error_m,0.04623556633950075,0.04414279738870027,-0.002092768950800482
a72f54fb930a592bb31893666942da2bed43dba5726b1954ede27053a6a507f1,eval_mean_heading_error_deg,0.01052320629526446,0.010625958230987184,0.00010275193572272315
a72f54fb930a592bb31893666942da2bed43dba5726b1954ede27053a6a507f1,eval_mean_position_error_m,0.03323232130780596,0.02896642289952505,-0.004265898408280913
f4571c5f431c27e8f26db3f1119c5e35945aa8d71c90ac11dba55bb2f230164f,eval_mean_heading_error_deg,0.01241722101553509,0.012497596534254916,8.037551871982636e-05
f4571c5f431c27e8f26db3f1119c5e35945aa8d71c90ac11dba55bb2f230164f,eval_mean_position_error_m,0.04557128307570392,0.04217495365504569,-0.003396329420658227
dc3b8736b93d54db2eed7e9f657ae2d8d367e21008bd9b54e5a2520f37e26ae4,eval_mean_heading_error_deg,0.008678450056051208,0.008755567709862567,7.711765381135903e-05
dc3b8736b93d54db2eed7e9f657ae2d8d367e21008bd9b54e5a2520f37e26ae4,eval_mean_position_error_m,0.04367916443106782,0.03995160275854655,-0.003727561672521272
1d1ea674202e8d0d57a24d043a94bd7214d3ce6a65d7b008bb045345327d3d74,eval_mean_heading_error_deg,0.011170131028182156,0.011219451171498163,4.93201433160069e-05
1d1ea674202e8d0d57a24d043a94bd7214d3ce6a65d7b008bb045345327d3d74,eval_mean_position_error_m,0.048465032510625214,0.046402117254240004,-0.00206291525638521
485dce0dfc1a2acb86567233dc068d72dee056a44da9910cfbf46575030c6383,eval_mean_heading_error_deg,0.011514207882529123,0.011540328913819555,2.6121031290432528e-05
485dce0dfc1a2acb86567233dc068d72dee056a44da9910cfbf46575030c6383,eval_mean_position_error_m,0.04479149577535194,0.04375964765867605,-0.001031848116675893
762843a790663e676708145a704c6c9ed222c16a1f07fc64b84514cf23d410da,eval_mean_heading_error_deg,0.01268349502688612,0.01280569474620279,0.00012219971931667038
762843a790663e676708145a704c6c9ed222c16a1f07fc64b84514cf23d410da,eval_mean_position_error_m,0.04130828450789944,0.036788912089759165,-0.004519372418140273
6db1851772a6e6f35bbb96dfc7f1613efe0dce14e072df97def750792916b6d5,eval_mean_heading_error_deg,0.011990846076010394,0.012068261609721881,7.741553371148728e-05
6db1851772a6e6f35bbb96dfc7f1613efe0dce14e072df97def750792916b6d5,eval_mean_position_error_m,0.041705276312621796,0.03852800167018466,-0.003177274642437139
d69d53bc53b7d4cf0cb6f901f727e299a15d191aec8649035e000437408ca279,eval_mean_heading_error_deg,0.009795799130537967,0.009829557720386642,3.3758589848675163e-05
d69d53bc53b7d4cf0cb6f901f727e299a15d191aec8649035e000437408ca279,eval_mean_position_error_m,0.03983411186149358,0.03854051477788355,-0.001293597083610036
e16098560f2965f6801da43307254f0219224e7e1651d5c2231662fced243abb,eval_mean_heading_error_deg,0.01049445761571712,0.010543580264205007,4.9122648487887055e-05
e16098560f2965f6801da43307254f0219224e7e1651d5c2231662fced243abb,eval_mean_position_error_m,0.044033423891638404,0.041887954316119635,-0.0021454695755187686
ae07919626f278ec3d68aacd046ee25e1542f1cd87284e5a01bd35f9ae83bdf1,eval_mean_heading_error_deg,0.7505249399578727,0.7521644015167172,0.001639461558844424
ae07919626f278ec3d68aacd046ee25e1542f1cd87284e5a01bd35f9ae83bdf1,eval_mean_position_error_m,0.00040651190948852185,0.0004064391433722076,-7.276611631426349e-08
16bcf03f59a390cb845be7d96a77a497133c36e2ef73e738d7c513b673469662,eval_mean_heading_error_deg,0.7615267040444984,0.763134457747652,0.0016077537031535805
16bcf03f59a390cb845be7d96a77a497133c36e2ef73e738d7c513b673469662,eval_mean_position_error_m,0.00042988924384683766,0.00043070917350417987,8.199296573422037e-07
2d752ecda0f0e01f2342e7ed7dc9c444ef58465735b4b4975600d8d1747a6260,eval_mean_heading_error_deg,0.7478198387169478,0.7494427240891918,0.0016228853722439762
2d752ecda0f0e01f2342e7ed7dc9c444ef58465735b4b4975600d8d1747a6260,eval_mean_position_error_m,0.0004202921746050028,0.0004211735430897792,8.81368484776377e-07
3607794c453f7db51f9d87e20cc6e862567c8870973e59e66edc049ea44b74aa,eval_mean_heading_error_deg,0.7526448866230605,0.7542835225346222,0.0016386359115616589
3607794c453f7db51f9d87e20cc6e862567c8870973e59e66edc049ea44b74aa,eval_mean_position_error_m,0.0003405696525663773,0.0003410204977937412,4.5084522736394024e-07
fbef73e4460eae381b156c7846072243f2c94acb7002bf448dce6e6e9bd89d86,eval_mean_heading_error_deg,0.7487321308136944,0.7503657307411232,0.0016335999274288415
fbef73e4460eae381b156c7846072243f2c94acb7002bf448dce6e6e9bd89d86,eval_mean_position_error_m,0.0004320563834623987,0.0004328278482712155,7.714648088168121e-07
78c859980b7fd283520507735d742f91cd46a504908fa01659c2658e46a75a6d,eval_mean_heading_error_deg,0.748487199180213,0.7500974181837775,0.0016102190035645059
78c859980b7fd283520507735d742f91cd46a504908fa01659c2658e46a75a6d,eval_mean_position_error_m,0.00037879922789297313,0.0003791788965740025,3.796686810293888e-07
6c20eada297a455daa71c62c92a815dbfa515c3d7ed3db1cc5663c0bbc36698b,eval_mean_heading_error_deg,0.735747689844654,0.737355186263754,0.001607496419099963
6c20eada297a455daa71c62c92a815dbfa515c3d7ed3db1cc5663c0bbc36698b,eval_mean_position_error_m,0.0005209101864987723,0.0005213911178502722,4.809313514999051e-07
f46f5505c42e0b54a2c5a6a34bf47770292565cad3d23870cf10f4bd6715ddd4,eval_mean_heading_error_deg,0.7351271627047516,0.7367164492935686,0.0015892865888169627
f46f5505c42e0b54a2c5a6a34bf47770292565cad3d23870cf10f4bd6715ddd4,eval_mean_position_error_m,0.0005144877202605675,0.00051550379205274,1.0160717921724183e-06
81ed9d8738dd8eed46298f49e4d08873fcb7a1f9eda5fe5f8a3d7ada509e6da7,eval_mean_heading_error_deg,0.7439536998242771,0.7455759067177615,0.001622206893484468
81ed9d8738dd8eed46298f49e4d08873fcb7a1f9eda5fe5f8a3d7ada509e6da7,eval_mean_position_error_m,0.0004526763748077349,0.0004534498811720737,7.735063643387794e-07
5190ede47b91ad3816fc0c436686c02d85d9d4ca89ef40c7e806e3fff84d2bf9,eval_mean_heading_error_deg,0.7347078133476493,0.7362956527498896,0.0015878394022402764
5190ede47b91ad3816fc0c436686c02d85d9d4ca89ef40c7e806e3fff84d2bf9,eval_mean_position_error_m,0.00039565948599177447,0.0003960156797159802,3.5619372420575253e-07
899b33178263f52ecfd39b7e416c19708a0b32ae6af7f5c33c5763187ae6e2e6,eval_mean_heading_error_deg,0.7462477411231268,0.747858822577764,0.0016110814546372865
899b33178263f52ecfd39b7e416c19708a0b32ae6af7f5c33c5763187ae6e2e6,eval_mean_position_error_m,0.0005499873540622378,0.0005510016378515941,1.0142837893563003e-06
f4ed1313e0789daf10ead143882e0a0e4d566ed6f7c84c5fb340160cbb2455fd,eval_mean_heading_error_deg,0.7467549963753325,0.7483584178261221,0.0016034214507896216
f4ed1313e0789daf10ead143882e0a0e4d566ed6f7c84c5fb340160cbb2455fd,eval_mean_position_error_m,0.00044239518599227615,0.0004429769789944145,5.817930021383339e-07
d0235d0fba584d5fe1153bb9c3173f16bd6c82b942015fd138d5a4c8f709dd75,eval_mean_heading_error_deg,0.7435613380483246,0.7451776621056597,0.001616324057335139
d0235d0fba584d5fe1153bb9c3173f16bd6c82b942015fd138d5a4c8f709dd75,eval_mean_position_error_m,0.0003518590629286888,0.0003525377436208892,6.786806922004095e-07
df897a275f9923cad404001d572b44bcec2aaf50cd3b8d66eb0a10e5d98e85c6,eval_mean_heading_error_deg,0.7480402964876129,0.7496726426393913,0.0016323461517783189
df897a275f9923cad404001d572b44bcec2aaf50cd3b8d66eb0a10e5d98e85c6,eval_mean_position_error_m,0.0004651802510662004,0.00046574705916066955,5.668080944691285e-07
e46a53661a0ba2b598438a65d212c2b1c78d8e21439252b44583ca258808c85d,eval_mean_heading_error_deg,0.7458051766548974,0.7474297430806277,0.0016245664257302783
e46a53661a0ba2b598438a65d212c2b1c78d8e21439252b44583ca258808c85d,eval_mean_position_error_m,0.0005898847443074574,0.0005910245091636287,1.1397648561712811e-06
4e44ae950c2f41d529dc0014fe610544340b92247fc63f80f99dabece129e39c,eval_mean_heading_error_deg,0.7365546792951343,0.738164638560529,0.0016099592653947559
4e44ae950c2f41d529dc0014fe610544340b92247fc63f80f99dabece129e39c,eval_mean_position_error_m,0.0004960467161829315,0.000497085142952125,1.0384267691935243e-06
4e718d8fceed2b05447847c9e7740a3aa6b7e8d56ed739a1f0ddbe9e18966695,eval_mean_heading_error_deg,0.7548055574753777,0.7564533958033494,0.0016478383279716624
4e718d8fceed2b05447847c9e7740a3aa6b7e8d56ed739a1f0ddbe9e18966695,eval_mean_position_error_m,0.0004032766152961893,0.00040386466481674927,5.8804952055995e-07
c46860fdd5e250aa5546bb5a306bf5c69b45f5442ac149652e502ce6bf091d62,eval_mean_heading_error_deg,0.7540032974477978,0.7556331297579814,0.0016298323101835432
c46860fdd5e250aa5546bb5a306bf5c69b45f5442ac149652e502ce6bf091d62,eval_mean_position_error_m,0.000494325793569397,0.0004948263112665933,5.005176971962675e-07
02da803aa2dfca93ac52bd1f5a74827e36612bf501264e728bbe78ea4a7299ff,eval_mean_heading_error_deg,0.7364944733658774,0.7380992732491711,0.0016047998832937616
02da803aa2dfca93ac52bd1f5a74827e36612bf501264e728bbe78ea4a7299ff,eval_mean_position_error_m,0.0004950173409813718,0.0004959316831775601,9.143421961883488e-07
a05b4828560a5accd75a8c5481b54ff6d777813f5a728c974987dfb4fec00f51,eval_mean_heading_error_deg,0.7430476238386484,0.7446518330806731,0.0016042092420246457
a05b4828560a5accd75a8c5481b54ff6d777813f5a728c974987dfb4fec00f51,eval_mean_position_error_m,0.0005250297381381516,0.0005256579647437392,6.282266055876147e-07
632726381f4fe8c49d76cda5d106caf792b1798e2a9a62ee110889287ca604ab,eval_mean_heading_error_deg,0.7505249399578727,0.7521644015167172,0.001639461558844424
632726381f4fe8c49d76cda5d106caf792b1798e2a9a62ee110889287ca604ab,eval_mean_position_error_m,0.00040651190948852185,0.0004064391433722076,-7.276611631426349e-08
3e17569babe8ff002bf4b0b28962fc48b1b2dc67168fa3b0d7f9c0d898ed3849,eval_mean_heading_error_deg,0.7615267040444984,0.763134457747652,0.0016077537031535805
3e17569babe8ff002bf4b0b28962fc48b1b2dc67168fa3b0d7f9c0d898ed3849,eval_mean_position_error_m,0.00042988924384683766,0.00043070917350417987,8.199296573422037e-07
42802c5fe7a8cc60397a3da09e516675740cd039c260505be9a428597ec8c250,eval_mean_heading_error_deg,0.7478198387169478,0.7494427240891918,0.0016228853722439762
42802c5fe7a8cc60397a3da09e516675740cd039c260505be9a428597ec8c250,eval_mean_position_error_m,0.0004202921746050028,0.0004211735430897792,8.81368484776377e-07
8173290b124c4c07af17ab5e7e82b0edf3ffa3264d53a2acef56d7be7616fb0d,eval_mean_heading_error_deg,0.7526448866230605,0.7542835225346222,0.0016386359115616589
8173290b124c4c07af17ab5e7e82b0edf3ffa3264d53a2acef56d7be7616fb0d,eval_mean_position_error_m,0.0003405696525663773,0.0003410204977937412,4.5084522736394024e-07
bb7b3e56d267b292820685f49d7ee4201a9dc0e7f004afbccc964032fb4c0253,eval_mean_heading_error_deg,0.7487321308136944,0.7503657307411232,0.0016335999274288415
bb7b3e56d267b292820685f49d7ee4201a9dc0e7f004afbccc964032fb4c0253,eval_mean_position_error_m,0.0004320563834623987,0.0004328278482712155,7.714648088168121e-07
9a761625e7d168e7d059aa3dfeff318cabb8c609c69fa50dab6d22ca0ec0703f,eval_mean_heading_error_deg,0.748487199180213,0.7500974181837775,0.0016102190035645059
9a761625e7d168e7d059aa3dfeff318cabb8c609c69fa50dab6d22ca0ec0703f,eval_mean_position_error_m,0.00037879922789297313,0.0003791788965740025,3.796686810293888e-07
e033f003c0a1712ead09d822db3823b4df26792133c75a83cf293c68293a6939,eval_mean_heading_error_deg,0.735747689844654,0.737355186263754,0.001607496419099963
e033f003c0a1712ead09d822db3823b4df26792133c75a83cf293c68293a6939,eval_mean_position_error_m,0.0005209101864987723,0.0005213911178502722,4.809313514999051e-07
ec13a71b51abc7cf6066ee0c6dca6c05814a6a8ddd8f8382cf89a1fa91bc93f6,eval_mean_heading_error_deg,0.7351271627047516,0.7367164492935686,0.0015892865888169627
ec13a71b51abc7cf6066ee0c6dca6c05814a6a8ddd8f8382cf89a1fa91bc93f6,eval_mean_position_error_m,0.0005144877202605675,0.00051550379205274,1.0160717921724183e-06
b7238310ae07fc99016a2828cb9789a7e9660e52bfa1e676c9255a9a380a543e,eval_mean_heading_error_deg,0.7439536998242771,0.7455759067177615,0.001622206893484468
b7238310ae07fc99016a2828cb9789a7e9660e52bfa1e676c9255a9a380a543e,eval_mean_position_error_m,0.0004526763748077349,0.0004534498811720737,7.735063643387794e-07
0533b22fa7f38fda7ac19c2d6960a2e4cb805a78951e5aa7c41b7d8676580444,eval_mean_heading_error_deg,0.7347078133476493,0.7362956527498896,0.0015878394022402764
0533b22fa7f38fda7ac19c2d6960a2e4cb805a78951e5aa7c41b7d8676580444,eval_mean_position_error_m,0.00039565948599177447,0.0003960156797159802,3.5619372420575253e-07
722e7c6884d9725175867a0dfbac41fb449c3c7155f0e5bc3904c1407de3f168,eval_mean_heading_error_deg,0.7462477411231268,0.747858822577764,0.0016110814546372865
722e7c6884d9725175867a0dfbac41fb449c3c7155f0e5bc3904c1407de3f168,eval_mean_position_error_m,0.0005499873540622378,0.0005510016378515941,1.0142837893563003e-06
c13276693974522c1c439ce58c1e9ec43e6c2cc473b377957f8fc0d9588a06dc,eval_mean_heading_error_deg,0.7467549963753325,0.7483584178261221,0.0016034214507896216
c13276693974522c1c439ce58c1e9ec43e6c2cc473b377957f8fc0d9588a06dc,eval_mean_position_error_m,0.00044239518599227615,0.0004429769789944145,5.817930021383339e-07
c3dc630cd076ff2c91926bda2459d5bbe3b83523f2dbb5de69dae64326759e25,eval_mean_heading_error_deg,0.7435613380483246,0.7451776621056597,0.001616324057335139
c3dc630cd076ff2c91926bda2459d5bbe3b83523f2dbb5de69dae64326759e25,eval_mean_position_error_m,0.0003518590629286888,0.0003525377436208892,6.786806922004095e-07
f59dcff767d6e04f33894747fbb6205961b0b81313603fd21010843d9193f6e5,eval_mean_heading_error_deg,0.7480402964876129,0.7496726426393913,0.0016323461517783189
f59dcff767d6e04f33894747fbb6205961b0b81313603fd21010843d9193f6e5,eval_mean_position_error_m,0.0004651802510662004,0.00046574705916066955,5.668080944691285e-07
824c286ab90d79af4d7cc4eaff1045cf157cf55b2cf7d1c9d3d28909782689cf,eval_mean_heading_error_deg,0.7458051766548974,0.7474297430806277,0.0016245664257302783
824c286ab90d79af4d7cc4eaff1045cf157cf55b2cf7d1c9d3d28909782689cf,eval_mean_position_error_m,0.0005898847443074574,0.0005910245091636287,1.1397648561712811e-06
2cf6f394e7194a698f0fa2d00d68b576c67307fa7d8af402c0daa6dbbf078312,eval_mean_heading_error_deg,0.7365546792951343,0.738164638560529,0.0016099592653947559
2cf6f394e7194a698f0fa2d00d68b576c67307fa7d8af402c0daa6dbbf078312,eval_mean_position_error_m,0.0004960467161829315,0.000497085142952125,1.0384267691935243e-06
ec155fc56aa28ef4912fcb81f20d2078f09816f64895afc9e2ebe044b1f53244,eval_mean_heading_error_deg,0.7548055574753777,0.7564533958033494,0.0016478383279716624
ec155fc56aa28ef4912fcb81f20d2078f09816f64895afc9e2ebe044b1f53244,eval_mean_position_error_m,0.0004032766152961893,0.00040386466481674927,5.8804952055995e-07
2e9894a14fd37ff086addea7184ce2469d7feec7e7c0e9a8ea8c1403f2b739b1,eval_mean_heading_error_deg,0.7540032974477978,0.7556331297579814,0.0016298323101835432
2e9894a14fd37ff086addea7184ce2469d7feec7e7c0e9a8ea8c1403f2b739b1,eval_mean_position_error_m,0.000494325793569397,0.0004948263112665933,5.005176971962675e-07
d861a429bd32a58639382b1754908a8a095896d67fdeb97d94053e4e32765de7,eval_mean_heading_error_deg,0.7364944733658774,0.7380992732491711,0.0016047998832937616
d861a429bd32a58639382b1754908a8a095896d67fdeb97d94053e4e32765de7,eval_mean_position_error_m,0.0004950173409813718,0.0004959316831775601,9.143421961883488e-07
c50f8147faab36f0d0cb2113919ad58d6e9608ba778fe19252a1aaf3a3da1c1c,eval_mean_heading_error_deg,0.7430476238386484,0.7446518330806731,0.0016042092420246457
c50f8147faab36f0d0cb2113919ad58d6e9608ba778fe19252a1aaf3a3da1c1c,eval_mean_position_error_m,0.0005250297381381516,0.0005256579647437392,6.282266055876147e-07
4b53e1fea9ac8de391318034a1bfd0df0e6b0c8ef89f9498a3b54349736b0ecb,eval_mean_heading_error_deg,0.7662434384316362,0.7679616621544185,0.0017182237227822972
4b53e1fea9ac8de391318034a1bfd0df0e6b0c8ef89f9498a3b54349736b0ecb,eval_mean_position_error_m,0.00047392875423939255,0.00047411622594110996,1.8747170171741663e-07
1417f2bbc6fcb5d0e748376564f4b8f5ae04b7936e38ce42d989fbcb8df9d9cc,eval_mean_heading_error_deg,0.7765175760954012,0.7782196364227617,0.0017020603273605328
1417f2bbc6fcb5d0e748376564f4b8f5ae04b7936e38ce42d989fbcb8df9d9cc,eval_mean_position_error_m,0.0005225345644055325,0.0005233563048885792,8.217404830467576e-07
b6968aef4729cadf1e504d469f43c49669e5cc5171b2a0292634183a715aa604,eval_mean_heading_error_deg,0.7650516559824462,0.7667582530843339,0.0017065971018876969
b6968aef4729cadf1e504d469f43c49669e5cc5171b2a0292634183a715aa604,eval_mean_position_error_m,0.0004830584007177764,0.0004835852811160992,5.268803983227545e-07
ba8de56e541c5664736bd9b478a00ae88df1e7842f04c74a9090195a0265eada,eval_mean_heading_error_deg,0.7681999301330753,0.7699122984965968,0.0017123683635215103
ba8de56e541c5664736bd9b478a00ae88df1e7842f04c74a9090195a0265eada,eval_mean_position_error_m,0.00043610079725886513,0.00043665834179863614,5.575445397710101e-07
8a0e0053e8ff6eb5e129412b3f9c6f92728c8f470ba555b2877b0b0b8fcf6e8e,eval_mean_heading_error_deg,0.7555794606149595,0.757276276741617,0.0016968161266575077
8a0e0053e8ff6eb5e129412b3f9c6f92728c8f470ba555b2877b0b0b8fcf6e8e,eval_mean_position_error_m,0.0004959794977958061,0.0004970000767552825,1.0205789594764031e-06
a910ad24c1034f9b1b688c4189a39788d75e11afd40ef94d97dd209fc650ea16,eval_mean_heading_error_deg,0.7629706740505586,0.7646788354464772,0.0017081613959185615
a910ad24c1034f9b1b688c4189a39788d75e11afd40ef94d97dd209fc650ea16,eval_mean_position_error_m,0.0004675583342497359,0.00046810958637089257,5.512521211566905e-07
033ae6fc66ccbe3e69bcb1e1f4cffc30a44b4d847d259440db2075b1505aa43a,eval_mean_heading_error_deg,0.7553135245299647,0.7569953781263223,0.0016818535963576409
033ae6fc66ccbe3e69bcb1e1f4cffc30a44b4d847d259440db2075b1505aa43a,eval_mean_position_error_m,0.0005953082621130114,0.0005962267494989118,9.184873859003359e-07
4daeee0f3679616e0330dad4171e481fcf40a296fff3b5b93f5040b4b872e0ce,eval_mean_heading_error_deg,0.7467954722207887,0.7484581424962586,0.0016626702754699574
4daeee0f3679616e0330dad4171e481fcf40a296fff3b5b93f5040b4b872e0ce,eval_mean_position_error_m,0.0005853374987311862,0.000586118460021637,7.809612904508077e-07
7fe0d502e1c9fb2a84090957558bedb2af5041b1b5292dc19ba191c58aaf0869,eval_mean_heading_error_deg,0.7605200346670122,0.762215423635533,0.001695388968520728
7fe0d502e1c9fb2a84090957558bedb2af5041b1b5292dc19ba191c58aaf0869,eval_mean_position_error_m,0.0005091506202107751,0.0005102560943120086,1.1054741012334751e-06
aa43cf1603bc9e8adcb37e478152ceb0a78b839278ff93453a7447f4978e52d1,eval_mean_heading_error_deg,0.7515676176929956,0.7532279386175964,0.0016603209246007777
aa43cf1603bc9e8adcb37e478152ceb0a78b839278ff93453a7447f4978e52d1,eval_mean_position_error_m,0.0004864803338139907,0.00048699910835508505,5.187745410943721e-07
d2c06e754c48355b07f9060a9d6f2921aa4ed588f98e3e1d27e5fc2ee5a1b76b,eval_mean_heading_error_deg,0.7621903196301527,0.7639008269562118,0.0017105073260590409
d2c06e754c48355b07f9060a9d6f2921aa4ed588f98e3e1d27e5fc2ee5a1b76b,eval_mean_position_error_m,0.000595205706657321,0.0005965177470446685,1.3120403873474957e-06
3d55cc053821ec4c182c1917301dba353a115f10cebb801db16f05d124c74605,eval_mean_heading_error_deg,0.7599420254416216,0.7616372981194677,0.0016952726778460825
3d55cc053821ec4c182c1917301dba353a115f10cebb801db16f05d124c74605,eval_mean_position_error_m,0.0005251492508279142,0.0005258167504506079,6.674996226936798e-07
bfb787570106a15ab176721c2e232ae5fb6255438c8f490b0dbf5e39264eb7e6,eval_mean_heading_error_deg,0.7625302232778557,0.7642220001936163,0.0016917769157606122
bfb787570106a15ab176721c2e232ae5fb6255438c8f490b0dbf5e39264eb7e6,eval_mean_position_error_m,0.0004252638491017942,0.00042573017500301683,4.6632590122264e-07
965814e7b181b8946d4709e3c9983bca6c889d0fe0311cdc37cb84fbc9885e1f,eval_mean_heading_error_deg,0.7604823071808543,0.7621908837552203,0.0017085765743659609
965814e7b181b8946d4709e3c9983bca6c889d0fe0311cdc37cb84fbc9885e1f,eval_mean_position_error_m,0.0005463483484365038,0.0005472296928797551,8.813444432512587e-07
44ba47f073058ca1181f81405c13ed3186354f43a929f535087e2bc15c1411c2,eval_mean_heading_error_deg,0.7603103596277418,0.7619941159592852,0.0016837563315433846
44ba47f073058ca1181f81405c13ed3186354f43a929f535087e2bc15c1411c2,eval_mean_position_error_m,0.0006525302942533399,0.0006537787189098769,1.2484246565369573e-06
3d4004f2996d9135a1cabecb81aa0b0aac15a7f7676308c0b7fe2d466a9e373d,eval_mean_heading_error_deg,0.7557585646339344,0.7574491895824371,0.0016906249485026947
3d4004f2996d9135a1cabecb81aa0b0aac15a7f7676308c0b7fe2d466a9e373d,eval_mean_position_error_m,0.0005855614885302467,0.0005865545004919992,9.93011961752466e-07
a2b92e3ca7603d9342a7e06dfce3d0f9ce993d7f73922278a60dcad376dfe743,eval_mean_heading_error_deg,0.7726116073207762,0.7743364081581149,0.0017248008373387247
a2b92e3ca7603d9342a7e06dfce3d0f9ce993d7f73922278a60dcad376dfe743,eval_mean_position_error_m,0.000473651150742904,0.000474592802782641,9.416520397369991e-07
39021bfa9e6bf4f2dc281f074aee5071896ea29939a19d3f6523d79f1fa7a083,eval_mean_heading_error_deg,0.7537359114170356,0.755418212201877,0.0016823007848414395
39021bfa9e6bf4f2dc281f074aee5071896ea29939a19d3f6523d79f1fa7a083,eval_mean_position_error_m,0.0005243352504020334,0.000525053411085722,7.181606836886064e-07
25fd12f73c21334c7ecf74ca92adcb42a9d2334b9fa863575215d03c40597710,eval_mean_heading_error_deg,0.7502999663338957,0.7519791455488993,0.0016791792150036011
25fd12f73c21334c7ecf74ca92adcb42a9d2334b9fa863575215d03c40597710,eval_mean_position_error_m,0.000571454901879485,0.0005724511715416663,9.96269662181218e-07
27ee9f81aa136f4f9296bd4fbfd67f017fc3b0ee90dee2291838063452f1c1fa,eval_mean_heading_error_deg,0.7576891647199134,0.7593916866294875,0.001702521909574095
27ee9f81aa136f4f9296bd4fbfd67f017fc3b0ee90dee2291838063452f1c1fa,eval_mean_position_error_m,0.0005863958917749164,0.0005872166772356287,8.207854607123225e-07
108ffd17c61a676f16a3474c68d26162de7df746ec6cbe590e5f37e4bcdae9c3,eval_mean_heading_error_deg,3.2023958826709613,3.2094028238188934,0.0070069411479321
108ffd17c61a676f16a3474c68d26162de7df746ec6cbe590e5f37e4bcdae9c3,eval_mean_position_error_m,0.0004374823095142289,0.00043747581960407276,-6.489910156157186e-09
c8396f8c338349fb526e5d23029ad88e259dcee4624d73fe0574d5a8d7298475,eval_mean_heading_error_deg,3.2226725997249224,3.229668123738454,0.00699552401353154
c8396f8c338349fb526e5d23029ad88e259dcee4624d73fe0574d5a8d7298475,eval_mean_position_error_m,0.00043352783634500666,0.0004343542082717991,8.263719267924191e-07
4ff7e7a13e9c22480da32cf03f6b9d6449d99b39f874ee8c4834aa76b30b319e,eval_mean_heading_error_deg,3.234307570304577,3.241369027412785,0.007061457108207936
4ff7e7a13e9c22480da32cf03f6b9d6449d99b39f874ee8c4834aa76b30b319e,eval_mean_position_error_m,0.0004507422410900309,0.00045169188799759895,9.496469075680756e-07
4f98a0ba9a8d9fc0b20d1e852e3bc4d3cedb096650aa8e8604b9bbcb1d7bf60d,eval_mean_heading_error_deg,3.2267475099098553,3.2338022830891693,0.007054773179314022
4f98a0ba9a8d9fc0b20d1e852e3bc4d3cedb096650aa8e8604b9bbcb1d7bf60d,eval_mean_position_error_m,0.0003518151924826233,0.00035228905949519717,4.7386701257384365e-07
ef585d5164220b4e4d5a12d80f377160b1e53073cb5197a87ae766e203b66742,eval_mean_heading_error_deg,3.209401949217483,3.2164222697828846,0.007020320565401583
ef585d5164220b4e4d5a12d80f377160b1e53073cb5197a87ae766e203b66742,eval_mean_position_error_m,0.0004639354947473766,0.0004647751193974425,8.396246500659219e-07
35c1c4e9848f77296ca361859a68e21aa045dcb58cb8e020ae9b780412fb0fad,eval_mean_heading_error_deg,3.236285800021967,3.243342107367677,0.007056307345710167
35c1c4e9848f77296ca361859a68e21aa045dcb58cb8e020ae9b780412fb0fad,eval_mean_position_error_m,0.00041577582943887686,0.00041623489658273907,4.590671438622104e-07
1a3faa47587811d71745e91b449a12ed616d897e52db29c9ea3d0eeab988e573,eval_mean_heading_error_deg,3.256252782959656,3.263373282945526,0.007120499985870055
1a3faa47587811d71745e91b449a12ed616d897e52db29c9ea3d0eeab988e573,eval_mean_position_error_m,0.0005682995092692702,0.0005688825395158599,5.830302465897018e-07
4318312468306660bc652ea619c6b63e14928a047d6400af3696f653e26ad8a8,eval_mean_heading_error_deg,3.225560525397381,3.2325970106725777,0.0070364852751967355
4318312468306660bc652ea619c6b63e14928a047d6400af3696f653e26ad8a8,eval_mean_position_error_m,0.0005495799317132148,0.0005506712266323323,1.0912949191174953e-06
69ce9ba670c1dbe763e95a1e7ebc5f2dc0b602d46912016fce6f0271fe8a09d8,eval_mean_heading_error_deg,3.1937005894293002,3.200680965597748,0.006980376168447933
69ce9ba670c1dbe763e95a1e7ebc5f2dc0b602d46912016fce6f0271fe8a09d8,eval_mean_position_error_m,0.0004620264693610874,0.00046282203804849957,7.955686874121519e-07
467c0d1b64ecc5dd9a36a2685c61388a33823627b8cd711701121aa9b880ba5e,eval_mean_heading_error_deg,3.2228566468284874,3.229891344739315,0.007034697910827781
467c0d1b64ecc5dd9a36a2685c61388a33823627b8cd711701121aa9b880ba5e,eval_mean_position_error_m,0.00040845365772775353,0.0004088363028608981,3.8264513314454837e-07
b637e967a93d0699f04e012b43751d52255164464cbabe8fdf9492af1c179596,eval_mean_heading_error_deg,3.216967685170627,3.2239828287470473,0.007015143576420524
b637e967a93d0699f04e012b43751d52255164464cbabe8fdf9492af1c179596,eval_mean_position_error_m,0.0005540364715839116,0.0005550579578722442,1.0214862883325482e-06
22b3be0dbe1851e2357a2869acb20b81ede5a2431f373a19f35f8736a237caf8,eval_mean_heading_error_deg,3.2260706908877568,3.2330969782774197,0.007026287389662933
22b3be0dbe1851e2357a2869acb20b81ede5a2431f373a19f35f8736a237caf8,eval_mean_position_error_m,0.00047859240154120747,0.00047925493646831243,6.625349271049594e-07
5543a752fedb67fbff88c4e97474af17d6c59204f169d5366dd75d23b7182ad0,eval_mean_heading_error_deg,3.1976321581453915,3.2046161209214157,0.0069839627760242
5543a752fedb67fbff88c4e97474af17d6c59204f169d5366dd75d23b7182ad0,eval_mean_position_error_m,0.00039998935290631074,0.00040077493116646794,7.85578260157206e-07
8f25a04e37210a88cc4993d9b892fb3ed0f6449108c84e14c08837839bc3b939,eval_mean_heading_error_deg,3.2095456062138865,3.2165618451409643,0.007016238927077811
8f25a04e37210a88cc4993d9b892fb3ed0f6449108c84e14c08837839bc3b939,eval_mean_position_error_m,0.0004669693735949604,0.00046753851404627325,5.691404513128665e-07
b78007e45aaff1e4712b2cb1bf8fd35e2d1e3c6ebde626b3242a6a61af775a48,eval_mean_heading_error_deg,3.2180860712903896,3.2251227723504843,0.0070367010600946855
b78007e45aaff1e4712b2cb1bf8fd35e2d1e3c6ebde626b3242a6a61af775a48,eval_mean_position_error_m,0.000593768149454075,0.000594918025838807,1.149876384731914e-06
625cc40702d69ad88a1a246eaddbb5e1a3db8277c4e1af42d8a3bfb569b31044,eval_mean_heading_error_deg,3.2220490377861535,3.229098892447311,0.007049854661157706
625cc40702d69ad88a1a246eaddbb5e1a3db8277c4e1af42d8a3bfb569b31044,eval_mean_position_error_m,0.0005115291062006249,0.0005126029422088854,1.0738360082604296e-06
2b4584bf7b52612e90e0a7c38bbc52d7760aff3262d0bf38a8c4f8cf1686c30f,eval_mean_heading_error_deg,3.227878345245689,3.234940049352922,0.007061704107233169
2b4584bf7b52612e90e0a7c38bbc52d7760aff3262d0bf38a8c4f8cf1686c30f,eval_mean_position_error_m,0.0004661975768481549,0.00046692170835675354,7.241315085986227e-07
7be9d90bf0602dd94eb7a669273490ccfbf74ac62d0b7e354600d0e1a9cbc743,eval_mean_heading_error_deg,3.196445301718382,3.203421980323285,0.0069766786049028084
7be9d90bf0602dd94eb7a669273490ccfbf74ac62d0b7e354600d0e1a9cbc743,eval_mean_position_error_m,0.0005381972203065984,0.0005387920676409707,5.948473343722919e-07
1fedc92e959eda9ba28259ef114fde9415452467a4ba53e4b8c35adac18b4a5e,eval_mean_heading_error_deg,3.2551326438206307,3.262246363574087,0.007113719753456316
1fedc92e959eda9ba28259ef114fde9415452467a4ba53e4b8c35adac18b4a5e,eval_mean_position_error_m,0.0005576494923783096,0.0005587025085454229,1.053016167113321e-06
4caf68862efb2f4b0efc009538c6d8e92f92fb8181ec91b6687a34d1feef41d4,eval_mean_heading_error_deg,3.1979898765161443,3.2049682804498536,0.0069784039337092985
4caf68862efb2f4b0efc009538c6d8e92f92fb8181ec91b6687a34d1feef41d4,eval_mean_position_error_m,0.0005329247665060475,0.0005335719364658608,6.471699598133629e-07
20055660639c01c569fb628e91c6a95be9bee965ecf0ba7b8951fa126ddf2e89,eval_mean_heading_error_deg,1.1275580173198148,1.1299080492066584,0.0023500318868436842
20055660639c01c569fb628e91c6a95be9bee965ecf0ba7b8951fa126ddf2e89,eval_mean_position_error_m,0.0005165926120505891,0.0005167894622670272,1.9685021643810197e-07
c690067d1188d27bb074a1eeb70e76138f8cd4aaac6c53f635143c671dd80118,eval_mean_heading_error_deg,1.137324100977773,1.1396895981198374,0.0023654971420643545
c690067d1188d27bb074a1eeb70e76138f8cd4aaac6c53f635143c671dd80118,eval_mean_position_error_m,0.00044754610218131544,0.0004484161965052416,8.700943239261486e-07
73623c7cb01b38fc17f5bc723474980409b72c01863e6f1f64030d1ed9f92c0b,eval_mean_heading_error_deg,1.1266438443093874,1.1289798773177557,0.0023360330083683767
73623c7cb01b38fc17f5bc723474980409b72c01863e6f1f64030d1ed9f92c0b,eval_mean_position_error_m,0.0004775884866264633,0.00047806526440300867,4.7677777654538513e-07
c73569332aea29b9eebda311fbe9b3f13e80f56e8c9a7780b5acff59fd78b5b3,eval_mean_heading_error_deg,1.1301626330865828,1.1325096742140852,0.0023470411275023917
c73569332aea29b9eebda311fbe9b3f13e80f56e8c9a7780b5acff59fd78b5b3,eval_mean_position_error_m,0.0003812582439919431,0.00038188863563164274,6.303916396996193e-07
a5dde2c1a057fd02bdd03e05c85b2d54ce14a9d3a18ffeace5dde11635f924aa,eval_mean_heading_error_deg,1.1239337014845239,1.1262563093692182,0.0023226078846942944
a5dde2c1a057fd02bdd03e05c85b2d54ce14a9d3a18ffeace5dde11635f924aa,eval_mean_position_error_m,0.0005051003338315087,0.0005055907405316986,4.90406700189819e-07
d8ac8999cb4e46f829790762b7580e4ffd44502892fee981fbf343c6ccba371b,eval_mean_heading_error_deg,1.1295791871219831,1.1319046268277928,0.002325439705809673
d8ac8999cb4e46f829790762b7580e4ffd44502892fee981fbf343c6ccba371b,eval_mean_position_error_m,0.0004524395904767032,0.0004533692707465192,9.296802698160003e-07
3a06d5ac7e40530bddb8b993e8f106381a59fa1aa5a8a4da0e6fa7ca2bede666,eval_mean_heading_error_deg,1.123062345870693,1.1253957224888291,0.0023333766181361515
3a06d5ac7e40530bddb8b993e8f106381a59fa1aa5a8a4da0e6fa7ca2bede666,eval_mean_position_error_m,0.0006291804992590032,0.0006298904153264189,7.099160674157133e-07
b500f0694467235de384d6b09b418a03fcb81cd271cf12085f3fe4401a89435d,eval_mean_heading_error_deg,1.1128202615277372,1.1151262434517963,0.002305981924059175
b500f0694467235de384d6b09b418a03fcb81cd271cf12085f3fe4401a89435d,eval_mean_position_error_m,0.0005775690394436544,0.0005787683258713248,1.1992864276704407e-06
e1fb6aa59057da8b533dac91692395c147774d0e62c8ddd9901f4468c2bb8999,eval_mean_heading_error_deg,1.1257090190421057,1.1280461613081942,0.002337142266088499
e1fb6aa59057da8b533dac91692395c147774d0e62c8ddd9901f4468c2bb8999,eval_mean_position_error_m,0.0005028035828738785,0.000503496432691095,6.92849817216434e-07
d0846770c6f29e15e4cbfaf8e5caee8f04e9ca377275bd1d01db036a78fbb67f,eval_mean_heading_error_deg,1.1170306326105557,1.1193373089685021,0.0023066763579464578
d0846770c6f29e15e4cbfaf8e5caee8f04e9ca377275bd1d01db036a78fbb67f,eval_mean_position_error_m,0.0004499819714628378,0.00045077784148002067,7.958700171828577e-07
a3a79aca185a11455ba8a71f2915749a15e828caef77ad83d5b8271e967a6d78,eval_mean_heading_error_deg,1.1207657172692038,1.123104535870422,0.0023388186012180956
a3a79aca185a11455ba8a71f2915749a15e828caef77ad83d5b8271e967a6d78,eval_mean_position_error_m,0.0006033891963341802,0.000603917960842621,5.287645084407853e-07
275a5035ce0fc0dcabe5d1b761266cb05cdc64c6553abf301b6a3c42504e73b3,eval_mean_heading_error_deg,1.1201973531458733,1.1225329224700524,0.00233556932417911
275a5035ce0fc0dcabe5d1b761266cb05cdc64c6553abf301b6a3c42504e73b3,eval_mean_position_error_m,0.0005201435034896362,0.0005209546510914669,8.111476018306902e-07
dd01146ba8b735d06c051df0a330713d2ed6f738b13bb503de9495dd65f42e9a,eval_mean_heading_error_deg,1.126020239624354,1.1283418638364655,0.0023216242121115727
dd01146ba8b735d06c051df0a330713d2ed6f738b13bb503de9495dd65f42e9a,eval_mean_position_error_m,0.00045462749229596466,0.0004555522716577314,9.247793617667122e-07
3ad59430c08d8cab17dc6b74550004d8aef6f0424a069e7e36809c91970c56a9,eval_mean_heading_error_deg,1.138498559452579,1.1408734591952243,0.0023748997426453755
3ad59430c08d8cab17dc6b74550004d8aef6f0424a069e7e36809c91970c56a9,eval_mean_position_error_m,0.0005110697121090946,0.0005120594264342613,9.897143251666853e-07
3caa7b096b6d4b3e34cdf60802333189617bb7d918db7e221f47de528c998e13,eval_mean_heading_error_deg,1.13819713391803,1.1405532467776571,0.002356112859627224
3caa7b096b6d4b3e34cdf60802333189617bb7d918db7e221f47de528c998e13,eval_mean_position_error_m,0.0006274274749049057,0.0006286962116909574,1.2687367860516729e-06
766a6e9ef8025f6beb90402d15781b68c161be2cfb87cc9d44a21deb826c0aa3,eval_mean_heading_error_deg,1.1269218410471151,1.1292681915098353,0.002346350462720137
766a6e9ef8025f6beb90402d15781b68c161be2cfb87cc9d44a21deb826c0aa3,eval_mean_position_error_m,0.0005401600583132029,0.0005404894969630018,3.2943864979886016e-07
47d3b670bc7d0a93d7074f2381f11462e7dbcffe4f368ac8a3f18b4b5938c9d8,eval_mean_heading_error_deg,1.1368483971031522,1.139202290773007,0.002353893669854834
47d3b670bc7d0a93d7074f2381f11462e7dbcffe4f368ac8a3f18b4b5938c9d8,eval_mean_position_error_m,0.0004993712981430069,0.0004999099024044656,5.386042614587009e-07
cb0df10ec765f9080de23905a09d940d6830e8f01c0a11a5e8cacaf7b3fe8c7b,eval_mean_heading_error_deg,1.1324152923917987,1.1347664567895415,0.0023511643977427443
cb0df10ec765f9080de23905a09d940d6830e8f01c0a11a5e8cacaf7b3fe8c7b,eval_mean_position_error_m,0.000563663153281795,0.0005648009903526871,1.1378370708921065e-06
cf646f8f7024c2b0567e5b6f64b8632a6234d66a9e55139d05a210e951331f19,eval_mean_heading_error_deg,1.1474339405777885,1.149823890410883,0.0023899498330945956
cf646f8f7024c2b0567e5b6f64b8632a6234d66a9e55139d05a210e951331f19,eval_mean_position_error_m,0.0005850097214108422,0.0005859279217313418,9.182003204995888e-07
a368d1ce3e3d90c7773f7d2e5fc4a667014b7e3e29bf188e488facfcefd1b627,eval_mean_heading_error_deg,1.1163064537764662,1.1186270291912594,0.0023205754147932467
a368d1ce3e3d90c7773f7d2e5fc4a667014b7e3e29bf188e488facfcefd1b627,eval_mean_position_error_m,0.0005780875528004117,0.0005790190088406079,9.314560401961882e-07
7499c271a561fdb4c9e5fb8691ce86c000c898d79cd34e55253f59fa3e03ae84,eval_mean_heading_error_deg,1.5257093269690767,1.5288566065506193,0.0031472795815425947
7499c271a561fdb4c9e5fb8691ce86c000c898d79cd34e55253f59fa3e03ae84,eval_mean_position_error_m,0.0004836145339583043,0.00048373300881570926,1.1847485740493126e-07
876fe8a2514a5ea54d4d506daa599f0c7540f28bac0e01bb2adfa73403b111d8,eval_mean_heading_error_deg,1.5703789347834487,1.5736081885540119,0.0032292537705631563
876fe8a2514a5ea54d4d506daa599f0c7540f28bac0e01bb2adfa73403b111d8,eval_mean_position_error_m,0.0003951026837715001,0.00039562097854620496,5.182947747048327e-07
6a74e7348446c03126889bd691e8151276998b514dd654541b0891a0a498a56d,eval_mean_heading_error_deg,1.534133756779901,1.5372872680555472,0.003153511275646226
6a74e7348446c03126889bd691e8151276998b514dd654541b0891a0a498a56d,eval_mean_position_error_m,0.0005024181902273826,0.0005029931255309791,5.749353035965467e-07
6441b09a9e7edc27ccf70b46af57197fb303ad1c9123fd3af7df7bdbe028d4aa,eval_mean_heading_error_deg,1.5683676867891128,1.5716007203676818,0.003233033578569078
6441b09a9e7edc27ccf70b46af57197fb303ad1c9123fd3af7df7bdbe028d4aa,eval_mean_position_error_m,0.0003702858369512099,0.0003709711664302342,6.853294790242479e-07
1d68214b3078c8527adad946da43279aa9f84349c69ed11756149903ba1c5447,eval_mean_heading_error_deg,1.5345921226542902,1.5377486401044238,0.003156517450133567
1d68214b3078c8527adad946da43279aa9f84349c69ed11756149903ba1c5447,eval_mean_position_error_m,0.00044312617280927016,0.0004439424700196958,8.162972104256501e-07
b2dfe45570f5bd39916ac9ce023382ff8d39914930aa555e7c878a1212186e5d,eval_mean_heading_error_deg,1.545662175116943,1.548829704713713,0.0031675295967699135
b2dfe45570f5bd39916ac9ce023382ff8d39914930aa555e7c878a1212186e5d,eval_mean_position_error_m,0.00037825828011408007,0.0003788773534195335,6.190733054534385e-07
d74ffa2a0ab0f23803b0891b4c7ba19d1573f64d48ae6616935ed0891deff045,eval_mean_heading_error_deg,1.5434282901788299,1.546593276713894,0.0031649865350640294
d74ffa2a0ab0f23803b0891b4c7ba19d1573f64d48ae6616935ed0891deff045,eval_mean_position_error_m,0.0005799572136023006,0.0005807527335720763,7.955199697756189e-07
fe4c6094881ca5c1630741e6ffda1a51209185ac9b858f7d55a4d0a0aa771d0d,eval_mean_heading_error_deg,1.5247231700692372,1.5278642361345052,0.0031410660652679834
fe4c6094881ca5c1630741e6ffda1a51209185ac9b858f7d55a4d0a0aa771d0d,eval_mean_position_error_m,0.0005430471004151257,0.0005440053331340653,9.582327189396186e-07
7a90fa0cc5aefa1e97a58d1db5c227d0eac3645b9098368777435c3126a0fc08,eval_mean_heading_error_deg,1.5644290071310096,1.567661075473528,0.003232068342518435
7a90fa0cc5aefa1e97a58d1db5c227d0eac3645b9098368777435c3126a0fc08,eval_mean_position_error_m,0.00046497153547870744,0.0004655333820805824,5.618466018749726e-07
d37d09a0101d7f21db14a8f8f91a553f8b30f9133c062c1dbae036bdf34aa37d,eval_mean_heading_error_deg,1.4912312316760783,1.4943028108017185,0.003071579125640156
d37d09a0101d7f21db14a8f8f91a553f8b30f9133c062c1dbae036bdf34aa37d,eval_mean_position_error_m,0.0004442120508050405,0.0004449055140488581,6.934632438176155e-07
19f6e6cc8b830ef08ba401e2cfade1a7338728deed24cecfe49bc23890ab3376,eval_mean_heading_error_deg,1.5581355495316516,1.5613649922483357,0.0032294427166841277
19f6e6cc8b830ef08ba401e2cfade1a7338728deed24cecfe49bc23890ab3376,eval_mean_position_error_m,0.0005242770484260016,0.0005249846108024476,7.075623764460489e-07
9910926a9d135d83b62249e910307a07d28f02801c650421d828986ca6b03271,eval_mean_heading_error_deg,1.535431657521946,1.5386019298604927,0.00317027233854672
9910926a9d135d83b62249e910307a07d28f02801c650421d828986ca6b03271,eval_mean_position_error_m,0.00045559957568740817,0.00045634682106073085,7.472453733226784e-07
c3ca6ef6873052161f466cc67ccb79100a57a9f017c0186a55e27e488909355e,eval_mean_heading_error_deg,1.551136339866188,1.5543036508538608,0.0031673109876728667
c3ca6ef6873052161f466cc67ccb79100a57a9f017c0186a55e27e488909355e,eval_mean_position_error_m,0.0003948177615402897,0.00039549598501052946,6.78223470239759e-07
c198e5630f5c3cc9773f1b5a65219feea27040efbebe489831b921aec1444c7a,eval_mean_heading_error_deg,1.550984362094293,1.5541668225938687,0.0031824604995758232
c198e5630f5c3cc9773f1b5a65219feea27040efbebe489831b921aec1444c7a,eval_mean_position_error_m,0.0004584223912957749,0.00045919096579087625,7.685744951013425e-07
bcb2bd8c0e36d1f4138246bd761bef7e63b72138151025942fa38f54e3df70ca,eval_mean_heading_error_deg,1.5580711117076345,1.5612812719297593,0.003210160222124836
bcb2bd8c0e36d1f4138246bd761bef7e63b72138151025942fa38f54e3df70ca,eval_mean_position_error_m,0.0005504008890799426,0.0005514414899810294,1.0406009010868137e-06
70f19ca76279d7aefe7407fd81a5bd9603d0f2906796d708411e787404ffebb7,eval_mean_heading_error_deg,1.5508086465199313,1.554007593786189,0.00319894726625769
70f19ca76279d7aefe7407fd81a5bd9603d0f2906796d708411e787404ffebb7,eval_mean_position_error_m,0.000528610780038477,0.000529212948367601,6.021683291240146e-07
b8eff7d1cd61285aa2954da8df6b1d2f0d51a08d6d5a773bf8c0af4c292fafa4,eval_mean_heading_error_deg,1.557396056690095,1.560606067277083,0.003210010586987888
b8eff7d1cd61285aa2954da8df6b1d2f0d51a08d6d5a773bf8c0af4c292fafa4,eval_mean_position_error_m,0.0004524227510137063,0.00045258212066515233,1.5936965144601857e-07
9af70d9e760031de2d979ccb2dfb16d5821d1439b3c063d291fc75cb569954ad,eval_mean_heading_error_deg,1.5439022964344742,1.547097649962199,0.003195353527724709
9af70d9e760031de2d979ccb2dfb16d5821d1439b3c063d291fc75cb569954ad,eval_mean_position_error_m,0.0005015218763268746,0.0005023822528308935,8.603765040189225e-07
28bf1babd753d148a61d61d48177abf0daff4477290ebf9f75553f7de60bfc10,eval_mean_heading_error_deg,1.5215239878679567,1.5246596719770014,0.003135684109044634
28bf1babd753d148a61d61d48177abf0daff4477290ebf9f75553f7de60bfc10,eval_mean_position_error_m,0.0005402440654939764,0.0005412716687374803,1.0276032435038848e-06
fa11bb5fba860ea8104863dd2aff8e9c2d64ff44144c2f1553deb6395c9e2726,eval_mean_heading_error_deg,1.5374006918299141,1.5405597645309,0.00315907270098581
fa11bb5fba860ea8104863dd2aff8e9c2d64ff44144c2f1553deb6395c9e2726,eval_mean_position_error_m,0.0005238898000838773,0.0005248725217848212,9.827217009438644e-07
3acd838830521ebc4acc015ff6d4dcefe3e91adb1dfdbbf791cf2f18917f73dc,eval_mean_heading_error_deg,4.7061885247897255,4.7080724550871595,0.0018839302974340555
3acd838830521ebc4acc015ff6d4dcefe3e91adb1dfdbbf791cf2f18917f73dc,eval_mean_position_error_m,0.018615914225232347,0.018517840290222236,-9.807393501011161e-05
f90abb829cef0fd7d4645c10ce9b093f0886c16b230a13cad00742d95f7ff084,eval_mean_heading_error_deg,4.866798142619668,4.86876007745213,0.0019619348324617647
f90abb829cef0fd7d4645c10ce9b093f0886c16b230a13cad00742d95f7ff084,eval_mean_position_error_m,0.019391021300725463,0.01928950233918912,-0.00010151896153634196
1bbac22d5570d0c47c9a406f5a52c374c8e94032ebc847090fc00279606fcd6a,eval_mean_heading_error_deg,4.674854804408223,4.676784705095666,0.0019299006874424762
1bbac22d5570d0c47c9a406f5a52c374c8e94032ebc847090fc00279606fcd6a,eval_mean_position_error_m,0.018552768996793707,0.01845571448024111,-9.70545165525985e-05
c4a66d6c26c1fc7cb32e642c275c23267ed86c5ca2e3541fd49cebbfed83a921,eval_mean_heading_error_deg,4.634118880383079,4.6359150215634335,0.0017961411803542049
c4a66d6c26c1fc7cb32e642c275c23267ed86c5ca2e3541fd49cebbfed83a921,eval_mean_position_error_m,0.01842764067777587,0.018331148465510188,-9.649221226568083e-05
678213edc89b72b7e743a6dd3a58d6a0a93d3625b364df5a249c193853fc3c0b,eval_mean_heading_error_deg,4.992384708798367,4.994627927131,0.002243218332632857
678213edc89b72b7e743a6dd3a58d6a0a93d3625b364df5a249c193853fc3c0b,eval_mean_position_error_m,0.019880469555698877,0.01977665711060048,-0.00010381244509839738
f2fdb4cd79bec6070349e5de5e770ddff4a97157a49a4e90fefa09dfafbe8fd9,eval_mean_heading_error_deg,4.957656893471447,4.9597633667768,0.0021064733053526297
f2fdb4cd79bec6070349e5de5e770ddff4a97157a49a4e90fefa09dfafbe8fd9,eval_mean_position_error_m,0.019680849735082828,0.019578614268646446,-0.0001022354664363817
315720257fb9ba1bbaf82d53c52b73f0429977574bc645cb81db9318bd51cb2e,eval_mean_heading_error_deg,4.982382969423167,4.984533238858919,0.00215026943575225
315720257fb9ba1bbaf82d53c52b73f0429977574bc645cb81db9318bd51cb2e,eval_mean_position_error_m,0.019766501751062288,0.019664154698447397,-0.00010234705261489077
6dff902fd1c9dcadbaeec77dc74063886f5f727da01732d833b55aa8e7acb840,eval_mean_heading_error_deg,4.842777004025925,4.844794706674624,0.002017702648698716
6dff902fd1c9dcadbaeec77dc74063886f5f727da01732d833b55aa8e7acb840,eval_mean_position_error_m,0.019165189147928773,0.01906524939300896,-9.993975491981097e-05
07124e00c84460f3f60a46d6d7085f6411d1a10aa73eb5a5ccf13666b1b6d8e5,eval_mean_heading_error_deg,4.559374688393857,4.561218316816384,0.001843628422527388
07124e00c84460f3f60a46d6d7085f6411d1a10aa73eb5a5ccf13666b1b6d8e5,eval_mean_position_error_m,0.018500550354107453,0.018402902869618556,-9.764748448889624e-05
e150ee80273ff578ae5955bc1ae8ef703201258b8b4a1b676e1d29d881fe41f1,eval_mean_heading_error_deg,5.19276685131303,5.195170492641937,0.0024036413289074687
e150ee80273ff578ae5955bc1ae8ef703201258b8b4a1b676e1d29d881fe41f1,eval_mean_position_error_m,0.020576457190936,0.020469604473530932,-0.00010685271740506694
3524c1e6d5ba3a44c2c0c45bcc2ebc879920c6e5c5493c29b36e3f86979e8797,eval_mean_heading_error_deg,4.938896992664351,4.941033350305122,0.00213635764077047
3524c1e6d5ba3a44c2c0c45bcc2ebc879920c6e5c5493c29b36e3f86979e8797,eval_mean_position_error_m,0.019401572431980655,0.019300295733456693,-0.00010127669852396173
d18dbe84bc1e3ec6b624e8a322b74c2539a7a0a1d8ee2d482f639cfef2fffc45,eval_mean_heading_error_deg,4.926069022353255,4.928235541403267,0.0021665190500117504
d18dbe84bc1e3ec6b624e8a322b74c2539a7a0a1d8ee2d482f639cfef2fffc45,eval_mean_position_error_m,0.019876733113602225,0.019772732265173704,-0.00010400084842852181
0e2999a13a15ab77b2165b552d7b46de60819962e1ebb11d6dcb6cbd09894220,eval_mean_heading_error_deg,4.8193354165090945,4.821317254655766,0.001981838146671855
0e2999a13a15ab77b2165b552d7b46de60819962e1ebb11d6dcb6cbd09894220,eval_mean_position_error_m,0.019468584389879025,0.019366588168559226,-0.00010199622131979932
17df5c9d75fbefa31e56a8bb749943f90d339cdb4b9f028a936f7d12f6fa995a,eval_mean_heading_error_deg,5.402719471310498,5.405227874400999,0.0025084030905011545
17df5c9d75fbefa31e56a8bb749943f90d339cdb4b9f028a936f7d12f6fa995a,eval_mean_position_error_m,0.021059672693179488,0.020950603792080313,-0.0001090689010991748
b3fbbdd5e11943b8816f07a4ba272a81a60e5d3e99329484a3f53b172c67853f,eval_mean_heading_error_deg,4.9855509373978135,4.987616627760967,0.002065690363153294
b3fbbdd5e11943b8816f07a4ba272a81a60e5d3e99329484a3f53b172c67853f,eval_mean_position_error_m,0.019321163360210045,0.019220220950494655,-0.00010094240971538979
61ce3fd879e63096c054134cdf753f528c1ca7eae73287c4a109d1a63a9d8672,eval_mean_heading_error_deg,5.239067531525227,5.241513629219535,0.002446097694307703
61ce3fd879e63096c054134cdf753f528c1ca7eae73287c4a109d1a63a9d8672,eval_mean_position_error_m,0.021376810056545587,0.021265699504829986,-0.00011111055171560136
0cea7846bd771a28a2810884186f0066359f04e357358ca477576aefbff7cf13,eval_mean_heading_error_deg,4.739397915527749,4.7413532290472675,0.001955313519518498
0cea7846bd771a28a2810884186f0066359f04e357358ca477576aefbff7cf13,eval_mean_position_error_m,0.018508869111659207,0.01841107660581654,-9.779250584266569e-05
2e9129ac41a6a4461f1c8b83a34991f43f4590ffe348a2ae96db58e97b348c3e,eval_mean_heading_error_deg,4.768804011257067,4.7707740120668385,0.0019700008097718325
2e9129ac41a6a4461f1c8b83a34991f43f4590ffe348a2ae96db58e97b348c3e,eval_mean_position_error_m,0.01906048281704358,0.01896071556619523,-9.976725084834964e-05
0d52821606e801c8676b360fe4407c5d6c00ed41c2c170900c3520d4e7ac6996,eval_mean_heading_error_deg,4.768820730383383,4.770689690537196,0.001868960153813326
0d52821606e801c8676b360fe4407c5d6c00ed41c2c170900c3520d4e7ac6996,eval_mean_position_error_m,0.018503756089409216,0.01840698907345503,-9.676701595418696e-05
66fe0c7808f9177ef40a9c205892ad1a8cbe68bedef94b6292489bc6d95390b4,eval_mean_heading_error_deg,5.013861564121291,5.016014280567035,0.00215271644574333
66fe0c7808f9177ef40a9c205892ad1a8cbe68bedef94b6292489bc6d95390b4,eval_mean_position_error_m,0.019595887581152775,0.019493233829881672,-0.00010265375127110205
8f570d840a8b30e89740db54cec6782a80266796e6d18095245d714c384cf0da,eval_mean_heading_error_deg,0.024800106999204485,0.024858444262118227,5.8337262913741444e-05
8f570d840a8b30e89740db54cec6782a80266796e6d18095245d714c384cf0da,eval_mean_position_error_m,0.047163157138200754,0.04588439446153832,-0.0012787626766624302
8421c0b618deb42b4a0b9e9efce5a4049ce8074f469627df2ef4ac9d3c81d967,eval_mean_heading_error_deg,0.040862332596187746,0.04100661545433283,0.0001442828581450853
8421c0b618deb42b4a0b9e9efce5a4049ce8074f469627df2ef4ac9d3c81d967,eval_mean_position_error_m,0.048604828371629265,0.04733984755203321,-0.0012649808195960566
cd0e16a6a3e281243b5ae0040c98ec2d5436b3b3d32f6995c174e68c666baac2,eval_mean_heading_error_deg,0.026696696937247518,0.026797082369280863,0.00010038543203334457
cd0e16a6a3e281243b5ae0040c98ec2d5436b3b3d32f6995c174e68c666baac2,eval_mean_position_error_m,0.048872926055055825,0.04760699388050597,-0.001265932174549858
9249d884bf761b1f72b3dc1009bb952773062a020dea2aa82467d98388c8e4ab,eval_mean_heading_error_deg,0.018761119971339633,0.018777232402124887,1.6112430785253373e-05
9249d884bf761b1f72b3dc1009bb952773062a020dea2aa82467d98388c8e4ab,eval_mean_position_error_m,0.04845077067755422,0.047187533957560264,-0.0012632367199939543
00cea7beb3164a6dae0d21eb4816fe13cc393f7e231858fae6bda64df299ca4c,eval_mean_heading_error_deg,0.03097000597233183,0.03099514950756319,2.514353523135754e-05
00cea7beb3164a6dae0d21eb4816fe13cc393f7e231858fae6bda64df299ca4c,eval_mean_position_error_m,0.04939925590101789,0.04901234582853174,-0.0003869100724861463
25c38d7644efca4a12f1c2f6cf4a7620a88490884cbc5d0a28087c30e46d39bf,eval_mean_heading_error_deg,0.023011908398393666,0.023036235781255035,2.432738286136868e-05
25c38d7644efca4a12f1c2f6cf4a7620a88490884cbc5d0a28087c30e46d39bf,eval_mean_position_error_m,0.049260107492108615,0.04887295688564409,-0.0003871506064645272
d62e41ca36b46f1cdd3063a70e87d4b3bd0bb10fd77155888ffca498346e226e,eval_mean_heading_error_deg,0.02276066830339901,0.02280185115390801,4.118285050900075e-05
d62e41ca36b46f1cdd3063a70e87d4b3bd0bb10fd77155888ffca498346e226e,eval_mean_position_error_m,0.049620830334676985,0.04923342639708919,-0.00038740393758779357
94e1bed8a402391f99f3893cb9fd99a4520f00bb641403d9209eb5e3105c289f,eval_mean_heading_error_deg,0.020121738028157803,0.020106775754078876,-1.496227407892653e-05
94e1bed8a402391f99f3893cb9fd99a4520f00bb641403d9209eb5e3105c289f,eval_mean_position_error_m,0.04993679649153359,0.049549677695709164,-0.000387118795824426
3a319e94622a55d7f5a7f3dc6a8c647d481d7f823857eb808447caad2d1148ff,eval_mean_heading_error_deg,0.03190232729779475,0.031952119041765516,4.9791743970767355e-05
3a319e94622a55d7f5a7f3dc6a8c647d481d7f823857eb808447caad2d1148ff,eval_mean_position_error_m,0.04950623477643089,0.04911881233367446,-0.0003874224427564271
f272102895b321da152ccc8692d5ec59046a9cd47d6b97fc00e70f41dd7095d2,eval_mean_heading_error_deg,0.018198595854666988,0.018227643147882052,2.9047293215064135e-05
f272102895b321da152ccc8692d5ec59046a9cd47d6b97fc00e70f41dd7095d2,eval_mean_position_error_m,0.04977407508240253,0.049386382771873315,-0.00038769231052921543
86b76a8a43f737b797aeca9e9df17c062d9ab538382869d7fd0116587349e38f,eval_mean_heading_error_deg,0.022583665746116068,0.0225980626086062,1.4396862490131251e-05
86b76a8a43f737b797aeca9e9df17c062d9ab538382869d7fd0116587349e38f,eval_mean_position_error_m,0.04999187421658675,0.04960396453658228,-0.0003879096800044682
5aea5b8606b029680a5cdfe421f2af83634a502ccb5df0945984aa46bf127b47,eval_mean_heading_error_deg,0.020958816781534523,0.02103503543353778,7.621865200325637e-05
5aea5b8606b029680a5cdfe421f2af83634a502ccb5df0945984aa46bf127b47,eval_mean_position_error_m,0.04861982117046109,0.04735516204003192,-0.0012646591304291688
093382f1658f1ad3232f5fafe090a5c2828d2e3b1843bd00c7104728b88084d7,eval_mean_heading_error_deg,0.02502186577279192,0.025101595668626433,7.972989583451134e-05
093382f1658f1ad3232f5fafe090a5c2828d2e3b1843bd00c7104728b88084d7,eval_mean_position_error_m,0.04889249270978152,0.04762373028295088,-0.00126876242683064
603ec278321e4394e2bac1a4279a727c0f4eee4cebabc0c5e53e12c6912e38ca,eval_mean_heading_error_deg,0.01742938784064341,0.0174695158931561,4.012805251268903e-05
603ec278321e4394e2bac1a4279a727c0f4eee4cebabc0c5e53e12c6912e38ca,eval_mean_position_error_m,0.0478121837845931,0.04654264788053426,-0.001269535904058837
c457c75a9271920104b4535ad6871a7ef97e4e70b8d5a780892f411637c9eccf,eval_mean_heading_error_deg,0.02319784107749482,0.023217663860180707,1.9822782685887524e-05
c457c75a9271920104b4535ad6871a7ef97e4e70b8d5a780892f411637c9eccf,eval_mean_position_error_m,0.049842361644734254,0.049454963186965815,-0.00038739845776843834
021196350e2eca9a06434f08e7cc121e65655352e9ff99f1105248fa285acb8e,eval_mean_heading_error_deg,0.023093384632660308,0.023084325139099474,-9.059493560833326e-06
021196350e2eca9a06434f08e7cc121e65655352e9ff99f1105248fa285acb8e,eval_mean_position_error_m,0.04938337524053488,0.04899644792588438,-0.00038692731465049535
5d58b6e90cb5f344ea538b780ab1a7f8793338007c85323fa3c85a4197bee3b2,eval_mean_heading_error_deg,0.025254503501358865,0.02527387997326766,1.9376471908794796e-05
5d58b6e90cb5f344ea538b780ab1a7f8793338007c85323fa3c85a4197bee3b2,eval_mean_position_error_m,0.04993192879765741,0.049544308270734395,-0.00038762052692301735
f3a020d81533fd8ab17db7c4b687a7de9e3b4689741a63abbc70067fc18b4a0f,eval_mean_heading_error_deg,0.023844994135365703,0.02389092339933325,4.592926396754585e-05
f3a020d81533fd8ab17db7c4b687a7de9e3b4689741a63abbc70067fc18b4a0f,eval_mean_position_error_m,0.04947830327632749,0.04909134368474127,-0.00038695959158621673
b939e6c1a96149587b28e41da55612e18021552d81b382095fbc74af955fb275,eval_mean_heading_error_deg,0.019630184519342727,0.01966130230158421,3.111778224148404e-05
b939e6c1a96149587b28e41da55612e18021552d81b382095fbc74af955fb275,eval_mean_position_error_m,0.04928734005128266,0.04889943739887268,-0.00038790265240997573
fe677b8a87e4b5927788bc209cb5103a2496aeea396a49024d4a4d7d47de9396,eval_mean_heading_error_deg,0.020984733312375013,0.021044405486374464,5.967217399945046e-05
fe677b8a87e4b5927788bc209cb5103a2496aeea396a49024d4a4d7d47de9396,eval_mean_position_error_m,0.048496890222995956,0.04724084200014105,-0.0012560482228549039
f48e04739ee11ee37d64b09f5e8810f9b74efd6ac69e7e4e9675590905cc11b3,eval_mean_heading_error_deg,0.024800106999204485,0.024858444262118227,5.8337262913741444e-05
f48e04739ee11ee37d64b09f5e8810f9b74efd6ac69e7e4e9675590905cc11b3,eval_mean_position_error_m,0.047163157138200754,0.04588439446153832,-0.0012787626766624302
e660d5067e2c56f58726b8262b141b235df8f0bb62e2ab9cd16e182a548c16d5,eval_mean_heading_error_deg,0.040862332596187746,0.04100661545433283,0.0001442828581450853
e660d5067e2c56f58726b8262b141b235df8f0bb62e2ab9cd16e182a548c16d5,eval_mean_position_error_m,0.048604828371629265,0.04733984755203321,-0.0012649808195960566
bd091c134867c824a55e65bf6e620262cd76118cfda2a540caced29b149de1e3,eval_mean_heading_error_deg,0.026696696937247518,0.026797082369280863,0.00010038543203334457
bd091c134867c824a55e65bf6e620262cd76118cfda2a540caced29b149de1e3,eval_mean_position_error_m,0.048872926055055825,0.04760699388050597,-0.001265932174549858
24d6efa5bfb3c6dc5fe9cbcf0743a6ba5d5ad40c114dee7b1c95f5c2a15ccae5,eval_mean_heading_error_deg,0.018761119971339633,0.018777232402124887,1.6112430785253373e-05
24d6efa5bfb3c6dc5fe9cbcf0743a6ba5d5ad40c114dee7b1c95f5c2a15ccae5,eval_mean_position_error_m,0.04845077067755422,0.047187533957560264,-0.0012632367199939543
5426f42bfc48f83289309dca183e19a219318581b51dc0e0d30f3db5914fc74b,eval_mean_heading_error_deg,0.03097000597233183,0.03099514950756319,2.514353523135754e-05
5426f42bfc48f83289309dca183e19a219318581b51dc0e0d30f3db5914fc74b,eval_mean_position_error_m,0.04939925590101789,0.04901234582853174,-0.0003869100724861463
a149695ce251b359cd93dfe0c0a5567bbde6039b7213f3a59a30a647469743bd,eval_mean_heading_error_deg,0.023011908398393666,0.023036235781255035,2.432738286136868e-05
a149695ce251b359cd93dfe0c0a5567bbde6039b7213f3a59a30a647469743bd,eval_mean_position_error_m,0.049260107492108615,0.04887295688564409,-0.0003871506064645272
c20e27dec7c5b4ffe841bcd68d5b027dd971f6b306cc6ed616f1a2a0731951cc,eval_mean_heading_error_deg,0.02276066830339901,0.02280185115390801,4.118285050900075e-05
c20e27dec7c5b4ffe841bcd68d5b027dd971f6b306cc6ed616f1a2a0731951cc,eval_mean_position_error_m,0.049620830334676985,0.04923342639708919,-0.00038740393758779357
b35134f6a16c143719a2deaf519e93ecd2cbafb75de3c274e4687442ced858ea,eval_mean_heading_error_deg,0.020121738028157803,0.020106775754078876,-1.496227407892653e-05
b35134f6a16c143719a2deaf519e93ecd2cbafb75de3c274e4687442ced858ea,eval_mean_position_error_m,0.04993679649153359,0.049549677695709164,-0.000387118795824426
fed3ab353bc7eef569c38bf9770081fa719800218c4258440b7af329d31e782a,eval_mean_heading_error_deg,0.03190232729779475,0.031952119041765516,4.9791743970767355e-05
fed3ab353bc7eef569c38bf9770081fa719800218c4258440b7af329d31e782a,eval_mean_position_error_m,0.04950623477643089,0.04911881233367446,-0.0003874224427564271
089a14b88311cb687329df903a8786e67c8dd20999941632f94ef7e9dce9236f,eval_mean_heading_error_deg,0.018198595854666988,0.018227643147882052,2.9047293215064135e-05
089a14b88311cb687329df903a8786e67c8dd20999941632f94ef7e9dce9236f,eval_mean_position_error_m,0.04977407508240253,0.049386382771873315,-0.00038769231052921543
348cb0aac39da1f916b195420cb1e1e762555c04592b99eeb04278888e3e13fc,eval_mean_heading_error_deg,0.022583665746116068,0.0225980626086062,1.4396862490131251e-05
348cb0aac39da1f916b195420cb1e1e762555c04592b99eeb04278888e3e13fc,eval_mean_position_error_m,0.04999187421658675,0.04960396453658228,-0.0003879096800044682
7217cf66d6c0b8cee3fb7ea84d69425bb25064dcd06dcf7750a745bd7a311454,eval_mean_heading_error_deg,0.020958816781534523,0.02103503543353778,7.621865200325637e-05
7217cf66d6c0b8cee3fb7ea84d69425bb25064dcd06dcf7750a745bd7a311454,eval_mean_position_error_m,0.04861982117046109,0.04735516204003192,-0.0012646591304291688
98b4a1eda29c73f3d8fbf17fa2d06b4ce9b25d249a7abf083aeca4cf203e38bb,eval_mean_heading_error_deg,0.02502186577279192,0.025101595668626433,7.972989583451134e-05
98b4a1eda29c73f3d8fbf17fa2d06b4ce9b25d249a7abf083aeca4cf203e38bb,eval_mean_position_error_m,0.04889249270978152,0.04762373028295088,-0.00126876242683064
c6630c0aad073aae8ef31d9cf9785d31e3e6fe7adac3d8eeb7c2ce8fb8002f64,eval_mean_heading_error_deg,0.01742938784064341,0.0174695158931561,4.012805251268903e-05
c6630c0aad073aae8ef31d9cf9785d31e3e6fe7adac3d8eeb7c2ce8fb8002f64,eval_mean_position_error_m,0.0478121837845931,0.04654264788053426,-0.001269535904058837
1453644830ebab863a183f676323cc012a16a987adec49c61a2d7f30cedd379d,eval_mean_heading_error_deg,0.02319784107749482,0.023217663860180707,1.9822782685887524e-05
1453644830ebab863a183f676323cc012a16a987adec49c61a2d7f30cedd379d,eval_mean_position_error_m,0.049842361644734254,0.049454963186965815,-0.00038739845776843834
ee6145595524b4e7f7ce3c470d7893b30e0c2217e85da72368b0b3bfd0bbe89f,eval_mean_heading_error_deg,0.023093384632660308,0.023084325139099474,-9.059493560833326e-06
ee6145595524b4e7f7ce3c470d7893b30e0c2217e85da72368b0b3bfd0bbe89f,eval_mean_position_error_m,0.04938337524053488,0.04899644792588438,-0.00038692731465049535
a4a9cb50156df2fd8a971371b6aba93845a868fca4203f6fb2967cbd6252ad77,eval_mean_heading_error_deg,0.025254503501358865,0.02527387997326766,1.9376471908794796e-05
a4a9cb50156df2fd8a971371b6aba93845a868fca4203f6fb2967cbd6252ad77,eval_mean_position_error_m,0.04993192879765741,0.049544308270734395,-0.00038762052692301735
184db55111430213a650773849f2b4b05ebb0b2caff799956da0f7ee4096bfe9,eval_mean_heading_error_deg,0.023844994135365703,0.02389092339933325,4.592926396754585e-05
184db55111430213a650773849f2b4b05ebb0b2caff799956da0f7ee4096bfe9,eval_mean_position_error_m,0.04947830327632749,0.04909134368474127,-0.00038695959158621673
f2ffca29b78aa921197a38abd85746e8e30835f71d15c7854cdbceddc8097796,eval_mean_heading_error_deg,0.019630184519342727,0.01966130230158421,3.111778224148404e-05
f2ffca29b78aa921197a38abd85746e8e30835f71d15c7854cdbceddc8097796,eval_mean_position_error_m,0.04928734005128266,0.04889943739887268,-0.00038790265240997573
c08b22eba444b945aa28ece62f2193e478effd7867772da9ec4a54abf452c7d7,eval_mean_heading_error_deg,0.020984733312375013,0.021044405486374464,5.967217399945046e-05
c08b22eba444b945aa28ece62f2193e478effd7867772da9ec4a54abf452c7d7,eval_mean_position_error_m,0.048496890222995956,0.04724084200014105,-0.0012560482228549039
a8ec55aab9488b15ae155eb9868a575c98ed8f49dec0f97ce35ed2ebe7d5c63f,eval_mean_heading_error_deg,0.023680755288799787,0.02376649153922306,8.573625042327185e-05
a8ec55aab9488b15ae155eb9868a575c98ed8f49dec0f97ce35ed2ebe7d5c63f,eval_mean_position_error_m,0.046155300118824176,0.04492033244570465,-0.0012349676731195289
708676a8860fdf972a37fb692209ffb337553ae6b0aa60da4def1b328b97d75c,eval_mean_heading_error_deg,0.04009852913299857,0.04021197802023717,0.0001134488872385972
708676a8860fdf972a37fb692209ffb337553ae6b0aa60da4def1b328b97d75c,eval_mean_position_error_m,0.047597552628271644,0.0463763269170073,-0.0012212257112643454
701d75d6eda628fc03d8e9160a073bfc1444817e5efeed2d722bf387c8787a6d,eval_mean_heading_error_deg,0.02567841618142721,0.025746411455620084,6.799527419287452e-05
701d75d6eda628fc03d8e9160a073bfc1444817e5efeed2d722bf387c8787a6d,eval_mean_position_error_m,0.048028696792664013,0.04680007688419139,-0.0012286199084726238
49657101cadfa7788cc5e4dce1e379ccf36e5ba80f3b22182fac2fc1482a72f4,eval_mean_heading_error_deg,0.01999497497673494,0.02006633544835808,7.136047162313933e-05
49657101cadfa7788cc5e4dce1e379ccf36e5ba80f3b22182fac2fc1482a72f4,eval_mean_position_error_m,0.0475086290151988,0.04628664135768577,-0.001221987657513024
be64449ac34990500d35646fba4e9af06ad9b1b2c77ff4115348a4fb4f21efbe,eval_mean_heading_error_deg,0.03156260944533896,0.0316231307327178,6.0521287378843824e-05
be64449ac34990500d35646fba4e9af06ad9b1b2c77ff4115348a4fb4f21efbe,eval_mean_position_error_m,0.04738745804958047,0.04618130918089108,-0.0012061488686893954
ea66ae844a96c9bd886bab1e0747f952b9e2f982d7ce3e42d941411d7247eade,eval_mean_heading_error_deg,0.022232752524017053,0.02229675266575124,6.400014173418497e-05
ea66ae844a96c9bd886bab1e0747f952b9e2f982d7ce3e42d941411d7247eade,eval_mean_position_error_m,0.047520236881258074,0.046297537476191815,-0.001222699405066259
d5717d74006a0edd1590914a9a4998c9e5205b1ff149979b6f4676e2e59706e8,eval_mean_heading_error_deg,0.022418199756679285,0.022451753798627214,3.355404194792938e-05
d5717d74006a0edd1590914a9a4998c9e5205b1ff149979b6f4676e2e59706e8,eval_mean_position_error_m,0.04942262029210951,0.049043525407989,-0.0003790948841205094
ed4df8b24e40c081cd2a500746592cc92c12791cb53d4ff25325fffdd4a5957f,eval_mean_heading_error_deg,0.020619215517785807,0.020652269767066075,3.305424928026768e-05
ed4df8b24e40c081cd2a500746592cc92c12791cb53d4ff25325fffdd4a5957f,eval_mean_position_error_m,0.04818979071336919,0.0478162682683048,-0.0003735224450643962
d9803c040e937143afbf24f4ff24b05a2b88d18ebb35d7aeaa7bb514f1487499,eval_mean_heading_error_deg,0.030364200654504785,0.03047256836446968,0.000108367709964894
d9803c040e937143afbf24f4ff24b05a2b88d18ebb35d7aeaa7bb514f1487499,eval_mean_position_error_m,0.04708652912274271,0.045908807828803584,-0.0011777212939391227
33c152bcc9f39c2363de3112e77f218069ef67f41fffc127b60bd2d625fab825,eval_mean_heading_error_deg,0.018676059535077973,0.018750064100618666,7.400456554069318e-05
33c152bcc9f39c2363de3112e77f218069ef67f41fffc127b60bd2d625fab825,eval_mean_position_error_m,0.04585035521176441,0.04379559661346944,-0.002054758598294966
6dbbdec5bbc36a19136c04eff15145d76ec59ca4ebdf50168882b2d07b66a7bf,eval_mean_heading_error_deg,0.02132817668086347,0.02136228452260842,3.410784174495002e-05
6dbbdec5bbc36a19136c04eff15145d76ec59ca4ebdf50168882b2d07b66a7bf,eval_mean_position_error_m,0.04844593567216308,0.04807037306289892,-0.0003755626092641559
de6e9f4723c8c2d7778a5e5c6aa356d050e8ac1a4ab0fafd92f2e3d4af9478ba,eval_mean_heading_error_deg,0.020409244074842202,0.02047419885990038,6.49547850581772e-05
de6e9f4723c8c2d7778a5e5c6aa356d050e8ac1a4ab0fafd92f2e3d4af9478ba,eval_mean_position_error_m,0.0480572996483017,0.04682379889963861,-0.0012335007486630883
ce5c4d1242dce137e04c78299892b343b5ca062a477e0283bdd93192cf7f82f3,eval_mean_heading_error_deg,0.024263628087761287,0.024337374200718152,7.374611295686562e-05
ce5c4d1242dce137e04c78299892b343b5ca062a477e0283bdd93192cf7f82f3,eval_mean_position_error_m,0.047292506635517526,0.046077859283449596,-0.0012146473520679296
9775b8edfd8830d20b5d76512c50ef974fe4b33771a2ad2e46aeba12c5d433e0,eval_mean_heading_error_deg,0.018257318484880405,0.018326000302837316,6.868181795691153e-05
9775b8edfd8830d20b5d76512c50ef974fe4b33771a2ad2e46aeba12c5d433e0,eval_mean_position_error_m,0.0448365449073667,0.04276896870455201,-0.00206757620281469
978bfee28ef9b1241787ae03b394965c4fd17f44fb6f9993c7a131968cf8d9ba,eval_mean_heading_error_deg,0.022412278601742646,0.02243536670696093,2.3088105218282973e-05
978bfee28ef9b1241787ae03b394965c4fd17f44fb6f9993c7a131968cf8d9ba,eval_mean_position_error_m,0.04845163838879019,0.0480769431725609,-0.0003746952162292927
681bd0a4cc404560fa4e0d1f4a06e5e2d03ae123b70af5e5ea2354e056c9c345,eval_mean_heading_error_deg,0.023129202526525443,0.02319071920430224,6.151667777679753e-05
681bd0a4cc404560fa4e0d1f4a06e5e2d03ae123b70af5e5ea2354e056c9c345,eval_mean_position_error_m,0.04782461987131961,0.04660418992977367,-0.0012204299415459405
3ddca3c59a0e01f86b16a8ce35aa56a191b91f750d1f21e566dbc3f429aca85f,eval_mean_heading_error_deg,0.024555570653898434,0.02460055249218952,4.4981838291085346e-05
3ddca3c59a0e01f86b16a8ce35aa56a191b91f750d1f21e566dbc3f429aca85f,eval_mean_position_error_m,0.04899288423198607,0.04861473500077101,-0.0003781492312150622
25cde4d862210c6a8ae7dbaceab70bd0ab950038eb70582a226aad2ce64f00ed,eval_mean_heading_error_deg,0.023216469345687687,0.023254090870948825,3.762152526113824e-05
25cde4d862210c6a8ae7dbaceab70bd0ab950038eb70582a226aad2ce64f00ed,eval_mean_position_error_m,0.04735368578259566,0.04698412742075667,-0.0003695583618389883
5b148521c1feb51008ec42e37294dd0303feef25381b968fd46c948723348326,eval_mean_heading_error_deg,0.018751304176418543,0.018762028133176074,1.0723956757531516e-05
5b148521c1feb51008ec42e37294dd0303feef25381b968fd46c948723348326,eval_mean_position_error_m,0.04817760910619925,0.047802380116202664,-0.000375228989996583
bcf76f78baf915fcb3fc4169c167d71d5de703da100bcbd238639f293cf686c0,eval_mean_heading_error_deg,0.020617423107349264,0.020677083041663373,5.965993431410882e-05
bcf76f78baf915fcb3fc4169c167d71d5de703da100bcbd238639f293cf686c0,eval_mean_position_error_m,0.044631857881715614,0.043415160254804526,-0.0012166976269110882
3fbfeaccf0f1f00042e31eb69c9e2529c0b14aab59052430a152ef96a53264b5,eval_mean_heading_error_deg,0.7426452348531886,0.7442671328553788,0.0016218980021902585
3fbfeaccf0f1f00042e31eb69c9e2529c0b14aab59052430a152ef96a53264b5,eval_mean_position_error_m,0.0007855280919190064,0.0007841767978775814,-1.351294041425019e-06
9e30f9a26e1bf3341ee912f55f7b2cec033d14192dedd285bef12868977db882,eval_mean_heading_error_deg,0.7759482910127179,0.7775315510737278,0.00158326006100995
9e30f9a26e1bf3341ee912f55f7b2cec033d14192dedd285bef12868977db882,eval_mean_position_error_m,0.0009564184200879487,0.0009582945445388825,1.8761244509337641e-06
37e8255567aca491188a4fdc17b7170849786a4647474d499dd3b71561e51643,eval_mean_heading_error_deg,0.7555025706209608,0.7571262469212154,0.0016236763002546173
37e8255567aca491188a4fdc17b7170849786a4647474d499dd3b71561e51643,eval_mean_position_error_m,0.0009637385179235094,0.0009655757657337464,1.8372478102369333e-06
5be49f91009ea7e2d359cafd3e624d52e1fd3632579217ce816176376b247dca,eval_mean_heading_error_deg,0.7533430999669244,0.7549775591647078,0.0016344591977833778
5be49f91009ea7e2d359cafd3e624d52e1fd3632579217ce816176376b247dca,eval_mean_position_error_m,0.0006794161099793571,0.0006795025846282288,8.647464887169207e-08
cbed31b407ca57f4509cfa24f936e9275976a78b4b99d6409b5db42bfd40b665,eval_mean_heading_error_deg,0.7514389653617681,0.7530762819073624,0.0016373165455942917
cbed31b407ca57f4509cfa24f936e9275976a78b4b99d6409b5db42bfd40b665,eval_mean_position_error_m,0.0007918733032542977,0.0007934503433370307,1.5770400827330331e-06
d49b16dc79b3bcb2a75f70d2d76810cf2b2c043685e9d8c0ab6d214bd9a3fe03,eval_mean_heading_error_deg,0.7524872235834514,0.7540811151594157,0.0015938915759642347
d49b16dc79b3bcb2a75f70d2d76810cf2b2c043685e9d8c0ab6d214bd9a3fe03,eval_mean_position_error_m,0.0008194586436123715,0.0008197228472415654,2.642036291938387e-07
213ca560bea57576f71a5ac95382a30005440243d4b3efa3aa1602516abbf324,eval_mean_heading_error_deg,0.7352216781304236,0.7368229965375644,0.0016013184071408393
213ca560bea57576f71a5ac95382a30005440243d4b3efa3aa1602516abbf324,eval_mean_position_error_m,0.0011179784474771015,0.0011187016947870336,7.232473099320815e-07
cd298fd02f5c4c7412228dcdec91a45dcdbc92abf13fbbdc6d4af7c45bf6b141,eval_mean_heading_error_deg,0.7091150134262196,0.7106255007475387,0.0015104873213190873
cd298fd02f5c4c7412228dcdec91a45dcdbc92abf13fbbdc6d4af7c45bf6b141,eval_mean_position_error_m,0.0011979306002225425,0.0012000072069115045,2.076606688962033e-06
35089157a46d177761b1c8b97abc9aa48f5c2cebd7f4bfa74d1f6cea37f319c8,eval_mean_heading_error_deg,0.7295325648382054,0.7311149623263831,0.0015823974881776781
35089157a46d177761b1c8b97abc9aa48f5c2cebd7f4bfa74d1f6cea37f319c8,eval_mean_position_error_m,0.0009773759843614356,0.0009791723966753733,1.7964123139376387e-06
a487cd862145545885727ea9d34a6e2f4e3d93b13b6a917aef71742600e7d861,eval_mean_heading_error_deg,0.7229653893156633,0.7245102352213233,0.0015448459056599528
a487cd862145545885727ea9d34a6e2f4e3d93b13b6a917aef71742600e7d861,eval_mean_position_error_m,0.0008407133584201094,0.0008409177888477013,2.0443042759185712e-07
7e24e81ccfa1b7d4f882b24beb5502dfd83a8e48fa8f4ae1e8d7a04cd66088ad,eval_mean_heading_error_deg,0.7249910743421433,0.7265313781075374,0.0015403037653941576
7e24e81ccfa1b7d4f882b24beb5502dfd83a8e48fa8f4ae1e8d7a04cd66088ad,eval_mean_position_error_m,0.0011301935584891285,0.0011315406874942509,1.3471290051224067e-06
9ebc05300c726f4c30ec2e9c6207337e4b581b0353a678ee6ce1208cc2ffbb63,eval_mean_heading_error_deg,0.7393939287475497,0.7409480573430707,0.0015541285955209538
9ebc05300c726f4c30ec2e9c6207337e4b581b0353a678ee6ce1208cc2ffbb63,eval_mean_position_error_m,0.0009857201387497058,0.0009869061051014727,1.1859663517669542e-06
9270ab9a16dbee616df4615daa42b0be00e9385b27eff4026512a6ad38e039ed,eval_mean_heading_error_deg,0.7457744226151659,0.7473823792388657,0.0016079566236998355
9270ab9a16dbee616df4615daa42b0be00e9385b27eff4026512a6ad38e039ed,eval_mean_position_error_m,0.000805669906444015,0.0008068083994928705,1.1384930488555697e-06
d57e418c969d369b6e67ba4261fd69261aa84acfeb4f2ef953ed491156586be4,eval_mean_heading_error_deg,0.7531148222389545,0.7547514044082394,0.0016365821692848614
d57e418c969d369b6e67ba4261fd69261aa84acfeb4f2ef953ed491156586be4,eval_mean_position_error_m,0.0010720220607461383,0.0010731025729603094,1.0805122141711258e-06
995561b8878848cc6727ce8641463ef31fe9c51766ecad45b15a084e7ff471d8,eval_mean_heading_error_deg,0.7490830389731867,0.7507099700166834,0.0016269310434966489
995561b8878848cc6727ce8641463ef31fe9c51766ecad45b15a084e7ff471d8,eval_mean_position_error_m,0.0012361573857856921,0.001238388638670618,2.2312528849257815e-06
bb5a29dec0beab79887fbcf72d963e99589d9d44621d13ce0d0cc7635d9c1ca9,eval_mean_heading_error_deg,0.7310386647852241,0.7326373505554618,0.0015986857702376955
bb5a29dec0beab79887fbcf72d963e99589d9d44621d13ce0d0cc7635d9c1ca9,eval_mean_position_error_m,0.0011673709670652018,0.0011695615050861413,2.1905380209394365e-06
fccb1c79854a650f440427aee8b809348b12a9651ccd98a2d4621f7d6589d228,eval_mean_heading_error_deg,0.7642573266335861,0.7659245813631399,0.0016672547295537576
fccb1c79854a650f440427aee8b809348b12a9651ccd98a2d4621f7d6589d228,eval_mean_position_error_m,0.0009653229754278293,0.0009671686204488273,1.8456450209979785e-06
d2ba8ca3b78193b9b31c9de772a17f4feb575fe6df947601fb6eada931032af7,eval_mean_heading_error_deg,0.7500081490684726,0.7516116649470468,0.0016035158785742132
d2ba8ca3b78193b9b31c9de772a17f4feb575fe6df947601fb6eada931032af7,eval_mean_position_error_m,0.0011258564396267297,0.0011273091566321837,1.4527170054540184e-06
a1689ddd09bc1e850b68a9c9f2812070ac4fec79e398183c405c051d1dbfcdbc,eval_mean_heading_error_deg,0.7256667049648404,0.727238474448709,0.0015717694838686125
a1689ddd09bc1e850b68a9c9f2812070ac4fec79e398183c405c051d1dbfcdbc,eval_mean_position_error_m,0.001066275796810566,0.0010684566796058828,2.1808827953167294e-06
a9849d5ef7b3fbb6d895458b15dc275b7643bb47f35c1c94c5294aa31abc2865,eval_mean_heading_error_deg,0.724098834228551,0.7256424042871495,0.001543570058598509
a9849d5ef7b3fbb6d895458b15dc275b7643bb47f35c1c94c5294aa31abc2865,eval_mean_position_error_m,0.0011318230063998543,0.0011334268740628617,1.6038676630073922e-06
eda09a6d5640402327de212ac74a63c07ffc83d875a334c344f4f8f10774c8d2,eval_mean_heading_error_deg,0.7426452348531886,0.7442671328553788,0.0016218980021902585
eda09a6d5640402327de212ac74a63c07ffc83d875a334c344f4f8f10774c8d2,eval_mean_position_error_m,0.0007855280919190064,0.0007841767978775814,-1.351294041425019e-06
0982f9a60f8fb3e178aff51d43fb86b6b7a5a5f50bae159660195c8421f071b6,eval_mean_heading_error_deg,0.7759482910127179,0.7775315510737278,0.00158326006100995
0982f9a60f8fb3e178aff51d43fb86b6b7a5a5f50bae159660195c8421f071b6,eval_mean_position_error_m,0.0009564184200879487,0.0009582945445388825,1.8761244509337641e-06
59205f3abf5873da2e6b210e739f8e8fa3f2418e1f76ceed8022abebbb27929b,eval_mean_heading_error_deg,0.7555025706209608,0.7571262469212154,0.0016236763002546173
59205f3abf5873da2e6b210e739f8e8fa3f2418e1f76ceed8022abebbb27929b,eval_mean_position_error_m,0.0009637385179235094,0.0009655757657337464,1.8372478102369333e-06
700e032d25dea498e1909454426ba13d9437aa5eb9d37b4878526a91c8b55eee,eval_mean_heading_error_deg,0.7533430999669244,0.7549775591647078,0.0016344591977833778
700e032d25dea498e1909454426ba13d9437aa5eb9d37b4878526a91c8b55eee,eval_mean_position_error_m,0.0006794161099793571,0.0006795025846282288,8.647464887169207e-08
d7b8c3497d18deb796a633f651fe153ce24e7ad91d163f1cef7a42cd7b7ff4dd,eval_mean_heading_error_deg,0.7514389653617681,0.7530762819073624,0.0016373165455942917
d7b8c3497d18deb796a633f651fe153ce24e7ad91d163f1cef7a42cd7b7ff4dd,eval_mean_position_error_m,0.0007918733032542977,0.0007934503433370307,1.5770400827330331e-06
b41617dffbd8d8bb73edec3dad4a128e2e72e02c0066319b7884d8f41f6ad7d4,eval_mean_heading_error_deg,0.7524872235834514,0.7540811151594157,0.0015938915759642347
b41617dffbd8d8bb73edec3dad4a128e2e72e02c0066319b7884d8f41f6ad7d4,eval_mean_position_error_m,0.0008194586436123715,0.0008197228472415654,2.642036291938387e-07
0a71c7b6386cd91dd9d6d7ec81e19d62eef4300ac17738f753af04b4c92ad66a,eval_mean_heading_error_deg,0.7352216781304236,0.7368229965375644,0.0016013184071408393
0a71c7b6386cd91dd9d6d7ec81e19d62eef4300ac17738f753af04b4c92ad66a,eval_mean_position_error_m,0.0011179784474771015,0.0011187016947870336,7.232473099320815e-07
35d1c9c16a456b501ac8c17485a23932625011c2d48d617addf7c3b460301f4a,eval_mean_heading_error_deg,0.7091150134262196,0.7106255007475387,0.0015104873213190873
35d1c9c16a456b501ac8c17485a23932625011c2d48d617addf7c3b460301f4a,eval_mean_position_error_m,0.0011979306002225425,0.0012000072069115045,2.076606688962033e-06
b2eaa2a6b7907dfa454fc637ed2150d75f21798c6dea654979565a58934a86c5,eval_mean_heading_error_deg,0.7295325648382054,0.7311149623263831,0.0015823974881776781
b2eaa2a6b7907dfa454fc637ed2150d75f21798c6dea654979565a58934a86c5,eval_mean_position_error_m,0.0009773759843614356,0.0009791723966753733,1.7964123139376387e-06
bf29e0c89d2d81fba78e240cbda8f710ccc09903a42bc84d23d4cc93683fdec5,eval_mean_heading_error_deg,0.7229653893156633,0.7245102352213233,0.0015448459056599528
bf29e0c89d2d81fba78e240cbda8f710ccc09903a42bc84d23d4cc93683fdec5,eval_mean_position_error_m,0.0008407133584201094,0.0008409177888477013,2.0443042759185712e-07
9c6796a3df5d93e2a0fd5110f56e04f01336a92af61039d364bd204ec0df644c,eval_mean_heading_error_deg,0.7249910743421433,0.7265313781075374,0.0015403037653941576
9c6796a3df5d93e2a0fd5110f56e04f01336a92af61039d364bd204ec0df644c,eval_mean_position_error_m,0.0011301935584891285,0.0011315406874942509,1.3471290051224067e-06
ca91c5c73441a5d451f4104a84c1f005c99e42c8c6c6c741462bbbb40bc295de,eval_mean_heading_error_deg,0.7393939287475497,0.7409480573430707,0.0015541285955209538
ca91c5c73441a5d451f4104a84c1f005c99e42c8c6c6c741462bbbb40bc295de,eval_mean_position_error_m,0.0009857201387497058,0.0009869061051014727,1.1859663517669542e-06
b42b39f6f072f03ee80ea94be76f90fdd41fd7249730e87c8a33256a6bbc224a,eval_mean_heading_error_deg,0.7457744226151659,0.7473823792388657,0.0016079566236998355
b42b39f6f072f03ee80ea94be76f90fdd41fd7249730e87c8a33256a6bbc224a,eval_mean_position_error_m,0.000805669906444015,0.0008068083994928705,1.1384930488555697e-06
22dc19b0fd4133a9cfd8d770b422a1ab905c85200f8c5a2e18a44a00686862ce,eval_mean_heading_error_deg,0.7531148222389545,0.7547514044082394,0.0016365821692848614
22dc19b0fd4133a9cfd8d770b422a1ab905c85200f8c5a2e18a44a00686862ce,eval_mean_position_error_m,0.0010720220607461383,0.0010731025729603094,1.0805122141711258e-06
86c29f2ba6f7a0a10ebc5565e6cda7874e727af088248ee81d24bde853c6f236,eval_mean_heading_error_deg,0.7490830389731867,0.7507099700166834,0.0016269310434966489
86c29f2ba6f7a0a10ebc5565e6cda7874e727af088248ee81d24bde853c6f236,eval_mean_position_error_m,0.0012361573857856921,0.001238388638670618,2.2312528849257815e-06
4269a6dc8752cb027c4972322749becca5896ddac7a987c45935b0aab5bc3463,eval_mean_heading_error_deg,0.7310386647852241,0.7326373505554618,0.0015986857702376955
4269a6dc8752cb027c4972322749becca5896ddac7a987c45935b0aab5bc3463,eval_mean_position_error_m,0.0011673709670652018,0.0011695615050861413,2.1905380209394365e-06
c5b61edb5f8314f009183d0255ca0dc1a46dcbadaa721645455a1ca3a11fc3b8,eval_mean_heading_error_deg,0.7642573266335861,0.7659245813631399,0.0016672547295537576
c5b61edb5f8314f009183d0255ca0dc1a46dcbadaa721645455a1ca3a11fc3b8,eval_mean_position_error_m,0.0009653229754278293,0.0009671686204488273,1.8456450209979785e-06
bea1d5d8adb8e4466087534bcfdcc625f950ec0563b4468f59f4ddf520580269,eval_mean_heading_error_deg,0.7500081490684726,0.7516116649470468,0.0016035158785742132
bea1d5d8adb8e4466087534bcfdcc625f950ec0563b4468f59f4ddf520580269,eval_mean_position_error_m,0.0011258564396267297,0.0011273091566321837,1.4527170054540184e-06
5b9adbccdf14146add41885d6ae0c9128d7980664b77ca61bf9b7792d5c9b651,eval_mean_heading_error_deg,0.7256667049648404,0.727238474448709,0.0015717694838686125
5b9adbccdf14146add41885d6ae0c9128d7980664b77ca61bf9b7792d5c9b651,eval_mean_position_error_m,0.001066275796810566,0.0010684566796058828,2.1808827953167294e-06
6a5c05b222d3ef3050c2ae1bb2b5d818b9406f21e42b1070adae997ba3cf6c3d,eval_mean_heading_error_deg,0.724098834228551,0.7256424042871495,0.001543570058598509
6a5c05b222d3ef3050c2ae1bb2b5d818b9406f21e42b1070adae997ba3cf6c3d,eval_mean_position_error_m,0.0011318230063998543,0.0011334268740628617,1.6038676630073922e-06
55628797ad3ae98883042d09d8147b968c30ecee599c4f6ed85b81cb2e603c09,eval_mean_heading_error_deg,0.6737356416774404,0.6751350936892448,0.0013994520118044695
55628797ad3ae98883042d09d8147b968c30ecee599c4f6ed85b81cb2e603c09,eval_mean_position_error_m,0.0011093306346264284,0.0011089369823204112,-3.9365230601715213e-07
df0cf2f975c709af48236fa37a51c481d29fefc53bb646a24b4cec57537e7cb3,eval_mean_heading_error_deg,0.7216510798981309,0.7231564218177092,0.0015053419195782958
df0cf2f975c709af48236fa37a51c481d29fefc53bb646a24b4cec57537e7cb3,eval_mean_position_error_m,0.0013092372484745445,0.001312062093945574,2.8248454710295707e-06
bd73d31652ffe353d29498d5de6c426240ed43cbf7247493401a162eb28af237,eval_mean_heading_error_deg,0.7078723688681076,0.7093560566820077,0.0014836878139001808
bd73d31652ffe353d29498d5de6c426240ed43cbf7247493401a162eb28af237,eval_mean_position_error_m,0.0011697668651556967,0.0011710002187312824,1.2333535755857002e-06
08b69a2082d9fdd00b1c400cb5d0f8886ed1b9e6899cac9873d1b31abed4d289,eval_mean_heading_error_deg,0.6923391130995837,0.69376783821593,0.0014287251163462855
08b69a2082d9fdd00b1c400cb5d0f8886ed1b9e6899cac9873d1b31abed4d289,eval_mean_position_error_m,0.000836596106418605,0.0008374875977090202,8.914912904151853e-07
e2e3b02cab1d2a21b09a05cbdae0d957cdbe5f6835b882df8728bacf69bacb21,eval_mean_heading_error_deg,0.7216014321930783,0.723115163926499,0.0015137317334207312
e2e3b02cab1d2a21b09a05cbdae0d957cdbe5f6835b882df8728bacf69bacb21,eval_mean_position_error_m,0.00096745213282705,0.0009684572817626774,1.005148935627389e-06
ddd3748bf5c2453ea0237d9dd87e4daac7430cbd32c517045767a713280f0e59,eval_mean_heading_error_deg,0.7127419271254901,0.7142579200764723,0.001515992950982148
ddd3748bf5c2453ea0237d9dd87e4daac7430cbd32c517045767a713280f0e59,eval_mean_position_error_m,0.0010919712692866682,0.001093017393094455,1.046123807786712e-06
877f33d264562333f504c04a44da0e5270e7e132944099a0565a9b5b65d9a63a,eval_mean_heading_error_deg,0.6759766084767904,0.6774033775085868,0.0014267690317963933
877f33d264562333f504c04a44da0e5270e7e132944099a0565a9b5b65d9a63a,eval_mean_position_error_m,0.00122872573511288,0.0012283859267849767,-3.3980832790333516e-07
5a8e8ba24f72dfa372d14071ea47a33fcd93b7e0f97abe7ac8068edb179d95db,eval_mean_heading_error_deg,0.6780779251922313,0.6794930873682112,0.0014151621759799227
5a8e8ba24f72dfa372d14071ea47a33fcd93b7e0f97abe7ac8068edb179d95db,eval_mean_position_error_m,0.001286712396910739,0.0012893501116021495,2.6377146914104317e-06
6619d4a718739535223444d7020ec0b191aa0680e1675ef0169a042e229f0af8,eval_mean_heading_error_deg,0.6607891023440013,0.6621388457817559,0.0013497434377545137
6619d4a718739535223444d7020ec0b191aa0680e1675ef0169a042e229f0af8,eval_mean_position_error_m,0.0010447985664848408,0.001046188062653993,1.389496169152283e-06
80f1218cef931fe6059772457a98f3a7d452c83f60676c3d10134b38b49a2f7a,eval_mean_heading_error_deg,0.7017390107896065,0.703224695143883,0.0014856843542764286
80f1218cef931fe6059772457a98f3a7d452c83f60676c3d10134b38b49a2f7a,eval_mean_position_error_m,0.0009948749115247218,0.000995664512633343,7.896011086211668e-07
d6644b281416a6b0f8cea63863281f56c80f169d7f39b160d767b8fc8eb2f1a1,eval_mean_heading_error_deg,0.6774315969189284,0.6788294062957332,0.0013978093768047817
d6644b281416a6b0f8cea63863281f56c80f169d7f39b160d767b8fc8eb2f1a1,eval_mean_position_error_m,0.0012909137017761544,0.0012922809737951483,1.3672720189938665e-06
13c7d186fc91f7b5c8b69d1ba7c7ac7ac1cb653503063a66e7bccab47b9de953,eval_mean_heading_error_deg,0.6992917149027723,0.7007752198135254,0.0014835049107531084
13c7d186fc91f7b5c8b69d1ba7c7ac7ac1cb653503063a66e7bccab47b9de953,eval_mean_position_error_m,0.0011303902545243248,0.0011327784940622868,2.3882395379620346e-06
0c23b1d5a6ff489ab299ddaeeb20a895e0b524f4ca2297c9dec5a0f90c760f37,eval_mean_heading_error_deg,0.6543077073436682,0.6556903662002517,0.0013826588565835074
0c23b1d5a6ff489ab299ddaeeb20a895e0b524f4ca2297c9dec5a0f90c760f37,eval_mean_position_error_m,0.000903403632555618,0.0009046580412936129,1.2544087379948513e-06
beb23c5cc871abebaf2d1afb4ae928eab84a7b6f2096fe62ecb829b8293bd4d7,eval_mean_heading_error_deg,0.6996243459060051,0.7010695794424167,0.001445233536411572
beb23c5cc871abebaf2d1afb4ae928eab84a7b6f2096fe62ecb829b8293bd4d7,eval_mean_position_error_m,0.0013043957941538474,0.0013067369212437024,2.341127089855021e-06
63b08ff2fa11e46ff0ab6b5edcd614fd8fd31ec495c68d038194e95baba38b8f,eval_mean_heading_error_deg,0.7080841130642255,0.7095905755239688,0.0015064624597432852
63b08ff2fa11e46ff0ab6b5edcd614fd8fd31ec495c68d038194e95baba38b8f,eval_mean_position_error_m,0.001396211390153961,0.0013974335298213216,1.222139667360518e-06
5cad344b3f521ae6c5282b2beb154ee1121fae03dcb09d5138038fc346ebaad1,eval_mean_heading_error_deg,0.6833828081101975,0.6848611188345706,0.0014783107243730997
5cad344b3f521ae6c5282b2beb154ee1121fae03dcb09d5138038fc346ebaad1,eval_mean_position_error_m,0.0013844980931725726,0.0013872045399476588,2.706446775086217e-06
c935ee29b93375b59b0696554e7ec9ab18c57515c4d35af758e518bf6cabe0bf,eval_mean_heading_error_deg,0.7055391877475377,0.7070268063427978,0.0014876185952601428
c935ee29b93375b59b0696554e7ec9ab18c57515c4d35af758e518bf6cabe0bf,eval_mean_position_error_m,0.0011282514566173729,0.0011296396684748204,1.3882118574475542e-06
f9ae75ca05a1bfbd7e5fa85a6a28b419b97459deb3748d829210d597e2189b86,eval_mean_heading_error_deg,0.7051309707039168,0.7066258661892897,0.0014948954853728491
f9ae75ca05a1bfbd7e5fa85a6a28b419b97459deb3748d829210d597e2189b86,eval_mean_position_error_m,0.0012030248728455153,0.0012050523192036204,2.0274463581051397e-06
7af89db61c0e2d31a5811a778edbdcfb96f603ca4ea57caefdbe8527bb3ea018,eval_mean_heading_error_deg,0.6333702996874362,0.6346361349270025,0.0012658352395663597
7af89db61c0e2d31a5811a778edbdcfb96f603ca4ea57caefdbe8527bb3ea018,eval_mean_position_error_m,0.0010919014875404448,0.0010940640554381893,2.1625678977444523e-06
adc3e0bec006e152389c6d8e72465eaf7fcb92668d1f3a92010df8e430e65673,eval_mean_heading_error_deg,0.6981290032820596,0.6995927634124091,0.001463760130349434
adc3e0bec006e152389c6d8e72465eaf7fcb92668d1f3a92010df8e430e65673,eval_mean_position_error_m,0.0012395387802522455,0.0012420901223014187,2.5513420491732157e-06
55a0520de3f800e6dc6ea4f8745c58ab370e634c9ddbac5664e3c9683d04db14,eval_mean_heading_error_deg,3.1882944723832605,3.1952702798019734,0.006975807418712954
55a0520de3f800e6dc6ea4f8745c58ab370e634c9ddbac5664e3c9683d04db14,eval_mean_position_error_m,0.0008386530996027813,0.0008374148549611184,-1.2382446416629158e-06
171f1cb983f9471f45afdd8a2cb2af1923c052ed4588026804ad1ad83ccbad6a,eval_mean_heading_error_deg,3.217610957431885,3.224539366563152,0.0069284091312669105
171f1cb983f9471f45afdd8a2cb2af1923c052ed4588026804ad1ad83ccbad6a,eval_mean_position_error_m,0.0009269219699943622,0.0009287304093569144,1.8084393625521526e-06
1a562e47fc629710c555b177213fe137cb5f72f7ccf4d4cac89542b592bcff3e,eval_mean_heading_error_deg,3.25631186325867,3.263405435909997,0.00709357265132704
1a562e47fc629710c555b177213fe137cb5f72f7ccf4d4cac89542b592bcff3e,eval_mean_position_error_m,0.0010727303612115841,0.001074809125590883,2.0787643792989814e-06
556896814e2e854e55cfe4fb7d082b3633ba43aeae8b8b06608eab61c3358997,eval_mean_heading_error_deg,3.09382956516045,3.1005878109888703,0.006758245828420328
556896814e2e854e55cfe4fb7d082b3633ba43aeae8b8b06608eab61c3358997,eval_mean_position_error_m,0.0006990546761522897,0.0006991811257605795,1.2644960828975867e-07
ca6e16b56c6e474057b03c609c202a538a50c6867d332e622631217ff52f69db,eval_mean_heading_error_deg,3.24944100432811,3.2565467249155238,0.007105720587413877
ca6e16b56c6e474057b03c609c202a538a50c6867d332e622631217ff52f69db,eval_mean_position_error_m,0.000939687823800874,0.000941585153087644,1.8973292867699963e-06
3d1e76a127a7b699a12ecd46dac8de1677d57518ae2981bb4a1a0597d48e7fe3,eval_mean_heading_error_deg,3.24778535862746,3.2548417607186333,0.007056402091173197
3d1e76a127a7b699a12ecd46dac8de1677d57518ae2981bb4a1a0597d48e7fe3,eval_mean_position_error_m,0.0009120684324533168,0.0009125325331874587,4.6410073414188124e-07
9babdf0122a98ce04221e8f027100e545316f0ea0d40c28701d5326f76a9088d,eval_mean_heading_error_deg,3.2960044500925663,3.30320692627093,0.007202476178363781
9babdf0122a98ce04221e8f027100e545316f0ea0d40c28701d5326f76a9088d,eval_mean_position_error_m,0.0012239604361964221,0.001224912685742236,9.522495458139449e-07
7c917f82b5078ed97151248e6c9ab850b0937c84470d67a324ee7354a35af9a2,eval_mean_heading_error_deg,3.111254163275994,3.1180186302505177,0.0067644669745239305
7c917f82b5078ed97151248e6c9ab850b0937c84470d67a324ee7354a35af9a2,eval_mean_position_error_m,0.00128347352961777,0.0012857339837210081,2.2604541032381076e-06
bdb6333be366f166e148aaabbcc40f54f5ed77b8f1a9055ec7fe4e0eba886d90,eval_mean_heading_error_deg,3.166253797283217,3.1731658529209397,0.0069120556377226805
bdb6333be366f166e148aaabbcc40f54f5ed77b8f1a9055ec7fe4e0eba886d90,eval_mean_position_error_m,0.0009772805076852936,0.0009790800571190708,1.7995494337771489e-06
2db3962718e6e1c7b25321d63b35a8a42fe6d17d0b8ec5be7d42f4179792641c,eval_mean_heading_error_deg,3.223188717567115,3.2302068643721777,0.007018146805062742
2db3962718e6e1c7b25321d63b35a8a42fe6d17d0b8ec5be7d42f4179792641c,eval_mean_position_error_m,0.0009157498319627635,0.000916115496990337,3.656650275734837e-07
1b07b07171c59b7ce41665af424d26bc52ddf68e036c446cd3a715da34fa8d13,eval_mean_heading_error_deg,3.218514446123733,3.2255087073287823,0.0069942612050493125
1b07b07171c59b7ce41665af424d26bc52ddf68e036c446cd3a715da34fa8d13,eval_mean_position_error_m,0.0011434804267087902,0.0011448533443575938,1.372917648803651e-06
9b1d9c442265ce258c64cfe67911753bb7507d02537b87ba4a7bd1b4fa4256e5,eval_mean_heading_error_deg,3.3399481328540297,3.347190411731085,0.007242278877055419
9b1d9c442265ce258c64cfe67911753bb7507d02537b87ba4a7bd1b4fa4256e5,eval_mean_position_error_m,0.001042389362639512,0.0010437019638882268,1.312601248714719e-06
d7f746351b9ab83681aeab930ba5d4bbfcaa107234103bc76f0196429348b6a3,eval_mean_heading_error_deg,3.1709433186929212,3.1778556526225867,0.006912333929665504
d7f746351b9ab83681aeab930ba5d4bbfcaa107234103bc76f0196429348b6a3,eval_mean_position_error_m,0.0009013587882508515,0.0009027096003746663,1.3508121238148176e-06
48d81cc8d17c138500850ecaec1694c28d8a98359a3d75e60a32153faffe98ef,eval_mean_heading_error_deg,3.1930232125929323,3.1999964353986314,0.00697322280569912
48d81cc8d17c138500850ecaec1694c28d8a98359a3d75e60a32153faffe98ef,eval_mean_position_error_m,0.0010931430242296864,0.001094266532183311,1.123507953624701e-06
86c37e7fcaf51d4830f0dd5e6dad99f6652491764dda9146760d09e6ab91d2e1,eval_mean_heading_error_deg,3.2126515001822598,3.219671507809473,0.007020007627213332
86c37e7fcaf51d4830f0dd5e6dad99f6652491764dda9146760d09e6ab91d2e1,eval_mean_position_error_m,0.0012805999050425,0.0012829320641399521,2.3321590974520814e-06
3283c3a86b5d9945ea0242ad27ee635a0229f55e88d0214b3070995859ef2f9c,eval_mean_heading_error_deg,3.214628072206966,3.2216608655330687,0.0070327933261027376
3283c3a86b5d9945ea0242ad27ee635a0229f55e88d0214b3070995859ef2f9c,eval_mean_position_error_m,0.0012140399919607816,0.0012163351297197257,2.2951377589440405e-06
6f5b3a32b6994eee762244192d15111382a9df194f504fe9f7baa7a6d76c8cd0,eval_mean_heading_error_deg,3.097544115158311,3.104319387907898,0.0067752727495871135
6f5b3a32b6994eee762244192d15111382a9df194f504fe9f7baa7a6d76c8cd0,eval_mean_position_error_m,0.0010957347832291488,0.001097862712125128,2.127928895979221e-06
654853c3fd693cf93eb66939dba7e25513999f363fe494b6bf8e3b84ca954479,eval_mean_heading_error_deg,3.165466206602983,3.172357527462709,0.00689132085972588
654853c3fd693cf93eb66939dba7e25513999f363fe494b6bf8e3b84ca954479,eval_mean_position_error_m,0.001259444636098544,0.0012611863519112424,1.741715812698377e-06
741486b3f214c7f082a08448fc0862c1f0f106f11a90bfe561e4e0d205d8b4e4,eval_mean_heading_error_deg,3.088886352280366,3.0956269369983906,0.006740584718024856
741486b3f214c7f082a08448fc0862c1f0f106f11a90bfe561e4e0d205d8b4e4,eval_mean_position_error_m,0.0012142551055861711,0.0012167633079226826,2.508202336511502e-06
972332fd458fe217c215a52c155ac5d68fd430e3938db6905bf350b92b10ff43,eval_mean_heading_error_deg,3.1609523248242146,3.1678305321425384,0.006878207318323781
972332fd458fe217c215a52c155ac5d68fd430e3938db6905bf350b92b10ff43,eval_mean_position_error_m,0.0011659885813392174,0.0011676705467993968,1.6819654601793726e-06
0147f07e9901342f7d51870dbe0702046fc8b0a0a349a366a9fbfaa1df69ff28,eval_mean_heading_error_deg,1.1053083732891438,1.1076080166927433,0.0022996434035995605
0147f07e9901342f7d51870dbe0702046fc8b0a0a349a366a9fbfaa1df69ff28,eval_mean_position_error_m,0.0008820627024685393,0.0008814961072111363,-5.665952574029605e-07
bdf732e91f734d0d31d7024415504ffa5d2ea85deb79de3271bdd66d32ed3fdb,eval_mean_heading_error_deg,1.1510550383025764,1.1534329208653904,0.0023778825628140154
bdf732e91f734d0d31d7024415504ffa5d2ea85deb79de3271bdd66d32ed3fdb,eval_mean_position_error_m,0.000868334833711275,0.0008695668078464594,1.2319741351843848e-06
e629997e5641b6e22e69d0ee1982dea5a6931ee9e853f763f13f2392196961b4,eval_mean_heading_error_deg,1.0356800366292374,1.0378154817366934,0.002135445107456002
e629997e5641b6e22e69d0ee1982dea5a6931ee9e853f763f13f2392196961b4,eval_mean_position_error_m,0.000988811368385918,0.0009896575500388442,8.461816529263012e-07
4d6277b73ccfa454022531e7fd76a46c4ac3ed1990fd7a5a5b6641093a56909e,eval_mean_heading_error_deg,1.163251940514521,1.165657279249657,0.002405338735135931
4d6277b73ccfa454022531e7fd76a46c4ac3ed1990fd7a5a5b6641093a56909e,eval_mean_position_error_m,0.0007193441473788614,0.0007198659120669572,5.21764688095794e-07
afbbbc74d51cdab7c8d919adc32cf1d22369345c0cf6e84156a6814103208146,eval_mean_heading_error_deg,1.126182147760781,1.1284730755265189,0.0022909277657379157
afbbbc74d51cdab7c8d919adc32cf1d22369345c0cf6e84156a6814103208146,eval_mean_position_error_m,0.0009576239819509674,0.0009579048658482265,2.80883897259168e-07
d6dd2dcef30fda7c274aac6224a91b97d504f9a7e5e4693340e76ddc0dadbb28,eval_mean_heading_error_deg,1.0948504211868817,1.0970757169422884,0.002225295755406753
d6dd2dcef30fda7c274aac6224a91b97d504f9a7e5e4693340e76ddc0dadbb28,eval_mean_position_error_m,0.000807718094681785,0.0008089556595761354,1.2375648943504418e-06
3e9fd50cbbf71f42ba30ef1cd748f57ce27a48cbd6ce01b1e6afe9badd93fa73,eval_mean_heading_error_deg,1.02694789086921,1.0290747695052076,0.0021268786359975866
3e9fd50cbbf71f42ba30ef1cd748f57ce27a48cbd6ce01b1e6afe9badd93fa73,eval_mean_position_error_m,0.0013514735325733812,0.0013529581549149208,1.4846223415395775e-06
671fe1cd5906e69ea9764c316c6a2e95318f8d7b5350b65370e6b5f63206195f,eval_mean_heading_error_deg,1.1376212980704548,1.1399682067267696,0.0023469086563148167
671fe1cd5906e69ea9764c316c6a2e95318f8d7b5350b65370e6b5f63206195f,eval_mean_position_error_m,0.0012613108002993594,0.0012638235271265146,2.5127268271551897e-06
9da5a45b7164ff355b6a8ac7316953339154ebfecfc16bb6de1536fb84ca9ef4,eval_mean_heading_error_deg,1.1115742485112647,1.113864679038938,0.002290430527673193
9da5a45b7164ff355b6a8ac7316953339154ebfecfc16bb6de1536fb84ca9ef4,eval_mean_position_error_m,0.0009371678034497975,0.0009383304023898973,1.1625989400997462e-06
3d7d36ed574ad29f4e60cc2312304b34616ab08ba1399a157a7a1bea36fedeeb,eval_mean_heading_error_deg,1.0111151267570517,1.0131807164396014,0.0020655896825496622
3d7d36ed574ad29f4e60cc2312304b34616ab08ba1399a157a7a1bea36fedeeb,eval_mean_position_error_m,0.000985615130593653,0.000987327958895671,1.712828302017971e-06
2e05a028d254964256b97f7da94c3d54409785fa1825b8a95be7d897db83aa69,eval_mean_heading_error_deg,1.0658580063717467,1.068069438233485,0.0022114318617383333
2e05a028d254964256b97f7da94c3d54409785fa1825b8a95be7d897db83aa69,eval_mean_position_error_m,0.0011442114212004955,0.0011451650059830414,9.535847825458896e-07
2b41a305d37ccef1a054e74f4045538a2a0ffa2b115baeb6a8519d236ece99bd,eval_mean_heading_error_deg,1.0315253188376865,1.033655829411246,0.0021305105735593965
2b41a305d37ccef1a054e74f4045538a2a0ffa2b115baeb6a8519d236ece99bd,eval_mean_position_error_m,0.001014249614537705,0.0010154177165823005,1.1681020445953889e-06
8bb43574f9dec262e2d741e726415422c932832669660be8e98bb64d9fd7ac4e,eval_mean_heading_error_deg,1.1089210622261092,1.111174003726518,0.0022529415004088893
8bb43574f9dec262e2d741e726415422c932832669660be8e98bb64d9fd7ac4e,eval_mean_position_error_m,0.0009278423447312181,0.0009294170466538413,1.57470192262317e-06
83f96535f9db59529fd28856e9d0cf443b379d9b1adf6d6d88b2bb85d842ec89,eval_mean_heading_error_deg,1.1332951823025585,1.135657325580636,0.0023621432780773777
83f96535f9db59529fd28856e9d0cf443b379d9b1adf6d6d88b2bb85d842ec89,eval_mean_position_error_m,0.0010877098646655096,0.0010897650403424311,2.0551756769215165e-06
e4188e7e40a82f3aed4680c89c0f433b0802ca5fc157068fce9c10d653401649,eval_mean_heading_error_deg,1.137053346870521,1.1393781942203423,0.002324847349821191
e4188e7e40a82f3aed4680c89c0f433b0802ca5fc157068fce9c10d653401649,eval_mean_position_error_m,0.001174464661759723,0.0011760363649386423,1.5717031789192967e-06
19e1c3fb84c727c2f10307190b7c76ddcaebdfebae58b12b0a4c47225a902cf1,eval_mean_heading_error_deg,1.1229057480719637,1.1252374384155477,0.0023316903435839365
19e1c3fb84c727c2f10307190b7c76ddcaebdfebae58b12b0a4c47225a902cf1,eval_mean_position_error_m,0.0010897612311234217,0.0010901203259000812,3.59094776659517e-07
f7c81b33222360b61e78b1b0a2804a6b87fe82622f9ef72d9dd81faff2b0e13b,eval_mean_heading_error_deg,1.1906081544375633,1.1930547201105584,0.0024465656729950602
f7c81b33222360b61e78b1b0a2804a6b87fe82622f9ef72d9dd81faff2b0e13b,eval_mean_position_error_m,0.0010867195647852308,0.001087839169945782,1.119605160551174e-06
d9d8a29f34fffbda22a027c9602530e79b9d7e772873d1d9e93e6bf1fdf396c7,eval_mean_heading_error_deg,1.1143185747584097,1.1166190191959748,0.0023004444375651634
d9d8a29f34fffbda22a027c9602530e79b9d7e772873d1d9e93e6bf1fdf396c7,eval_mean_position_error_m,0.0011847481975068791,0.0011869481879878642,2.1999904809850285e-06
a949aa07682281e46d897e2ea72c15603d9c9bebe1ba56bb9aa326c5759a3db8,eval_mean_heading_error_deg,1.1525158253116319,1.1549187681325281,0.002402942820896259
a949aa07682281e46d897e2ea72c15603d9c9bebe1ba56bb9aa326c5759a3db8,eval_mean_position_error_m,0.0012850136196403707,0.0012867442784901496,1.7306588497789047e-06
a0cf33859f5a0a3c07611125146e6e142b4af8293f46f8714d633a5cfff095d4,eval_mean_heading_error_deg,1.0681030798178437,1.0703130462625,0.0022099664446562084
a0cf33859f5a0a3c07611125146e6e142b4af8293f46f8714d633a5cfff095d4,eval_mean_position_error_m,0.0012421694500419395,0.0012443868681750213,2.2174181330818655e-06
c8c50beec4e4badc24d4a42370e639a88e3a9f9093cb424798fc198eb2937589,eval_mean_heading_error_deg,1.457900329469647,1.4606870986380283,0.0027867691683811646
c8c50beec4e4badc24d4a42370e639a88e3a9f9093cb424798fc198eb2937589,eval_mean_position_error_m,0.0008374916541877016,0.0008385220150894157,1.0303609017140673e-06
db51650878a5fcff3f27301a6dcda087688df3ab8094438946ba810dfcf7751a,eval_mean_heading_error_deg,1.5020370288930585,1.5049662204095178,0.0029291915164593174
db51650878a5fcff3f27301a6dcda087688df3ab8094438946ba810dfcf7751a,eval_mean_position_error_m,0.0009009675098413868,0.000901666710035508,6.992001941212101e-07
0a314e83ae93b7f2624a196742b1b842b7be2bfac662e53e8664cb92193d4a7e,eval_mean_heading_error_deg,1.499538006181018,1.502470220718633,0.002932214537614941
0a314e83ae93b7f2624a196742b1b842b7be2bfac662e53e8664cb92193d4a7e,eval_mean_position_error_m,0.0009481489413909437,0.0009496852927416574,1.5363513507137211e-06
b61ef6702a30811a5cf9fed080a7f149a6ea49124814adfd77d64eda8f06e926,eval_mean_heading_error_deg,1.4702326600061673,1.4729575677968902,0.0027249077907229857
b61ef6702a30811a5cf9fed080a7f149a6ea49124814adfd77d64eda8f06e926,eval_mean_position_error_m,0.0007116383261827111,0.0007118766601311469,2.3833394843580588e-07
6b47403a9bbd17ee8df9ce30e7dbdd44e0435c8a428ebb9b031dbbc7d0519914,eval_mean_heading_error_deg,1.4686248301461036,1.4713930469133034,0.002768216767199849
6b47403a9bbd17ee8df9ce30e7dbdd44e0435c8a428ebb9b031dbbc7d0519914,eval_mean_position_error_m,0.0007231060748721168,0.0007237567817994919,6.507069273750795e-07
18598e993918fe06c50b9c33cc12bf6ec7820644e1b195177a18ec15da549a26,eval_mean_heading_error_deg,1.5449019822264287,1.5479303236644584,0.003028341438029658
18598e993918fe06c50b9c33cc12bf6ec7820644e1b195177a18ec15da549a26,eval_mean_position_error_m,0.0007467813491708093,0.0007474434832637621,6.621340929527939e-07
5ced76990c2935c3c9c0d5126f624efed66b148e353d3f04a3c1d5421c94ff29,eval_mean_heading_error_deg,1.496796129838167,1.4997098970947185,0.0029137672565515693
5ced76990c2935c3c9c0d5126f624efed66b148e353d3f04a3c1d5421c94ff29,eval_mean_position_error_m,0.0010574385169427858,0.0010581414309605726,7.029140177867987e-07
f8207c3c58929e80687cebc609bf6aa3863e7059f1f8c0dc08e4aee649775ca6,eval_mean_heading_error_deg,1.3964121859496232,1.3990657030832054,0.002653517133582195
f8207c3c58929e80687cebc609bf6aa3863e7059f1f8c0dc08e4aee649775ca6,eval_mean_position_error_m,0.0011038542240276274,0.0011058554995321418,2.0012755045143403e-06
30e7cf34b34d7988824a92b26f4470e7f8e1b0955029981a7ca7abbdac5ace69,eval_mean_heading_error_deg,1.4926458276280972,1.4954570767880608,0.002811249159963669
30e7cf34b34d7988824a92b26f4470e7f8e1b0955029981a7ca7abbdac5ace69,eval_mean_position_error_m,0.0008448159416209562,0.0008452886865764608,4.7274495550456933e-07
4db659882e1b51704bcd48fd7a093408d5ef6400c3b8e0c5192ca6e40453726c,eval_mean_heading_error_deg,1.4916317340350287,1.494548560658083,0.0029168266230543693
4db659882e1b51704bcd48fd7a093408d5ef6400c3b8e0c5192ca6e40453726c,eval_mean_position_error_m,0.0007889538620866375,0.0007900244642779365,1.0706021912989302e-06
2d18483ef5d6dd37b3dc3087f63171496e8466018fd2c8a7fbf0a2ba892338e3,eval_mean_heading_error_deg,1.446948913277548,1.4497157468032429,0.002766833525694956
2d18483ef5d6dd37b3dc3087f63171496e8466018fd2c8a7fbf0a2ba892338e3,eval_mean_position_error_m,0.0010141160606177827,0.0010157423016868956,1.6262410691128201e-06
314ebfd8269cadeb6f56b08b81fb1c2295cb82310d6ecceaf91a507b762a0064,eval_mean_heading_error_deg,1.495211591719821,1.4981191679000072,0.002907576180186222
314ebfd8269cadeb6f56b08b81fb1c2295cb82310d6ecceaf91a507b762a0064,eval_mean_position_error_m,0.0008672184778395901,0.000867685518785198,4.670409456079957e-07
5ff9b75eed10d2a2d19eb50b769495e32f99b023173dff5cc8e8ab40ed94733a,eval_mean_heading_error_deg,1.495836009968252,1.4987224991175891,0.0028864891493372014
5ff9b75eed10d2a2d19eb50b769495e32f99b023173dff5cc8e8ab40ed94733a,eval_mean_position_error_m,0.0006979976188002181,0.0006989638810694486,9.662622692304529e-07
29e026e8862373e4b3253ce567ce7464fae393f7665b47121d4c4607d95ad9e1,eval_mean_heading_error_deg,1.4725480620438862,1.4752830996957065,0.00273503765182026
29e026e8862373e4b3253ce567ce7464fae393f7665b47121d4c4607d95ad9e1,eval_mean_position_error_m,0.000969704353480979,0.0009708348557683021,1.1305022873230736e-06
f2d24dc2e3f3decd395eac0852405ba60538e33d27aa8e2dd1b5849ad0316a38,eval_mean_heading_error_deg,1.4672228893674528,1.4700415498966182,0.002818660529165351
f2d24dc2e3f3decd395eac0852405ba60538e33d27aa8e2dd1b5849ad0316a38,eval_mean_position_error_m,0.0011146065020926279,0.0011167489641537784,2.142462061150525e-06
e778ffd068e1c68398a74c88455dbdfa316f56620e267758adf55f8d683f43bb,eval_mean_heading_error_deg,1.5800599836290987,1.5831402677265674,0.003080284097468633
e778ffd068e1c68398a74c88455dbdfa316f56620e267758adf55f8d683f43bb,eval_mean_position_error_m,0.0011074799248774164,0.001109647512065876,2.167587188459715e-06
dce86f1c6af856aef7ad11b5faca56533980d145e72d12dd864e4fbf70dcdfda,eval_mean_heading_error_deg,1.5543064003206382,1.5572831506692997,0.0029767503486615166
dce86f1c6af856aef7ad11b5faca56533980d145e72d12dd864e4fbf70dcdfda,eval_mean_position_error_m,0.0008927765039094171,0.0008938322056110456,1.0557017016284663e-06
7f6ebcedd201525c3ee234bf29832a9f2ed3006a6963fbb2a0215660df749e43,eval_mean_heading_error_deg,1.5342516699272424,1.5372038166177482,0.002952146690505808
7f6ebcedd201525c3ee234bf29832a9f2ed3006a6963fbb2a0215660df749e43,eval_mean_position_error_m,0.0009732137495727692,0.0009743895642487448,1.1758146759756208e-06
f735165eb6750d5f5cf5535fa27723eb9ea657e426a2f7a10dfcbc33b768f399,eval_mean_heading_error_deg,1.437264994879669,1.4398595042950018,0.0025945094153327908
f735165eb6750d5f5cf5535fa27723eb9ea657e426a2f7a10dfcbc33b768f399,eval_mean_position_error_m,0.0010519646283030366,0.0010524221816380996,4.5755333506303057e-07
e0c612ff050002a44c9d9f6da818b15a6e2878d65b7ea0a5fffdc52148506715,eval_mean_heading_error_deg,1.4689406521678865,1.4717733737044691,0.0028327215365826497
e0c612ff050002a44c9d9f6da818b15a6e2878d65b7ea0a5fffdc52148506715,eval_mean_position_error_m,0.0009474923461729657,0.0009490987493836509,1.6064032106852429e-06
5efd3c0ab09fc5fcaa5527889dbf85a80fa23905bf3740e80c48cfbdcfe45362,eval_mean_heading_error_deg,3.434888504221314,3.4357742907694955,0.0008857865481814997
5efd3c0ab09fc5fcaa5527889dbf85a80fa23905bf3740e80c48cfbdcfe45362,eval_mean_position_error_m,0.01263242314129036,0.012566470829119047,-6.595231217131244e-05
d75303c37b3b3cf62a6964c4acb1a421417238506001c78f820567ee4630dd19,eval_mean_heading_error_deg,3.4532640242746266,3.4540853659017574,0.0008213416271307672
d75303c37b3b3cf62a6964c4acb1a421417238506001c78f820567ee4630dd19,eval_mean_position_error_m,0.012638625240833149,0.012572583529791537,-6.604171104161206e-05
5fef44c1881262cbebc641129c69a1d08a4e5dec40fecb7019b8a860a5d4c4d0,eval_mean_heading_error_deg,3.424442924290215,3.4252395978902768,0.000796673600061748
5fef44c1881262cbebc641129c69a1d08a4e5dec40fecb7019b8a860a5d4c4d0,eval_mean_position_error_m,0.012675470438880341,0.012609515594454153,-6.595484442618871e-05
c7a39d72e3bf45452ea8280fcd418b1cdd69ffbc7805707b207e40bfd6f01d85,eval_mean_heading_error_deg,3.531453897656017,3.5323962954860053,0.000942397829988284
c7a39d72e3bf45452ea8280fcd418b1cdd69ffbc7805707b207e40bfd6f01d85,eval_mean_position_error_m,0.012713290564854273,0.012647349116481391,-6.594144837288214e-05
1ed0ad4329775d9776590348ae4ae4475070fdcd9dfc4bbe81dc730369cfc123,eval_mean_heading_error_deg,3.535526211832315,3.5364897998744076,0.0009635880420924003
1ed0ad4329775d9776590348ae4ae4475070fdcd9dfc4bbe81dc730369cfc123,eval_mean_position_error_m,0.012799377905151305,0.012733425449417609,-6.595245573369664e-05
b3e83f249c18e95c1211c7d0343276b03bc568117d9b9259e14b6569f59720ce,eval_mean_heading_error_deg,3.435111970771341,3.4360075688223604,0.0008955980510192418
b3e83f249c18e95c1211c7d0343276b03bc568117d9b9259e14b6569f59720ce,eval_mean_position_error_m,0.012712488508975932,0.012646497986151894,-6.599052282403768e-05
19c50471134a6cd371ef0b12f37a4022cc079b39f764819ac45cf3ef0d890071,eval_mean_heading_error_deg,3.5934206682741516,3.594350896562274,0.0009302282881225032
19c50471134a6cd371ef0b12f37a4022cc079b39f764819ac45cf3ef0d890071,eval_mean_position_error_m,0.012827610193778921,0.012761676482405455,-6.5933711373466e-05
27642f770bed4b86330dbd173f5c9cfa8fd84add27324050c9d0b3712f18b3c9,eval_mean_heading_error_deg,3.4525774482672884,3.453531421193355,0.000953972926066804
27642f770bed4b86330dbd173f5c9cfa8fd84add27324050c9d0b3712f18b3c9,eval_mean_position_error_m,0.012561594340745014,0.012495619067383607,-6.597527336140753e-05
f8289f188e8785d86fdd6838295ebc8d8e7d82349ac63e5f9287ab5e50f2bf5e,eval_mean_heading_error_deg,3.5084085852244042,3.5093289855439744,0.0009204003195701915
f8289f188e8785d86fdd6838295ebc8d8e7d82349ac63e5f9287ab5e50f2bf5e,eval_mean_position_error_m,0.012596132623870509,0.012530175702007047,-6.595692186346126e-05
3b8424f4950e6a7a1d50911fe1699b8602f2af174aa5df3be1a80e3173a69224,eval_mean_heading_error_deg,3.41718703316889,3.4181002169504873,0.0009131837815972155
3b8424f4950e6a7a1d50911fe1699b8602f2af174aa5df3be1a80e3173a69224,eval_mean_position_error_m,0.012615798801192533,0.01254961381497899,-6.61849862135435e-05
997d940dff83d1e1812b13b9e8e3045b44737e8a3581bd6e691cef62ac2aa342,eval_mean_heading_error_deg,3.5429600681004705,3.543924675056069,0.0009646069555984127
997d940dff83d1e1812b13b9e8e3045b44737e8a3581bd6e691cef62ac2aa342,eval_mean_position_error_m,0.01263047476195219,0.01256437231329968,-6.610244865250942e-05
5508f6a662dc1f2e21ce596d6b3e9531c581e2de492bb22d06e129f36ba40267,eval_mean_heading_error_deg,3.4693365194480097,3.470248605613442,0.0009120861654321466
5508f6a662dc1f2e21ce596d6b3e9531c581e2de492bb22d06e129f36ba40267,eval_mean_position_error_m,0.012715782355914198,0.012649818020303228,-6.596433561096952e-05
edc81ae7f66054cb718ddb0a5c371942e7cc3fe7475f4dfc13da41193270be85,eval_mean_heading_error_deg,3.5057707619715854,3.506657719283836,0.0008869573122507468
edc81ae7f66054cb718ddb0a5c371942e7cc3fe7475f4dfc13da41193270be85,eval_mean_position_error_m,0.012577918442366444,0.012511914754008372,-6.600368835807217e-05
7aecfc73c76384bf4f7d255f50c28fa087e7c4b524d0d211aa4c4d879cca20a6,eval_mean_heading_error_deg,3.6036445556322083,3.604638589240227,0.0009940336080185297
7aecfc73c76384bf4f7d255f50c28fa087e7c4b524d0d211aa4c4d879cca20a6,eval_mean_position_error_m,0.012548253150107479,0.01248211900958512,-6.613414052235832e-05
fc99c42f1635dacdb31e262ed4e9cf8cd919caa45e3a42be991ef8ea9bca1dc0,eval_mean_heading_error_deg,3.6518164756002727,3.6528267756735127,0.0010103000732399892
fc99c42f1635dacdb31e262ed4e9cf8cd919caa45e3a42be991ef8ea9bca1dc0,eval_mean_position_error_m,0.01271730934236391,0.012651362419777714,-6.59469225861957e-05
e6b8163b36718f69f97fe7b68256b0c4ad867938bbdddde87e3bed39bc98427d,eval_mean_heading_error_deg,3.5292436438696164,3.5300697501870557,0.0008261063174392902
e6b8163b36718f69f97fe7b68256b0c4ad867938bbdddde87e3bed39bc98427d,eval_mean_position_error_m,0.01271384684646896,0.012647931486086244,-6.591536038271645e-05
b276712e2d618fa6d2de598a339f3321d699b0acd9b22244f28177f5ce3d1f3c,eval_mean_heading_error_deg,3.484251881719535,3.4852148192865635,0.0009629375670283657
b276712e2d618fa6d2de598a339f3321d699b0acd9b22244f28177f5ce3d1f3c,eval_mean_position_error_m,0.012611737219926578,0.012545689348110909,-6.604787181566964e-05
00460dcd46c49ef020ba71145aaad7ad3755bd2ecc092669f6eb28ee3a85163c,eval_mean_heading_error_deg,3.4697129408069087,3.470633058165779,0.0009201173588704314
00460dcd46c49ef020ba71145aaad7ad3755bd2ecc092669f6eb28ee3a85163c,eval_mean_position_error_m,0.012633760091049153,0.012567768815000553,-6.599127604860026e-05
f844bc8946837fdc612cf59b00b22d1ca6430f6c6d07e8fe5f2eef1eca98b44c,eval_mean_heading_error_deg,3.492335692278504,3.493298205341578,0.0009625130630741552
f844bc8946837fdc612cf59b00b22d1ca6430f6c6d07e8fe5f2eef1eca98b44c,eval_mean_position_error_m,0.012603512365561889,0.012537537865589476,-6.597449997241232e-05
9f6bcb42b615645f628128b4ebadb61cc52d02266d26cc1e167492cb51dbe25c,eval_mean_heading_error_deg,3.456377167622113,3.4573002726872306,0.0009231050651177242
9f6bcb42b615645f628128b4ebadb61cc52d02266d26cc1e167492cb51dbe25c,eval_mean_position_error_m,0.012713997795465733,0.012647996177277328,-6.600161818840454e-05
10f90bcac2ee8c56d0336262b959f10586f178ccf45b6069f726a1decdb8cf6c,eval_mean_heading_error_deg,0.06782721192657029,0.06799067312213884,0.0001634611955685511
10f90bcac2ee8c56d0336262b959f10586f178ccf45b6069f726a1decdb8cf6c,eval_mean_position_error_m,0.047515814042669295,0.04624250563474136,-0.0012733084079279353
4ebef819d40b45a7c2765495fa7ed4189af59c1918c21df8581c821b6546eddf,eval_mean_heading_error_deg,0.10004721950576369,0.10023300959135734,0.0001857900855936484
4ebef819d40b45a7c2765495fa7ed4189af59c1918c21df8581c821b6546eddf,eval_mean_position_error_m,0.04967306061419654,0.04928581658419132,-0.00038724403000521546
d81acd59a38d7bd57ffd88af6210b20349d11b3b9582bf9fb3cc0bb432a65c5f,eval_mean_heading_error_deg,0.0629089827417228,0.06313666396215269,0.00022768122042989003
d81acd59a38d7bd57ffd88af6210b20349d11b3b9582bf9fb3cc0bb432a65c5f,eval_mean_position_error_m,0.048895143619335224,0.047626501633541,-0.001268641985794225
fea167e7e94c16ea6c9a9a30dc30018da79d498d6085335a1dc59b464b82afdc,eval_mean_heading_error_deg,0.05081788904197189,0.05087700755534483,5.9118513372938275e-05
fea167e7e94c16ea6c9a9a30dc30018da79d498d6085335a1dc59b464b82afdc,eval_mean_position_error_m,0.04869296089125677,0.04742866857110848,-0.00126429232014829
985bfea65efbadbd095e1ba978f4c1275dbaa01f4a84b2d6ad9add41911ad5b5,eval_mean_heading_error_deg,0.08205741627573664,0.08226521557149008,0.00020779929575344414
985bfea65efbadbd095e1ba978f4c1275dbaa01f4a84b2d6ad9add41911ad5b5,eval_mean_position_error_m,0.047881298926611034,0.04661357959280801,-0.0012677193338030204
194ab8a5d14b30b8dd50eca7da0f9c93d0971a8daff71fbb30f8e5d723feaec3,eval_mean_heading_error_deg,0.05582568869959329,0.055905925808532125,8.023710893883401e-05
194ab8a5d14b30b8dd50eca7da0f9c93d0971a8daff71fbb30f8e5d723feaec3,eval_mean_position_error_m,0.048971235967804755,0.04858380453312148,-0.00038743143468327607
1aa443d986d34bb3598245316955cabd2c3c47f81f1a0d7fc9194eaa8967d333,eval_mean_heading_error_deg,0.06436429819242077,0.06448267008099912,0.00011837188857834191
1aa443d986d34bb3598245316955cabd2c3c47f81f1a0d7fc9194eaa8967d333,eval_mean_position_error_m,0.049998957112312246,0.049612129045809396,-0.0003868280665028506
7d191f97453edef8a9349828cac43d9cd2f9f92485a8329745a4dd3fc200b5a5,eval_mean_heading_error_deg,0.05145634863421105,0.05142734193059393,-2.9006703617120988e-05
7d191f97453edef8a9349828cac43d9cd2f9f92485a8329745a4dd3fc200b5a5,eval_mean_position_error_m,0.05025995782973461,0.04987360149275797,-0.00038635633697663846
968a3de7576e24d63ab4e608ba25396ee0e665c65148f64504073c23f5ece0c8,eval_mean_heading_error_deg,0.08463342487097827,0.08478830217711639,0.00015487730613811257
968a3de7576e24d63ab4e608ba25396ee0e665c65148f64504073c23f5ece0c8,eval_mean_position_error_m,0.04948232615571658,0.04909556361491492,-0.0003867625408016592
ff4154e8f36c7454f2b72ff59f89b8dd2a65123ecc962d103ba6360ca65dd6b7,eval_mean_heading_error_deg,0.05311283260189349,0.0531974905368632,8.46579349697077e-05
ff4154e8f36c7454f2b72ff59f89b8dd2a65123ecc962d103ba6360ca65dd6b7,eval_mean_position_error_m,0.04953614333345504,0.049149198786346444,-0.0003869445471085947
d0e5671095b584d6928347138e5ed906001a666de1519ad7afb2cb8e25bc6eb1,eval_mean_heading_error_deg,0.054908087034759676,0.05494664805989524,3.8561025135566696e-05
d0e5671095b584d6928347138e5ed906001a666de1519ad7afb2cb8e25bc6eb1,eval_mean_position_error_m,0.05018873531814322,0.04980060808297546,-0.0003881272351677553
e41b99d2eae33848941024d874be75df59d69172a14e3186d79d0d1410d4955c,eval_mean_heading_error_deg,0.053217241268775216,0.05349404424854539,0.0002768029797701743
e41b99d2eae33848941024d874be75df59d69172a14e3186d79d0d1410d4955c,eval_mean_position_error_m,0.04781567921845382,0.045669838702024824,-0.002145840516428993
1265463d2e899be31e9faebca2949a6ac5b7fcb6367c28058a39d6e7d3993285,eval_mean_heading_error_deg,0.07285070485679151,0.07307936701361209,0.0002286621568205749
1265463d2e899be31e9faebca2949a6ac5b7fcb6367c28058a39d6e7d3993285,eval_mean_position_error_m,0.04868743241106589,0.04742336102511498,-0.0012640713859509156
2b8c7423a9e99c50e61ed503dd3feefb17e52fe75a5bc9f3ba23b2d583e4a3d9,eval_mean_heading_error_deg,0.052241717052439726,0.052469546336044844,0.0002278292836051174
2b8c7423a9e99c50e61ed503dd3feefb17e52fe75a5bc9f3ba23b2d583e4a3d9,eval_mean_position_error_m,0.04609891421036719,0.043944818966553716,-0.002154095243813471
848a797bd8ba70fb031e036f59be9523a4aa75fd9df1a7d5ba0cd04b69f59715,eval_mean_heading_error_deg,0.05817867178966725,0.05824927496325986,7.060317359260798e-05
848a797bd8ba70fb031e036f59be9523a4aa75fd9df1a7d5ba0cd04b69f59715,eval_mean_position_error_m,0.049790278038684195,0.049403650183243934,-0.0003866278554402608
d3afc37d1f6edff21df99f51af73ed4e75de07902467f543b1bb1b89e8c17da1,eval_mean_heading_error_deg,0.06509994079171925,0.06513628347185779,3.6342680138537475e-05
d3afc37d1f6edff21df99f51af73ed4e75de07902467f543b1bb1b89e8c17da1,eval_mean_position_error_m,0.049823267121527966,0.04943699884327833,-0.0003862682782496338
dde2611309f8fd21d1bdc0da5b9f7063b559ae58783eafb6be35160a37e0309d,eval_mean_heading_error_deg,0.06228034764554381,0.0623175887000219,3.7241054478089064e-05
dde2611309f8fd21d1bdc0da5b9f7063b559ae58783eafb6be35160a37e0309d,eval_mean_position_error_m,0.049882314657675474,0.0494944682689311,-0.0003878463887443742
ad403e10898d84e3d2f819af0cfe17b21942d9bd4043e37b110e18c6fc0ca22d,eval_mean_heading_error_deg,0.06959264500146206,0.06969296572394038,0.00010032072247831425
ad403e10898d84e3d2f819af0cfe17b21942d9bd4043e37b110e18c6fc0ca22d,eval_mean_position_error_m,0.04971280548748748,0.04932446716229213,-0.0003883383251953518
82c1bf48827900daaa139290e8148e74977ad6434f0623a55ce4377ff7642625,eval_mean_heading_error_deg,0.05369189043903003,0.053819789246276006,0.00012789880724597968
82c1bf48827900daaa139290e8148e74977ad6434f0623a55ce4377ff7642625,eval_mean_position_error_m,0.041696242268474765,0.040412268050570285,-0.0012839742179044794
fe6a6296c5b1c0a985a762f4dfa7a2eeccf2c98d1a5dd2f542a5b7949cdedd3f,eval_mean_heading_error_deg,0.05918521511914074,0.05929370919124753,0.0001084940721067934
fe6a6296c5b1c0a985a762f4dfa7a2eeccf2c98d1a5dd2f542a5b7949cdedd3f,eval_mean_position_error_m,0.04937772612939839,0.04899100760138975,-0.0003867185280086449
47a3ee279ad6a42946767e3cdaabbcd0811416733990eba26470f06329dbe25f,eval_mean_heading_error_deg,0.06782721192657029,0.06799067312213884,0.0001634611955685511
47a3ee279ad6a42946767e3cdaabbcd0811416733990eba26470f06329dbe25f,eval_mean_position_error_m,0.047515814042669295,0.04624250563474136,-0.0012733084079279353
67222aeabe5e365ec4293fef0cfc9e6eff902e29ece1369e27120228aa80d857,eval_mean_heading_error_deg,0.10004721950576369,0.10023300959135734,0.0001857900855936484
67222aeabe5e365ec4293fef0cfc9e6eff902e29ece1369e27120228aa80d857,eval_mean_position_error_m,0.04967306061419654,0.04928581658419132,-0.00038724403000521546
b567cb39b9038bed893246ef6e5694dfca73505bf05e405a3af81672676a042a,eval_mean_heading_error_deg,0.0629089827417228,0.06313666396215269,0.00022768122042989003
b567cb39b9038bed893246ef6e5694dfca73505bf05e405a3af81672676a042a,eval_mean_position_error_m,0.048895143619335224,0.047626501633541,-0.001268641985794225
31744cd382f6e95ed13726e53c0a1ea014e01996bbbf06030be363bc688c4bb1,eval_mean_heading_error_deg,0.05081788904197189,0.05087700755534483,5.9118513372938275e-05
31744cd382f6e95ed13726e53c0a1ea014e01996bbbf06030be363bc688c4bb1,eval_mean_position_error_m,0.04869296089125677,0.04742866857110848,-0.00126429232014829
f1b6720c18651d7a4938d0bb79fea22ec106835f0a1559ae209281e3185f043f,eval_mean_heading_error_deg,0.08205741627573664,0.08226521557149008,0.00020779929575344414
f1b6720c18651d7a4938d0bb79fea22ec106835f0a1559ae209281e3185f043f,eval_mean_position_error_m,0.047881298926611034,0.04661357959280801,-0.0012677193338030204
c42a2bfafff5ba4041ffbfc265f0a9126b724df51e3ec6f6588125b113bcbe68,eval_mean_heading_error_deg,0.05582568869959329,0.055905925808532125,8.023710893883401e-05
c42a2bfafff5ba4041ffbfc265f0a9126b724df51e3ec6f6588125b113bcbe68,eval_mean_position_error_m,0.048971235967804755,0.04858380453312148,-0.00038743143468327607
559e45757deb7055d5d7ba5cb16f100b71c8a510859d97d5cb8611f3d126dda8,eval_mean_heading_error_deg,0.06436429819242077,0.06448267008099912,0.00011837188857834191
559e45757deb7055d5d7ba5cb16f100b71c8a510859d97d5cb8611f3d126dda8,eval_mean_position_error_m,0.049998957112312246,0.049612129045809396,-0.0003868280665028506
a02542c2d9f76e39de3bf451578336d7fcf2261245ddc143354bf6881af2a590,eval_mean_heading_error_deg,0.05145634863421105,0.05142734193059393,-2.9006703617120988e-05
a02542c2d9f76e39de3bf451578336d7fcf2261245ddc143354bf6881af2a590,eval_mean_position_error_m,0.05025995782973461,0.04987360149275797,-0.00038635633697663846
ea478eedd393db1ee6027192cdc91aab5aaa9c41284e40af6660daac2533d5fb,eval_mean_heading_error_deg,0.08463342487097827,0.08478830217711639,0.00015487730613811257
ea478eedd393db1ee6027192cdc91aab5aaa9c41284e40af6660daac2533d5fb,eval_mean_position_error_m,0.04948232615571658,0.04909556361491492,-0.0003867625408016592
bc9545176f7cdeec69a1d708a5d8aca872eda8d7bad8b51d3819cb04893da584,eval_mean_heading_error_deg,0.05311283260189349,0.0531974905368632,8.46579349697077e-05
bc9545176f7cdeec69a1d708a5d8aca872eda8d7bad8b51d3819cb04893da584,eval_mean_position_error_m,0.04953614333345504,0.049149198786346444,-0.0003869445471085947
8e9584fafd2aa5e50dfb04e871ec0ec1b7488ac8e2bac72e8029f662daa4604e,eval_mean_heading_error_deg,0.054908087034759676,0.05494664805989524,3.8561025135566696e-05
8e9584fafd2aa5e50dfb04e871ec0ec1b7488ac8e2bac72e8029f662daa4604e,eval_mean_position_error_m,0.05018873531814322,0.04980060808297546,-0.0003881272351677553
9816d06ff0d9c9f599dc3f367af6a9b3854f76488a07050326a3a6ae44c27f0a,eval_mean_heading_error_deg,0.053217241268775216,0.05349404424854539,0.0002768029797701743
9816d06ff0d9c9f599dc3f367af6a9b3854f76488a07050326a3a6ae44c27f0a,eval_mean_position_error_m,0.04781567921845382,0.045669838702024824,-0.002145840516428993
3f2a389917aa33d4749a438df9d7726c1a491a2f6b8e2c127cf6db4927a29379,eval_mean_heading_error_deg,0.07285070485679151,0.07307936701361209,0.0002286621568205749
3f2a389917aa33d4749a438df9d7726c1a491a2f6b8e2c127cf6db4927a29379,eval_mean_position_error_m,0.04868743241106589,0.04742336102511498,-0.0012640713859509156
3991f4b81a78360e6789701813f19552532ce99302d762f746af3a603a9cc4fb,eval_mean_heading_error_deg,0.052241717052439726,0.052469546336044844,0.0002278292836051174
3991f4b81a78360e6789701813f19552532ce99302d762f746af3a603a9cc4fb,eval_mean_position_error_m,0.04609891421036719,0.043944818966553716,-0.002154095243813471
7fa732676489d5bda75e68c29fe0d3b100e1aaa254c58cb921a428c64850b025,eval_mean_heading_error_deg,0.05817867178966725,0.05824927496325986,7.060317359260798e-05
7fa732676489d5bda75e68c29fe0d3b100e1aaa254c58cb921a428c64850b025,eval_mean_position_error_m,0.049790278038684195,0.049403650183243934,-0.0003866278554402608
0aee8bf0a85827ab205a0f6a2de24227e86c1662fe89d3a5a96fe00e42e8fa45,eval_mean_heading_error_deg,0.06509994079171925,0.06513628347185779,3.6342680138537475e-05
0aee8bf0a85827ab205a0f6a2de24227e86c1662fe89d3a5a96fe00e42e8fa45,eval_mean_position_error_m,0.049823267121527966,0.04943699884327833,-0.0003862682782496338
542dc6a18fa523350095ec0c438de2a53710472fc8b6b8b234a72136bcda5efd,eval_mean_heading_error_deg,0.06228034764554381,0.0623175887000219,3.7241054478089064e-05
542dc6a18fa523350095ec0c438de2a53710472fc8b6b8b234a72136bcda5efd,eval_mean_position_error_m,0.049882314657675474,0.0494944682689311,-0.0003878463887443742
367e926b9dde8c585ac9f5c5fb6188149c26dbd7d48002b05ef38c7b933c1327,eval_mean_heading_error_deg,0.06959264500146206,0.06969296572394038,0.00010032072247831425
367e926b9dde8c585ac9f5c5fb6188149c26dbd7d48002b05ef38c7b933c1327,eval_mean_position_error_m,0.04971280548748748,0.04932446716229213,-0.0003883383251953518
e9c843fd335d1b22b83d018784ab1aaad9a4abf2c023679ddc6d4e9e3c55b0b6,eval_mean_heading_error_deg,0.05369189043903003,0.053819789246276006,0.00012789880724597968
e9c843fd335d1b22b83d018784ab1aaad9a4abf2c023679ddc6d4e9e3c55b0b6,eval_mean_position_error_m,0.041696242268474765,0.040412268050570285,-0.0012839742179044794
5c48f0ea8c6e20d1b639dcdfa0d9801d18077298fd9eb67042f36f635c616b26,eval_mean_heading_error_deg,0.05918521511914074,0.05929370919124753,0.0001084940721067934
5c48f0ea8c6e20d1b639dcdfa0d9801d18077298fd9eb67042f36f635c616b26,eval_mean_position_error_m,0.04937772612939839,0.04899100760138975,-0.0003867185280086449
b269e8ab7248920ebe8da31cbb88e074700691bb3e27ee3a25bdd091af0f0360,eval_mean_heading_error_deg,0.046326192520400857,0.0464193218583857,9.31293379848458e-05
b269e8ab7248920ebe8da31cbb88e074700691bb3e27ee3a25bdd091af0f0360,eval_mean_position_error_m,0.02670368048982782,0.025998917257165487,-0.0007047632326623345
4603e3212ce0c22b620393294c1600a35809a372241b694032a497fa92817375,eval_mean_heading_error_deg,0.06895683909730592,0.06897575686509114,1.8917767785217587e-05
4603e3212ce0c22b620393294c1600a35809a372241b694032a497fa92817375,eval_mean_position_error_m,0.02778882538468759,0.02755701332677649,-0.0002318120579111009
54ddc222e879b83d1e3af4132f7b4373c832a1174fa3db4e9c1299ae776a6be6,eval_mean_heading_error_deg,0.05511300459487492,0.05517513868016046,6.213408528554093e-05
54ddc222e879b83d1e3af4132f7b4373c832a1174fa3db4e9c1299ae776a6be6,eval_mean_position_error_m,0.025623517995285276,0.024949843973674935,-0.0006736740216103411
7509c165bb03151fb778ef3e95702478db9187414664764ffcebf41c47d9f738,eval_mean_heading_error_deg,0.04211963618026776,0.04218685947515522,6.722329488745987e-05
7509c165bb03151fb778ef3e95702478db9187414664764ffcebf41c47d9f738,eval_mean_position_error_m,0.025724420336331554,0.02504244108693362,-0.0006819792493979356
34a3d63e839c44d9cee475e8d41200a70491c2fa92e19e26af1f4d1447db0deb,eval_mean_heading_error_deg,0.06450804818748795,0.06469511713505313,0.00018706894756517767
34a3d63e839c44d9cee475e8d41200a70491c2fa92e19e26af1f4d1447db0deb,eval_mean_position_error_m,0.025866637756260684,0.024683030520803624,-0.0011836072354570598
b7cee9405bc6c2bb47a906ebc5bdc21dfea3e47711f4f03513e7cb6a43e73812,eval_mean_heading_error_deg,0.05077434465373263,0.05081341424459708,3.906959086445033e-05
b7cee9405bc6c2bb47a906ebc5bdc21dfea3e47711f4f03513e7cb6a43e73812,eval_mean_position_error_m,0.027246668592971472,0.027018528080850594,-0.00022814051212087863
567f983bac88e8c700c18c6033af52b9f8249fed466eafe68c4c998f583f0294,eval_mean_heading_error_deg,0.05127677261421639,0.051374278513683945,9.750589946755372e-05
567f983bac88e8c700c18c6033af52b9f8249fed466eafe68c4c998f583f0294,eval_mean_position_error_m,0.028536912976689085,0.027800407849152234,-0.000736505127536851
7c5b35c958b74744f83d37eb88f43ea151284a356cb633b8de7f366e5138e05e,eval_mean_heading_error_deg,0.044876975905208095,0.04491823923462971,4.12633294216147e-05
7c5b35c958b74744f83d37eb88f43ea151284a356cb633b8de7f366e5138e05e,eval_mean_position_error_m,0.026876894818039773,0.026652328375683147,-0.00022456644235662598
25907ecc73abe0cfc9fa780c97fa315cf23ff1a8d4e2c39b960a40d0bd08d146,eval_mean_heading_error_deg,0.058994106197284554,0.05899721571847846,3.1095211939086154e-06
25907ecc73abe0cfc9fa780c97fa315cf23ff1a8d4e2c39b960a40d0bd08d146,eval_mean_position_error_m,0.024515610878722977,0.02430612129858143,-0.00020948958014154612
349469a3424d1d02d0356adde682262e42558470d9118283150ab16f82950510,eval_mean_heading_error_deg,0.04447064625414001,0.04455221151186038,8.156525772037154e-05
349469a3424d1d02d0356adde682262e42558470d9118283150ab16f82950510,eval_mean_position_error_m,0.024796293002015288,0.023659240398700893,-0.0011370526033143945
2bc8072617ed96a5976f527f309d0c4a10ce8dcae30b4a40d1a49aab8438df0a,eval_mean_heading_error_deg,0.042683161250092756,0.04269831625460715,1.5155004514391668e-05
2bc8072617ed96a5976f527f309d0c4a10ce8dcae30b4a40d1a49aab8438df0a,eval_mean_position_error_m,0.026438549734384326,0.026217907249586687,-0.0002206424847976396
63e8b1042f40b38771bd52861d771baf83ba2505a22502ac48fac750d74d8a2d,eval_mean_heading_error_deg,0.04709310566971791,0.04722890559031524,0.00013579992059733342
63e8b1042f40b38771bd52861d771baf83ba2505a22502ac48fac750d74d8a2d,eval_mean_position_error_m,0.027948666737475304,0.026669451878694926,-0.0012792148587803774
5a3511e2c98fd7b45039daa10bb02105db16957c3190b4466a47b76047a88917,eval_mean_heading_error_deg,0.046817112796206074,0.04689613031312636,7.901751692028502e-05
5a3511e2c98fd7b45039daa10bb02105db16957c3190b4466a47b76047a88917,eval_mean_position_error_m,0.024324995451334246,0.02367717956924016,-0.0006478158820940848
27bf758635442b13aaba1c3c4e60316523d5d07785a1a6121b8d266a992b94c6,eval_mean_heading_error_deg,0.04317292341648542,0.04330581400346925,0.00013289058698383316
27bf758635442b13aaba1c3c4e60316523d5d07785a1a6121b8d266a992b94c6,eval_mean_position_error_m,0.027232263171995143,0.025987856610583174,-0.001244406561411969
b8989b9b041cb8508157db07799ef380491662ea9d9631378d74e4c380aa060e,eval_mean_heading_error_deg,0.05306782875186229,0.05306430958437015,-3.519167492138653e-06
b8989b9b041cb8508157db07799ef380491662ea9d9631378d74e4c380aa060e,eval_mean_position_error_m,0.027209315110510807,0.02698092429140078,-0.00022839081911002826
8e6cfe0c6d2576307e10420e64192f46822c098b59e4840bdcad440a4b24b004,eval_mean_heading_error_deg,0.05534202354861151,0.05536642398019393,2.4400431582423387e-05
8e6cfe0c6d2576307e10420e64192f46822c098b59e4840bdcad440a4b24b004,eval_mean_position_error_m,0.02757322769095817,0.027345286872467463,-0.00022794081849070863
0bdb9ff2fc7594fec94880e8b62f7398cc98c5969fd15c2f3afcc6ebc1309c1e,eval_mean_heading_error_deg,0.054156458014631995,0.05417928845760722,2.2830442975227405e-05
0bdb9ff2fc7594fec94880e8b62f7398cc98c5969fd15c2f3afcc6ebc1309c1e,eval_mean_position_error_m,0.02777272295439295,0.027546319674262045,-0.0002264032801309046
b38066fe330394aa8778eac689d57c81e84eddf8fab85f4ce295d19550d704e7,eval_mean_heading_error_deg,0.05308617151876043,0.05312590361993766,3.9732101177226975e-05
b38066fe330394aa8778eac689d57c81e84eddf8fab85f4ce295d19550d704e7,eval_mean_position_error_m,0.026318540489106645,0.026100532592652537,-0.0002180078964541081
3493da791aa1d17c66ad6cfef477ed3180e4a1d6c448295ffd0d92bcabd138de,eval_mean_heading_error_deg,0.04927952285929857,0.049313331302451927,3.3808443153357515e-05
3493da791aa1d17c66ad6cfef477ed3180e4a1d6c448295ffd0d92bcabd138de,eval_mean_position_error_m,0.020133334510460742,0.019488011392400275,-0.0006453231180604674
3e8c0f5be9bd47c79039f1dc53900a78a9506ea2590edfae493932f72fc0f360,eval_mean_heading_error_deg,0.04623623073305894,0.04631966905644825,8.343832338930657e-05
3e8c0f5be9bd47c79039f1dc53900a78a9506ea2590edfae493932f72fc0f360,eval_mean_position_error_m,0.026495374370434546,0.025816497348018122,-0.0006788770224164242
64deadf0bb8107f04468b9674a5b6ae0cef0a00ee9d22a5f09ceac648724ce67,eval_mean_heading_error_deg,0.752907634999184,0.7545261571774556,0.0016185221782716308
64deadf0bb8107f04468b9674a5b6ae0cef0a00ee9d22a5f09ceac648724ce67,eval_mean_position_error_m,0.0018638326742143592,0.0018611341335328143,-2.698540681544872e-06
09dd123078bf3f4b08f3409cb8f372bfb6471416c5f1d1b206b8bd2181d56be3,eval_mean_heading_error_deg,0.8090584110119454,0.8105799255245307,0.0015215145125853091
09dd123078bf3f4b08f3409cb8f372bfb6471416c5f1d1b206b8bd2181d56be3,eval_mean_position_error_m,0.0020181335263639434,0.002022477327815458,4.343801451514497e-06
d1caaaab83a648b283ce76805f52a373a2d681bb04534b77529015e75eda8eda,eval_mean_heading_error_deg,0.7515007690003457,0.7531175662560924,0.0016167972557467047
d1caaaab83a648b283ce76805f52a373a2d681bb04534b77529015e75eda8eda,eval_mean_position_error_m,0.0021547366880880084,0.0021592144129012085,4.4777248132000375e-06
fcaa3e8590db048a64cd2f944b0afb54a7486808ff84478c281e395be183140f,eval_mean_heading_error_deg,0.766237493710898,0.7679067247632841,0.0016692310523861442
fcaa3e8590db048a64cd2f944b0afb54a7486808ff84478c281e395be183140f,eval_mean_position_error_m,0.0014972640484952676,0.0014979996027463254,7.355542510577816e-07
5a0331ea153ede9fe5b05ae2cadbacf269208a2fd7569f17bc7ec9eeab316656,eval_mean_heading_error_deg,0.7357751012908577,0.7373631639926351,0.0015880627017774707
5a0331ea153ede9fe5b05ae2cadbacf269208a2fd7569f17bc7ec9eeab316656,eval_mean_position_error_m,0.0017475125520376837,0.0017512876147956465,3.7750627579628045e-06
0c470236dcc0e49531a8141e296b0a5fb3bf7fea64fd6241734e6209c3a6cfd6,eval_mean_heading_error_deg,0.7489922758526042,0.7505680397998392,0.0015757639472350204
0c470236dcc0e49531a8141e296b0a5fb3bf7fea64fd6241734e6209c3a6cfd6,eval_mean_position_error_m,0.0017743738957053804,0.0017743859354884387,1.203978305833013e-08
f91646dad9f4045fb2dbb8fb2be3076eaefde5d2887b57e30f6e58c3a7e7eb5d,eval_mean_heading_error_deg,0.7216574703015646,0.7232043517297831,0.0015468814282185717
f91646dad9f4045fb2dbb8fb2be3076eaefde5d2887b57e30f6e58c3a7e7eb5d,eval_mean_position_error_m,0.0021478831013830297,0.0021486344911974403,7.513898144105753e-07
e3298cc9e64bcc49dfbb73efa2a0bbab0607ab9d7a2a3b68b46ddd1b990e8310,eval_mean_heading_error_deg,0.6535953297725925,0.6548933488003363,0.0012980190277438464
e3298cc9e64bcc49dfbb73efa2a0bbab0607ab9d7a2a3b68b46ddd1b990e8310,eval_mean_position_error_m,0.0023195164550855506,0.0023238640021684747,4.347547082924133e-06
1b6bae90f05c0a5002d4ff3ce525191a6ed13464cef423fa0e0cddd597e047eb,eval_mean_heading_error_deg,0.6921144075029824,0.6935917709582264,0.001477363455244074
1b6bae90f05c0a5002d4ff3ce525191a6ed13464cef423fa0e0cddd597e047eb,eval_mean_position_error_m,0.001896175806862282,0.0019002789875700314,4.103180707749421e-06
029ec02e03bb8be721c34c366c656daa86b9b459e049f40aaf68c7fcf49fa265,eval_mean_heading_error_deg,0.6627707567882182,0.6640992385014742,0.0013284817132560578
029ec02e03bb8be721c34c366c656daa86b9b459e049f40aaf68c7fcf49fa265,eval_mean_position_error_m,0.0017276451045024736,0.0017279879144525675,3.4280995009393703e-07
d6580c7f72877bf88ba657ff964a89dabe99a78a2a02ee1fe330c1edad2e8e72,eval_mean_heading_error_deg,0.6987730176821513,0.7002238510288733,0.0014508333467220247
d6580c7f72877bf88ba657ff964a89dabe99a78a2a02ee1fe330c1edad2e8e72,eval_mean_position_error_m,0.001870195669232717,0.0018722855113449835,2.0898421122664615e-06
b6611ad42d47fbbc37baffcd288f39c6fb8d659c2a17838ce66a665a04d5ef6a,eval_mean_heading_error_deg,0.7369858329484031,0.7384022662961938,0.0014164333477906244
b6611ad42d47fbbc37baffcd288f39c6fb8d659c2a17838ce66a665a04d5ef6a,eval_mean_position_error_m,0.0017983891959080563,0.0018013548367154394,2.9656408073830236e-06
0b45bb2ab6e6c1a9f03861d17a9edd983e81c968dd117a1d7ea9238af4d4a866,eval_mean_heading_error_deg,0.7174558661773756,0.7188782317674737,0.001422365590098118
0b45bb2ab6e6c1a9f03861d17a9edd983e81c968dd117a1d7ea9238af4d4a866,eval_mean_position_error_m,0.0015841335688510266,0.001586048590248602,1.9150213975754546e-06
b65c5be01cc6427304420455d6c27bef508df34321d2cb86f7bdd54e3b5421d3,eval_mean_heading_error_deg,0.740022662248375,0.7415749904657722,0.0015523282173972586
b65c5be01cc6427304420455d6c27bef508df34321d2cb86f7bdd54e3b5421d3,eval_mean_position_error_m,0.0023007576659800906,0.002304245975619222,3.488309639131451e-06
377588eb89b8f14abea5a7db3be86b7e2277e3d21995453ca3690d50a71b87bd,eval_mean_heading_error_deg,0.7352718113020787,0.7368750964488465,0.0016032851467677744
377588eb89b8f14abea5a7db3be86b7e2277e3d21995453ca3690d50a71b87bd,eval_mean_position_error_m,0.002348678883976674,0.0023520479095273344,3.369025550660574e-06
f9fa1e0a8b60e22d861dd5609def18863de001c5eab65928cd70e4b64d4b1d4c,eval_mean_heading_error_deg,0.7023609024542876,0.7038814763901293,0.001520573935841707
f9fa1e0a8b60e22d861dd5609def18863de001c5eab65928cd70e4b64d4b1d4c,eval_mean_position_error_m,0.0025002161917462287,0.0025051436901476513,4.92749840142262e-06
56703672c3eed15b64d1797e59ae0f46121d00a8aa7f87a6a496c250012ca036,eval_mean_heading_error_deg,0.7651564300272783,0.7668041757181151,0.0016477456908368104
56703672c3eed15b64d1797e59ae0f46121d00a8aa7f87a6a496c250012ca036,eval_mean_position_error_m,0.002019811737138997,0.0020240186106398185,4.206873500821676e-06
daf002ac17089aef651987605e8cd5a8d72d8632a973ba064e914cb4857234ca,eval_mean_heading_error_deg,0.7545407344476373,0.7560566971105721,0.0015159626629348555
daf002ac17089aef651987605e8cd5a8d72d8632a973ba064e914cb4857234ca,eval_mean_position_error_m,0.00202439500924585,0.002026837278576849,2.4422693309989786e-06
253f0eb1ec1d1fa3e48ccecc365a4008dbebf26bb98fa49b0590706a281af20d,eval_mean_heading_error_deg,0.7049681144670261,0.7063997039177552,0.001431589450729076
253f0eb1ec1d1fa3e48ccecc365a4008dbebf26bb98fa49b0590706a281af20d,eval_mean_position_error_m,0.0021422024080058736,0.002146128683927471,3.926275921597219e-06
8dd768d19e1e345e33f69875d8e79e17fe16a31b4a94279897c8a36e525b35b6,eval_mean_heading_error_deg,0.6926817781492492,0.6941036222438782,0.0014218440946289768
8dd768d19e1e345e33f69875d8e79e17fe16a31b4a94279897c8a36e525b35b6,eval_mean_position_error_m,0.0021942756064793414,0.0021976972234470623,3.4216169677208155e-06
f42eeffbba30cbccc65e923248b7361b18584ac13ef413201a5f36bb7efb3722,eval_mean_heading_error_deg,0.752907634999184,0.7545261571774556,0.0016185221782716308
f42eeffbba30cbccc65e923248b7361b18584ac13ef413201a5f36bb7efb3722,eval_mean_position_error_m,0.0018638326742143592,0.0018611341335328143,-2.698540681544872e-06
3125306b82f130b62bde08f678fe4ea5dc15f9fd4508da1ce2d7d44952efd805,eval_mean_heading_error_deg,0.8090584110119454,0.8105799255245307,0.0015215145125853091
3125306b82f130b62bde08f678fe4ea5dc15f9fd4508da1ce2d7d44952efd805,eval_mean_position_error_m,0.0020181335263639434,0.002022477327815458,4.343801451514497e-06
2b37a97f01de164885202549c26a93b6a331f502cf739c15c2f86f2f23ae082a,eval_mean_heading_error_deg,0.7515007690003457,0.7531175662560924,0.0016167972557467047
2b37a97f01de164885202549c26a93b6a331f502cf739c15c2f86f2f23ae082a,eval_mean_position_error_m,0.0021547366880880084,0.0021592144129012085,4.4777248132000375e-06
59b87c4d1848923919de438ede40c22eda492497685b95fcd958d67951b894fc,eval_mean_heading_error_deg,0.766237493710898,0.7679067247632841,0.0016692310523861442
59b87c4d1848923919de438ede40c22eda492497685b95fcd958d67951b894fc,eval_mean_position_error_m,0.0014972640484952676,0.0014979996027463254,7.355542510577816e-07
06a920a4f8b3615ca0ba392c7aa6e61d397379270413c824ec7e06006779a174,eval_mean_heading_error_deg,0.7357751012908577,0.7373631639926351,0.0015880627017774707
06a920a4f8b3615ca0ba392c7aa6e61d397379270413c824ec7e06006779a174,eval_mean_position_error_m,0.0017475125520376837,0.0017512876147956465,3.7750627579628045e-06
93858b9775c7dbbd2c854abbf96ac181aca546f155f0cfc48054011e2c65b6ec,eval_mean_heading_error_deg,0.7489922758526042,0.7505680397998392,0.0015757639472350204
93858b9775c7dbbd2c854abbf96ac181aca546f155f0cfc48054011e2c65b6ec,eval_mean_position_error_m,0.0017743738957053804,0.0017743859354884387,1.203978305833013e-08
892a9416cdc3c55ef08a24c0488a90101ed35497f454c932533462a12388445e,eval_mean_heading_error_deg,0.7216574703015646,0.7232043517297831,0.0015468814282185717
892a9416cdc3c55ef08a24c0488a90101ed35497f454c932533462a12388445e,eval_mean_position_error_m,0.0021478831013830297,0.0021486344911974403,7.513898144105753e-07
0f3c7bb5b7fe6a788ddcac492fbb64d87ff74c0248e963b7159b11391d8cc006,eval_mean_heading_error_deg,0.6535953297725925,0.6548933488003363,0.0012980190277438464
0f3c7bb5b7fe6a788ddcac492fbb64d87ff74c0248e963b7159b11391d8cc006,eval_mean_position_error_m,0.0023195164550855506,0.0023238640021684747,4.347547082924133e-06
afbb1b458b8bbea311edf06ba31137ec8066fbfb3694b04fda8aa2b5b5d0c507,eval_mean_heading_error_deg,0.6921144075029824,0.6935917709582264,0.001477363455244074
afbb1b458b8bbea311edf06ba31137ec8066fbfb3694b04fda8aa2b5b5d0c507,eval_mean_position_error_m,0.001896175806862282,0.0019002789875700314,4.103180707749421e-06
bb490dfb69bdb21780675ac3ce86d27a2fd679c24128fba7ebba545bf1f99ec3,eval_mean_heading_error_deg,0.6627707567882182,0.6640992385014742,0.0013284817132560578
bb490dfb69bdb21780675ac3ce86d27a2fd679c24128fba7ebba545bf1f99ec3,eval_mean_position_error_m,0.0017276451045024736,0.0017279879144525675,3.4280995009393703e-07
d87a52cfa1b790c13dba6b49a3176ed36fd8cba169cb88ff5c737bf9dac26793,eval_mean_heading_error_deg,0.6987730176821513,0.7002238510288733,0.0014508333467220247
d87a52cfa1b790c13dba6b49a3176ed36fd8cba169cb88ff5c737bf9dac26793,eval_mean_position_error_m,0.001870195669232717,0.0018722855113449835,2.0898421122664615e-06
895faa3f30af486c59a1db8f92fadde0651bc47558a9032d3b381c19980fde35,eval_mean_heading_error_deg,0.7369858329484031,0.7384022662961938,0.0014164333477906244
895faa3f30af486c59a1db8f92fadde0651bc47558a9032d3b381c19980fde35,eval_mean_position_error_m,0.0017983891959080563,0.0018013548367154394,2.9656408073830236e-06
b162cc169405f1abc82697b288cc8404d11fb78d1e09f260c99aaed7d5655ea3,eval_mean_heading_error_deg,0.7174558661773756,0.7188782317674737,0.001422365590098118
b162cc169405f1abc82697b288cc8404d11fb78d1e09f260c99aaed7d5655ea3,eval_mean_position_error_m,0.0015841335688510266,0.001586048590248602,1.9150213975754546e-06
87adcf242f03a14549b38cdf8101f2e397f1a99e5917b0801a14d2a4617dc585,eval_mean_heading_error_deg,0.740022662248375,0.7415749904657722,0.0015523282173972586
87adcf242f03a14549b38cdf8101f2e397f1a99e5917b0801a14d2a4617dc585,eval_mean_position_error_m,0.0023007576659800906,0.002304245975619222,3.488309639131451e-06
e7a7796859f9a632986052322bf4578f0a540c0dd3a91a5ed8fec37b0d0e445e,eval_mean_heading_error_deg,0.7352718113020787,0.7368750964488465,0.0016032851467677744
e7a7796859f9a632986052322bf4578f0a540c0dd3a91a5ed8fec37b0d0e445e,eval_mean_position_error_m,0.002348678883976674,0.0023520479095273344,3.369025550660574e-06
7f366a2d7f1588beed470b6cf0dac99dcd71a0f66bbfcf2c234fdd01a9466bb7,eval_mean_heading_error_deg,0.7023609024542876,0.7038814763901293,0.001520573935841707
7f366a2d7f1588beed470b6cf0dac99dcd71a0f66bbfcf2c234fdd01a9466bb7,eval_mean_position_error_m,0.0025002161917462287,0.0025051436901476513,4.92749840142262e-06
33d901c4e36e963a9eecbd23cd896fb4a133a65648fdd95cf854038040c524a4,eval_mean_heading_error_deg,0.7651564300272783,0.7668041757181151,0.0016477456908368104
33d901c4e36e963a9eecbd23cd896fb4a133a65648fdd95cf854038040c524a4,eval_mean_position_error_m,0.002019811737138997,0.0020240186106398185,4.206873500821676e-06
118db1028bbab49d4f2f4d02e32e29a4c6418694a2535bc08b50cbd7e0e6d0cb,eval_mean_heading_error_deg,0.7545407344476373,0.7560566971105721,0.0015159626629348555
118db1028bbab49d4f2f4d02e32e29a4c6418694a2535bc08b50cbd7e0e6d0cb,eval_mean_position_error_m,0.00202439500924585,0.002026837278576849,2.4422693309989786e-06
19c75f705b988dcb14894dbaf333ff428425e17f92ad2263ea42125fe513e409,eval_mean_heading_error_deg,0.7049681144670261,0.7063997039177552,0.001431589450729076
19c75f705b988dcb14894dbaf333ff428425e17f92ad2263ea42125fe513e409,eval_mean_position_error_m,0.0021422024080058736,0.002146128683927471,3.926275921597219e-06
2f3d1e1c38be71c659554f77c26a9d49a87cbbf1b77477736c1c86f2e47b0c12,eval_mean_heading_error_deg,0.6926817781492492,0.6941036222438782,0.0014218440946289768
2f3d1e1c38be71c659554f77c26a9d49a87cbbf1b77477736c1c86f2e47b0c12,eval_mean_position_error_m,0.0021942756064793414,0.0021976972234470623,3.4216169677208155e-06
b1c4244127cc100865d40d373654e558f1d2550c57b2d859d72c383803304016,eval_mean_heading_error_deg,0.3684425038398643,0.36880651431288636,0.00036401047302203615
b1c4244127cc100865d40d373654e558f1d2550c57b2d859d72c383803304016,eval_mean_position_error_m,0.0011460921955476887,0.0011473070701822083,1.2148746345195735e-06
9591dcdc4b0170282441d6e629b3ba1366f09889cc2749318ffa432a95560e31,eval_mean_heading_error_deg,0.4603269276668732,0.46088913449373425,0.0005622068268610336
9591dcdc4b0170282441d6e629b3ba1366f09889cc2749318ffa432a95560e31,eval_mean_position_error_m,0.0014225175337056562,0.001423815272945017,1.2977392393608445e-06
a98e0c879c430844363415775f0679b68e95c9de290ee4b35481da051ee6c8a6,eval_mean_heading_error_deg,0.45082899000550386,0.45133208271670167,0.0005030927111978056
a98e0c879c430844363415775f0679b68e95c9de290ee4b35481da051ee6c8a6,eval_mean_position_error_m,0.0014040637607598725,0.001404444270691383,3.805099315105573e-07
7cde937b42f3caeb4c49a81df29ff6a87e0a135fa85c71eb92ddca81a0f64aa2,eval_mean_heading_error_deg,0.4548702575953139,0.4553458174250577,0.00047555982974378797
7cde937b42f3caeb4c49a81df29ff6a87e0a135fa85c71eb92ddca81a0f64aa2,eval_mean_position_error_m,0.0012956934671146292,0.001295533876660146,-1.5959045448327679e-07
efde048e452c705ad3269e05ed075395457705dbbd482186a034348b05b44999,eval_mean_heading_error_deg,0.4646429152432461,0.46514665392152443,0.0005037386782783537
efde048e452c705ad3269e05ed075395457705dbbd482186a034348b05b44999,eval_mean_position_error_m,0.0014357602586906892,0.0014359045066288123,1.4424793812303945e-07
f536c140ec27dc52200a178c7c70d0205117351420f47ff03b6449709d19740e,eval_mean_heading_error_deg,0.4427816471825451,0.4433094338026654,0.0005277866201203185
f536c140ec27dc52200a178c7c70d0205117351420f47ff03b6449709d19740e,eval_mean_position_error_m,0.0012130470643903501,0.0012131532437185742,1.0617932822407951e-07
041b649fead26d5b88577612b97bbc98bad3edca3854ca3e0b49de64afb92446,eval_mean_heading_error_deg,0.4577088039523693,0.4582176947415896,0.0005088907892202843
041b649fead26d5b88577612b97bbc98bad3edca3854ca3e0b49de64afb92446,eval_mean_position_error_m,0.0013428067629992864,0.0013438883840887622,1.0816210894758552e-06
640979166158d3496fd260ee6d2fb68a45f8355f97be3f7b810c23efece1c9a5,eval_mean_heading_error_deg,0.46294330988523213,0.4634934298300846,0.0005501199448524896
640979166158d3496fd260ee6d2fb68a45f8355f97be3f7b810c23efece1c9a5,eval_mean_position_error_m,0.001582102001518921,0.0015839789569267132,1.8769554077922076e-06
424176e8848ba6c750d6d3a84c4e464db049f869cc27e2fb70e348a015d578c4,eval_mean_heading_error_deg,0.45445275268110114,0.4549334991108059,0.0004807464297047481
424176e8848ba6c750d6d3a84c4e464db049f869cc27e2fb70e348a015d578c4,eval_mean_position_error_m,0.001353992442317694,0.0013550998011816135,1.1073588639194578e-06
d6cd49347af2e51081f1e2c761b07c2187ebae68c2c37914765c439c2b39cf3c,eval_mean_heading_error_deg,0.4539389295678336,0.4544728020156887,0.0005338724478550771
d6cd49347af2e51081f1e2c761b07c2187ebae68c2c37914765c439c2b39cf3c,eval_mean_position_error_m,0.00143026681788379,0.001431480274218945,1.2134563351551188e-06
3c4af8c8451ae7821e8968948bd809a182ab85accb0ed0316e4b3555dcb74dc7,eval_mean_heading_error_deg,0.4424945881791606,0.44301050206906134,0.0005159138899007432
3c4af8c8451ae7821e8968948bd809a182ab85accb0ed0316e4b3555dcb74dc7,eval_mean_position_error_m,0.0011578572479912653,0.0011582924833123227,4.352353210573638e-07
5513bcd22f3b1178ded6fc8137a4fa5d46c3d85a1941bf734a4346b2cfd124c4,eval_mean_heading_error_deg,0.4556802420436228,0.456218636798003,0.0005383947543802226
5513bcd22f3b1178ded6fc8137a4fa5d46c3d85a1941bf734a4346b2cfd124c4,eval_mean_position_error_m,0.0013736524867986645,0.0013753830986171767,1.7306118185122198e-06
8f38c91835b4dbd7e437cd2c083b86e152560e004119ece875fd453acbf4ce3c,eval_mean_heading_error_deg,0.4309129267666904,0.4313814791503747,0.0004685523836843175
8f38c91835b4dbd7e437cd2c083b86e152560e004119ece875fd453acbf4ce3c,eval_mean_position_error_m,0.0010707842227250432,0.0010714351803109306,6.509575858873635e-07
d4da1cf5022bfbb409d03c26443bd3df817685c50f5d74571d2aff7b6e41cca8,eval_mean_heading_error_deg,0.4268629975010553,0.4273659474824233,0.0005029499813680172
d4da1cf5022bfbb409d03c26443bd3df817685c50f5d74571d2aff7b6e41cca8,eval_mean_position_error_m,0.0014927114299075612,0.0014944610667233515,1.7496368157903126e-06
9581286bb6cf2e6fafd1ad52420ef5ba73cd3164da784a8b3f8a1b31960acf5d,eval_mean_heading_error_deg,0.42496865647895793,0.42545637534589503,0.00048771886693710353
9581286bb6cf2e6fafd1ad52420ef5ba73cd3164da784a8b3f8a1b31960acf5d,eval_mean_position_error_m,0.0015803146032216829,0.0015821254686163584,1.8108653946755007e-06
bae10888cd9dfbe3fbae3c9fc8b1233957e4b3ce0fddd36e3f96e86c407c13d4,eval_mean_heading_error_deg,0.42109513438415025,0.421560323258238,0.0004651888740877519
bae10888cd9dfbe3fbae3c9fc8b1233957e4b3ce0fddd36e3f96e86c407c13d4,eval_mean_position_error_m,0.001217408237311442,0.0012185786610402665,1.170423728824371e-06
0f8f96b4b0772de7b735ea1199d2ae993ec199a8811673f0459165fbd56b3226,eval_mean_heading_error_deg,0.4436687871271895,0.44421211376185316,0.0005433266346636656
0f8f96b4b0772de7b735ea1199d2ae993ec199a8811673f0459165fbd56b3226,eval_mean_position_error_m,0.0014318009188780511,0.0014309722760451804,-8.286428328707282e-07
cb95b7412e44cf7e8257eae9d7363c175d706765f32ac680e4fa9d31a1544e5f,eval_mean_heading_error_deg,0.4536756153891175,0.4542069452593895,0.0005313298702719904
cb95b7412e44cf7e8257eae9d7363c175d706765f32ac680e4fa9d31a1544e5f,eval_mean_position_error_m,0.0015685723562400232,0.0015704194414767648,1.8470852367416263e-06
6ccdf8081c3abb7606d0784f505bb41d19b91ef5451d4b06f60b3a6cab54e781,eval_mean_heading_error_deg,0.4106766771464859,0.4111373220069011,0.0004606448604151936
6ccdf8081c3abb7606d0784f505bb41d19b91ef5451d4b06f60b3a6cab54e781,eval_mean_position_error_m,0.0011123552543769412,0.0011135374265508328,1.1821721738916428e-06
c9b71e6407f2daa1a71c3a5fdce09497d4dcfdce8034b80e30e26c535f8bc433,eval_mean_heading_error_deg,0.43403550196093815,0.43455076152679817,0.0005152595658600156
c9b71e6407f2daa1a71c3a5fdce09497d4dcfdce8034b80e30e26c535f8bc433,eval_mean_position_error_m,0.0015924627915723912,0.0015934234791797537,9.60687607362478e-07
8ef638b171c770f50a40d475d6ce2de801f51d57fd96b67242a3046c5dbf36bf,eval_mean_heading_error_deg,3.3354335147550644,3.342692805003878,0.007259290248813777
8ef638b171c770f50a40d475d6ce2de801f51d57fd96b67242a3046c5dbf36bf,eval_mean_position_error_m,0.0018689382819836759,0.0018662462153478906,-2.6920666357853167e-06
443f515f1c2335482cd7d076992e7d3f990a79195b3d6b8ccf1ed47b69f734e8,eval_mean_heading_error_deg,3.19743714923197,3.2041754360946113,0.006738286862641107
443f515f1c2335482cd7d076992e7d3f990a79195b3d6b8ccf1ed47b69f734e8,eval_mean_position_error_m,0.0018851262236469794,0.0018891744052856746,4.048181638695173e-06
9577008d1386cb874e6c532ab03d3f0aadcbea4e5ead96715bed5fa6b1427935,eval_mean_heading_error_deg,3.2190821629606257,3.2260846668448973,0.007002503884271594
9577008d1386cb874e6c532ab03d3f0aadcbea4e5ead96715bed5fa6b1427935,eval_mean_position_error_m,0.0024069702239178626,0.00241199410817054,5.023884252677423e-06
a9d70102da6341d3749dc3de7c76b73e0996a9456fad1e440510dd1780d7f7bd,eval_mean_heading_error_deg,3.069845394001505,3.0765464600792156,0.0067010660777104825
a9d70102da6341d3749dc3de7c76b73e0996a9456fad1e440510dd1780d7f7bd,eval_mean_position_error_m,0.001529169412146498,0.0015299702616420338,8.008494955357836e-07
cd8e1c0bdd9f107930f71182bf9cd9abf317cb51bd8ecca6dd1458aef9290e66,eval_mean_heading_error_deg,3.322829829941118,3.330064538883999,0.007234708942880808
cd8e1c0bdd9f107930f71182bf9cd9abf317cb51bd8ecca6dd1458aef9290e66,eval_mean_position_error_m,0.0019519387386961488,0.0019561669317606873,4.228193064538532e-06
e2bfc9998cfb8b0a025ce453b93c8e279c52f4510fe003178fcc5ac5a9ebe565,eval_mean_heading_error_deg,3.341538077385114,3.3487764841724124,0.007238406787298146
e2bfc9998cfb8b0a025ce453b93c8e279c52f4510fe003178fcc5ac5a9ebe565,eval_mean_position_error_m,0.0019964899381078494,0.0019969822212037767,4.922830959272831e-07
0cf5663b57604a8a95ce1122a50f91ad703bcb758dba575c7f7cf96603d2a373,eval_mean_heading_error_deg,3.2100893076888495,3.217067422282259,0.006978114593409579
0cf5663b57604a8a95ce1122a50f91ad703bcb758dba575c7f7cf96603d2a373,eval_mean_position_error_m,0.002548187658203814,0.0025498076307166133,1.6199725127994703e-06
36a6ab5db5ebb96f202a8b1019a22dffb4fc2c5cb3677e353ce1290740b85d06,eval_mean_heading_error_deg,3.2539549786912105,3.260928648179218,0.0069736694880075945
36a6ab5db5ebb96f202a8b1019a22dffb4fc2c5cb3677e353ce1290740b85d06,eval_mean_position_error_m,0.0025167915983434876,0.002521574502947831,4.782904604343306e-06
7fc5e1dc1a62d848557e44d052e4dad47da44cce2300e715bc042baec8c0c8e8,eval_mean_heading_error_deg,3.185072510905761,3.1919950083924427,0.0069224974866815
7fc5e1dc1a62d848557e44d052e4dad47da44cce2300e715bc042baec8c0c8e8,eval_mean_position_error_m,0.002084953760813154,0.002089473881469803,4.520120656649213e-06
7e5002439346589a63e29c740d63c8f0e3df36cd30d5805217795512e556fb92,eval_mean_heading_error_deg,3.2182977170590896,3.225208023439999,0.006910306380909503
7e5002439346589a63e29c740d63c8f0e3df36cd30d5805217795512e556fb92,eval_mean_position_error_m,0.0018517557125625895,0.0018523651847971616,6.094722345721323e-07
391ef3b2428c90f9566f49eaaa19f401b8ad43d97e0a0a9194dc8bae869c03b2,eval_mean_heading_error_deg,3.2978201388424786,3.304943744892006,0.007123606049527442
391ef3b2428c90f9566f49eaaa19f401b8ad43d97e0a0a9194dc8bae869c03b2,eval_mean_position_error_m,0.0019732700062696914,0.001975579749265445,2.3097429957537156e-06
d622cf864468bc6faf60cf470be7d41c341eb304ae75ad7ef526ed63474ecd44,eval_mean_heading_error_deg,3.2943225787239805,3.3013207386541437,0.0069981599301631725
d622cf864468bc6faf60cf470be7d41c341eb304ae75ad7ef526ed63474ecd44,eval_mean_position_error_m,0.002096409560082748,0.002100030108719067,3.620548636318853e-06
acf363a2134531e1160fedfe2a1da6b5d528507a459dc70b61cb1a7379343944,eval_mean_heading_error_deg,3.2390898487891495,3.246016065534822,0.006926216745672509
acf363a2134531e1160fedfe2a1da6b5d528507a459dc70b61cb1a7379343944,eval_mean_position_error_m,0.0019042560264490975,0.0019068739219776736,2.617895528576105e-06
9046c9ce0d66984d1f0cb0365e626c17b9ec1022e7714a238941d905edffee0a,eval_mean_heading_error_deg,3.18137357311008,3.188254314487214,0.006880741377134125
9046c9ce0d66984d1f0cb0365e626c17b9ec1022e7714a238941d905edffee0a,eval_mean_position_error_m,0.0023182374570364307,0.002321758651903223,3.5211948667922266e-06
94717feb6c2e72cb932d578a7f74898413d2f0e7e6030b74894fd8e4ebe1b99e,eval_mean_heading_error_deg,3.213472449935412,3.2204845651731047,0.00701211523769274
94717feb6c2e72cb932d578a7f74898413d2f0e7e6030b74894fd8e4ebe1b99e,eval_mean_position_error_m,0.0024410120909058018,0.0024445876037727226,3.5755128669208262e-06
e9ac37fd33efe8ec87f15553b7837c4d6229a683aabddc45538145ea0a979b26,eval_mean_heading_error_deg,3.1375535061082687,3.1443890551108984,0.006835549002629726
e9ac37fd33efe8ec87f15553b7837c4d6229a683aabddc45538145ea0a979b26,eval_mean_position_error_m,0.0024771568492357597,0.002482030084485671,4.8732352499114215e-06
153d9652c8401de7ea1a160bcf0ae6f76787b3579096a34577c2105a403e153a,eval_mean_heading_error_deg,3.053411488193337,3.060053446107067,0.006641957913730234
153d9652c8401de7ea1a160bcf0ae6f76787b3579096a34577c2105a403e153a,eval_mean_position_error_m,0.0022168801951708006,0.0022215125949636896,4.632399792888972e-06
8cf0586c2ff168e16930db7f41c0159e7efd53dc4b1c578616ddec6e8c9b9ace,eval_mean_heading_error_deg,3.3965349390527977,3.403821364769244,0.007286425716446221
8cf0586c2ff168e16930db7f41c0159e7efd53dc4b1c578616ddec6e8c9b9ace,eval_mean_position_error_m,0.002406400511756187,0.0024096724998263117,3.271988070124854e-06
d67c55cb72222f4317fb474beacd99ce1a63471eed58f17fa740d63051b4c096,eval_mean_heading_error_deg,3.215024423082729,3.221934452211253,0.006910029128524009
d67c55cb72222f4317fb474beacd99ce1a63471eed58f17fa740d63051b4c096,eval_mean_position_error_m,0.002529902131603281,0.002534669577538252,4.7674459349709465e-06
f38b0c9334acda1c74e2953e8dc33233d566d17b2bde6be1fc6447ea7777f3c2,eval_mean_heading_error_deg,3.1916178923805565,3.1984979762296413,0.006880083849084784
f38b0c9334acda1c74e2953e8dc33233d566d17b2bde6be1fc6447ea7777f3c2,eval_mean_position_error_m,0.002235824265200798,0.0022393411959548792,3.5169307540812954e-06
194be9bda46f1b3554b7b9bdc50864c623186b7f13fe0469ed775dbd98d961fd,eval_mean_heading_error_deg,1.0464754225521504,1.0486414676961529,0.0021660451440024264
194be9bda46f1b3554b7b9bdc50864c623186b7f13fe0469ed775dbd98d961fd,eval_mean_position_error_m,0.001743500523393181,0.0017427694105494544,-7.311128437266761e-07
0d9c81dda915230b653852cef4ee631785e8885e0875c6ef45cc4dcc1689924e,eval_mean_heading_error_deg,1.1471089415780171,1.149474825626921,0.00236588404890381
0d9c81dda915230b653852cef4ee631785e8885e0875c6ef45cc4dcc1689924e,eval_mean_position_error_m,0.0017209321910462941,0.0017227947031155121,1.8625120692180187e-06
f906f34a1fd6bb4cf61b681b6fab08475606b7e614605ec323c77f467f42ca53,eval_mean_heading_error_deg,1.001899031262838,1.0038977590430234,0.001998727780185394
f906f34a1fd6bb4cf61b681b6fab08475606b7e614605ec323c77f467f42ca53,eval_mean_position_error_m,0.0019542224807894207,0.0019555168579432915,1.2943771538708425e-06
b2527dcbab87f8f7d694bad28651ef9bca162ba58280345a67f237271582f9a9,eval_mean_heading_error_deg,1.1563630303803587,1.1586747391588657,0.002311708778506949
b2527dcbab87f8f7d694bad28651ef9bca162ba58280345a67f237271582f9a9,eval_mean_position_error_m,0.001399646792158174,0.0014006962847328067,1.0494925746327034e-06
0d7eab437a086db4a104108297b5fe57d4abc0a4e854ecf24743f17949854864,eval_mean_heading_error_deg,1.0818669063756043,1.0839913022440537,0.002124395868449369
0d7eab437a086db4a104108297b5fe57d4abc0a4e854ecf24743f17949854864,eval_mean_position_error_m,0.0018066999270280216,0.001808142969280182,1.4430422521603814e-06
f7b91368b20c21b1a107eeb5b516ebc64fcc2ae10560732be69b53f44d9ea2bf,eval_mean_heading_error_deg,1.0516888651688159,1.053772412672458,0.002083547503642036
f7b91368b20c21b1a107eeb5b516ebc64fcc2ae10560732be69b53f44d9ea2bf,eval_mean_position_error_m,0.0017413918122167187,0.0017434710647253125,2.0792525085937784e-06
91da3fa430cb5c49a852d97ccca19ae194301f6fd500df12d9c864ce632b15da,eval_mean_heading_error_deg,0.9541010040134986,0.9560822229963868,0.0019812189828881666
91da3fa430cb5c49a852d97ccca19ae194301f6fd500df12d9c864ce632b15da,eval_mean_position_error_m,0.0027547148883916186,0.0027576529337269466,2.938045335328012e-06
25a1968465a226bd3f0fc5e0ea1bb00ef81c20c63f60dd96da1180f59c34840e,eval_mean_heading_error_deg,0.8960579116663178,0.8978122003488063,0.001754288682488503
25a1968465a226bd3f0fc5e0ea1bb00ef81c20c63f60dd96da1180f59c34840e,eval_mean_position_error_m,0.0024607493186050993,0.002463701172176998,2.951853571898661e-06
58ca8db752ed143f179b2c21dd875fa3ab07adfc8682b39d921d90b461827a6f,eval_mean_heading_error_deg,1.0609505539904704,1.0630592442961422,0.0021086903056717343
58ca8db752ed143f179b2c21dd875fa3ab07adfc8682b39d921d90b461827a6f,eval_mean_position_error_m,0.0019231076242179949,0.0019259283339842694,2.8207097662745657e-06
055b27c2ef7bd8b2281a52df2405fe8150d0445cfcc467d5d98eb6f0417385cf,eval_mean_heading_error_deg,0.9274586832392939,0.9292403012579015,0.0017816180186075448
055b27c2ef7bd8b2281a52df2405fe8150d0445cfcc467d5d98eb6f0417385cf,eval_mean_position_error_m,0.001810517627312531,0.0018130892107998092,2.5715834872782825e-06
176441f69bc88510739e432785d0e8ba0453fbaf3cc083842feeb9d577b9ec0a,eval_mean_heading_error_deg,0.8669273308134161,0.8686857211171358,0.0017583903037197146
176441f69bc88510739e432785d0e8ba0453fbaf3cc083842feeb9d577b9ec0a,eval_mean_position_error_m,0.00186599258018323,0.001867441538465446,1.44895828221598e-06
1110e26dbf75de932a964152ac7f10746c4fe57dcbc394b763c6a661b753bb7e,eval_mean_heading_error_deg,0.8705943435566245,0.8723781823422985,0.0017838387856740079
1110e26dbf75de932a964152ac7f10746c4fe57dcbc394b763c6a661b753bb7e,eval_mean_position_error_m,0.0019201376572493792,0.0019214477437091732,1.3100864597939948e-06
6fa3313668f155e31f815fac03902d8ea3f80133bbd88dc42a2c75dcca2f447d,eval_mean_heading_error_deg,0.9867969670365342,0.9886989501272475,0.0019019830907133217
6fa3313668f155e31f815fac03902d8ea3f80133bbd88dc42a2c75dcca2f447d,eval_mean_position_error_m,0.0019009985505609706,0.0019044729680890973,3.4744175281267112e-06
7eb98ae43ab06a5b13d2b2bebf7fe40103b4d8b5a553ac94b5a2293f9122d060,eval_mean_heading_error_deg,1.1123898869495987,1.1146262360020625,0.0022363490524637264
7eb98ae43ab06a5b13d2b2bebf7fe40103b4d8b5a553ac94b5a2293f9122d060,eval_mean_position_error_m,0.002098852651492835,0.0021028086483445597,3.955996851724795e-06
b1ef102e688a49fe62249d690272c65ed6bd17cba370ebc9de7fe051da4f4e59,eval_mean_heading_error_deg,0.9993197128780392,1.001302232980894,0.0019825201028548234
b1ef102e688a49fe62249d690272c65ed6bd17cba370ebc9de7fe051da4f4e59,eval_mean_position_error_m,0.0023342764605391053,0.0023367524086511642,2.4759481120589615e-06
603abc04c851d23fe4b931d467634809a28c536ea65c53860cb951675bb33e3e,eval_mean_heading_error_deg,1.201267104201378,1.203693904245283,0.002426800043904942
603abc04c851d23fe4b931d467634809a28c536ea65c53860cb951675bb33e3e,eval_mean_position_error_m,0.0020725788357014692,0.00207380956023821,1.2307245367405677e-06
c466b85daf4959ef2f47104e3677dd2fb2e07fd3508934e151422336dfc58366,eval_mean_heading_error_deg,1.2227366258411567,1.2252601394108726,0.0025235135697159183
c466b85daf4959ef2f47104e3677dd2fb2e07fd3508934e151422336dfc58366,eval_mean_position_error_m,0.0021269344355525207,0.0021290067448726216,2.072309320100881e-06
34dad4516b50b0ccdab2dd6b68c34dc35fbf84923378f4307a04e96fc30d501c,eval_mean_heading_error_deg,1.0231443705565701,1.025220975001735,0.002076604445164776
34dad4516b50b0ccdab2dd6b68c34dc35fbf84923378f4307a04e96fc30d501c,eval_mean_position_error_m,0.0020517803106405046,0.0020551262316586927,3.3459210181880153e-06
385ae4d15391b86757ca6c1c9229fd81ca77d57c89b8bb12ed21d7cbc6d46a4c,eval_mean_heading_error_deg,1.1111315063585645,1.1134142785363572,0.0022827721777927135
385ae4d15391b86757ca6c1c9229fd81ca77d57c89b8bb12ed21d7cbc6d46a4c,eval_mean_position_error_m,0.002515516013756311,0.0025185702319149433,3.0542181586323824e-06
e40da10b79a3e802d6c1f8cf634dfd2e9ab4723cda6ed93b0d1aa74e50df0fc6,eval_mean_heading_error_deg,0.9866746587225491,0.9887063979829486,0.0020317392603994566
e40da10b79a3e802d6c1f8cf634dfd2e9ab4723cda6ed93b0d1aa74e50df0fc6,eval_mean_position_error_m,0.0023206203036933003,0.0023249273672996357,4.307063606335312e-06
66a4dd94e957d718da3bd4b94215bc583d61bbda459662fe15980e5e978ee2da,eval_mean_heading_error_deg,0.9069752730681508,0.907917465876199,0.0009421928080481923
66a4dd94e957d718da3bd4b94215bc583d61bbda459662fe15980e5e978ee2da,eval_mean_position_error_m,0.0011989556214519247,0.0012001544977124849,1.1988762605602034e-06
b35c50088eb6708af411efe4f322ca8803430af284dd94fc96942d23018e47df,eval_mean_heading_error_deg,1.0954591408372987,1.0966644838809003,0.0012053430436016477
b35c50088eb6708af411efe4f322ca8803430af284dd94fc96942d23018e47df,eval_mean_position_error_m,0.0012612113538727804,0.0012619913137716236,7.799598988431512e-07
5deda8a1a1f81f3c97015146e6a330ebeb2e37bd22ba5cf80a659f8ebb29545c,eval_mean_heading_error_deg,1.065889460758595,1.067004692873562,0.001115232114967002
5deda8a1a1f81f3c97015146e6a330ebeb2e37bd22ba5cf80a659f8ebb29545c,eval_mean_position_error_m,0.0011942877047571362,0.001195391145159613,1.1034404024767679e-06
47d165c8fe49928ed69e20ff6da1e826b6ea25bbde1247520370fbc25345a9d0,eval_mean_heading_error_deg,0.9661323172137265,0.9671570762802253,0.0010247590664987927
47d165c8fe49928ed69e20ff6da1e826b6ea25bbde1247520370fbc25345a9d0,eval_mean_position_error_m,0.0011667026134476739,0.001167086794708407,3.8418126073317717e-07
be1c2f78fd9c80ce3fe7ce76a93f152dfd8a3b1fe9710d55e5d97d118e01ce48,eval_mean_heading_error_deg,1.173189474290509,1.1744945954377528,0.001305121147243904
be1c2f78fd9c80ce3fe7ce76a93f152dfd8a3b1fe9710d55e5d97d118e01ce48,eval_mean_position_error_m,0.0012976406568333029,0.0012982063413279924,5.656844946895587e-07
620b80e66716be404a09a9f2359eca515e459bf91c8e394b3500b6c21698e088,eval_mean_heading_error_deg,1.0075190643884644,1.0085811455092262,0.001062081120761782
620b80e66716be404a09a9f2359eca515e459bf91c8e394b3500b6c21698e088,eval_mean_position_error_m,0.001102806789273844,0.0011033522709668862,5.454816930422404e-07
8733ac069657d3041cad5ae1cc735bd31afe336955e1dbe799577f003cccfca4,eval_mean_heading_error_deg,1.0508497315786907,1.052022942348126,0.0011732107694353289
8733ac069657d3041cad5ae1cc735bd31afe336955e1dbe799577f003cccfca4,eval_mean_position_error_m,0.0014884988530369098,0.0014889652794824967,4.6642644558692395e-07
81efd0a73dbf0ab73b7a09ff6e8e44d0ecb11bad432235322a6f50eb1c273c06,eval_mean_heading_error_deg,1.022843358681995,1.0240087751431846,0.0011654164611896167
81efd0a73dbf0ab73b7a09ff6e8e44d0ecb11bad432235322a6f50eb1c273c06,eval_mean_position_error_m,0.0013943888660837998,0.0013955302399900915,1.1413739062916383e-06
aa1de6d63d2b6fe2b5035967097cfabc3869ab39667433f24d4f35965ed253ba,eval_mean_heading_error_deg,1.013359806089893,1.0143146345569725,0.0009548284670795049
aa1de6d63d2b6fe2b5035967097cfabc3869ab39667433f24d4f35965ed253ba,eval_mean_position_error_m,0.0011726867897705923,0.0011722115460242053,-4.752437463870045e-07
673688ca4cf1a1e766b8705412748e08b6cb52b876e246a62c9c29ca70bd7bb2,eval_mean_heading_error_deg,0.9739647461344275,0.9749310681900715,0.0009663220556439533
673688ca4cf1a1e766b8705412748e08b6cb52b876e246a62c9c29ca70bd7bb2,eval_mean_position_error_m,0.0014730123897130874,0.001472976220264779,-3.616944830838256e-08
2fed1f70e305873d28ff2d4c98734f7dbaaf0642a7cd0910191e00070e444a43,eval_mean_heading_error_deg,0.9912769061260428,0.9923174042878015,0.0010404981617586628
2fed1f70e305873d28ff2d4c98734f7dbaaf0642a7cd0910191e00070e444a43,eval_mean_position_error_m,0.001167979005727963,0.001168806608875465,8.276031475018975e-07
bf842bb3aac6ea7b280f336e926f95635c041db547e4e6de19ca9a0dd534c21d,eval_mean_heading_error_deg,1.1082838190480344,1.1095108230952164,0.001227004047182012
bf842bb3aac6ea7b280f336e926f95635c041db547e4e6de19ca9a0dd534c21d,eval_mean_position_error_m,0.0012217388400747836,0.0012226819934947734,9.431534199898142e-07
7ef8c9ba6b3664639ddbaefe21e8a15b0fcf20190fbdc3da47ba14ccb38a3783,eval_mean_heading_error_deg,0.9701509299241745,0.9711035322662771,0.0009526023421025931
7ef8c9ba6b3664639ddbaefe21e8a15b0fcf20190fbdc3da47ba14ccb38a3783,eval_mean_position_error_m,0.0009723782455907747,0.0009732085859398739,8.303403490992223e-07
0e1dbd7a9c6843aa2fcbf90814c389891626386ad82d62a62fb48d2a8ee91e79,eval_mean_heading_error_deg,1.0321248660046696,1.033222657096381,0.0010977910917113753
0e1dbd7a9c6843aa2fcbf90814c389891626386ad82d62a62fb48d2a8ee91e79,eval_mean_position_error_m,0.001299028218976528,0.0012989349566447357,-9.326233179219462e-08
f63b99d585e8b7a737b68bf3388683571c9884c66722e30d7daef2a21aab832b,eval_mean_heading_error_deg,1.0418463534349276,1.0429306883087393,0.0010843348738116543
f63b99d585e8b7a737b68bf3388683571c9884c66722e30d7daef2a21aab832b,eval_mean_position_error_m,0.0014203467997878903,0.001419402824980018,-9.439748078722207e-07
26f9079521d1e6fd568cd40b700fae894a4709fe2f79e4334971eca0d0d8512f,eval_mean_heading_error_deg,1.04157399933906,1.042600408713576,0.0010264093745160352
26f9079521d1e6fd568cd40b700fae894a4709fe2f79e4334971eca0d0d8512f,eval_mean_position_error_m,0.0012046981450693586,0.0012056893759951283,9.912309257697084e-07
5ad489c5c90455bfc8eb0312216f2cc4018fa497acb9c22d09bc45ee310fa44f,eval_mean_heading_error_deg,0.9950882608615338,0.9961932927347482,0.0011050318732144238
5ad489c5c90455bfc8eb0312216f2cc4018fa497acb9c22d09bc45ee310fa44f,eval_mean_position_error_m,0.001507877444904463,0.001509439280567711,1.5618356632479853e-06
678dd44e3945fda18118cd37ad1a7ad14e1c8bac3e53457304f59dc38912c6c8,eval_mean_heading_error_deg,1.0964701755390969,1.0976291805383427,0.0011590049992458162
678dd44e3945fda18118cd37ad1a7ad14e1c8bac3e53457304f59dc38912c6c8,eval_mean_position_error_m,0.0012803712240768849,0.0012809493702894176,5.78146212532743e-07
66d89edba72ab9ca9855f999b3f2af04c33f5702e76cebb67e5ea17183292444,eval_mean_heading_error_deg,0.9880798334273203,0.9890674484084299,0.0009876149811095525
66d89edba72ab9ca9855f999b3f2af04c33f5702e76cebb67e5ea17183292444,eval_mean_position_error_m,0.001132385805907743,0.0011332009899894535,8.151840817105255e-07
5a1204c2d27b557e8a8930c98b149dca9c913f5afd22f7cc9d17bfd62f62a780,eval_mean_heading_error_deg,0.956747821678418,0.9577991582710224,0.0010513365926043683
5a1204c2d27b557e8a8930c98b149dca9c913f5afd22f7cc9d17bfd62f62a780,eval_mean_position_error_m,0.0012214304414155245,0.0012219147084312364,4.842670157118728e-07
36c6e0b975bdd468409523dbe0a1bf75b48165062241e384e3365f7b0298ae53,eval_mean_heading_error_deg,3.9102977638924687,3.9113023835986676,0.001004619706198806
36c6e0b975bdd468409523dbe0a1bf75b48165062241e384e3365f7b0298ae53,eval_mean_position_error_m,0.013231977015646925,0.013166188057139731,-6.57889585071944e-05
5366a4022bfb41ef84be08ae0c67405241e8670e6d30a2ec3126a3873f67d6be,eval_mean_heading_error_deg,4.038940778643847,4.039796519876168,0.0008557412323204616
5366a4022bfb41ef84be08ae0c67405241e8670e6d30a2ec3126a3873f67d6be,eval_mean_position_error_m,0.013113615427627229,0.01304773795453357,-6.587747309365864e-05
50c72f013a3c2b5c4ad7a08f5c3f38534f093120b6e520f5a91c553af7664da4,eval_mean_heading_error_deg,4.110954244478205,4.111861864025585,0.0009076195473793902
50c72f013a3c2b5c4ad7a08f5c3f38534f093120b6e520f5a91c553af7664da4,eval_mean_position_error_m,0.013517642060675445,0.013451911999882483,-6.573006079296263e-05
8ff113f79dcc809ce43792e9fa9cda1eeb1b8fb806cbe0984c53c84fa0a8d700,eval_mean_heading_error_deg,3.8727239029827527,3.873676855979866,0.0009529529971135098
8ff113f79dcc809ce43792e9fa9cda1eeb1b8fb806cbe0984c53c84fa0a8d700,eval_mean_position_error_m,0.013447395441388083,0.01338166224590675,-6.573319548133262e-05
7c11683b4ae86943074f59317fd75e3e068072ce97bcd7d8912bec1bd932ddf6,eval_mean_heading_error_deg,4.063358198371922,4.064438890951716,0.0010806925797943734
7c11683b4ae86943074f59317fd75e3e068072ce97bcd7d8912bec1bd932ddf6,eval_mean_position_error_m,0.013881842204669217,0.013816075146299588,-6.576705836962987e-05
3f5c47502dc0fc7f0dc51118e8256a31fb4b027b84e04dfa25bdd5aae2ef5380,eval_mean_heading_error_deg,3.911989059264593,3.9129948820598903,0.001005822795297373
3f5c47502dc0fc7f0dc51118e8256a31fb4b027b84e04dfa25bdd5aae2ef5380,eval_mean_position_error_m,0.013415407355313939,0.013349592505332927,-6.581484998101177e-05
e0f0a26f6569c409578edd6682f4a70942370cda23d88b39efb4356dbff869ca,eval_mean_heading_error_deg,4.144812202480231,4.14588592959322,0.0010737271129892534
e0f0a26f6569c409578edd6682f4a70942370cda23d88b39efb4356dbff869ca,eval_mean_position_error_m,0.01383055586796788,0.013764768887791396,-6.578698017648335e-05
c597bfe2240caadd8e41ee1291273cabbfc7338c72d5cb3f11e5d48503d0fe1c,eval_mean_heading_error_deg,4.117138029954014,4.118254376249542,0.0011163462955279257
c597bfe2240caadd8e41ee1291273cabbfc7338c72d5cb3f11e5d48503d0fe1c,eval_mean_position_error_m,0.013381768961356056,0.013316022940988267,-6.574602036778926e-05
211ee3b6d2e0eb030cd991f893c78ed604240a0907e99c74edaf080ee557b02e,eval_mean_heading_error_deg,4.161401061913364,4.162389880975934,0.000988819062570201
211ee3b6d2e0eb030cd991f893c78ed604240a0907e99c74edaf080ee557b02e,eval_mean_position_error_m,0.01370534456386417,0.013639633135130691,-6.571142873347882e-05
721c28b9c2d3b9d58b0a186b523adfe69295a97c822c73e9dbfabbbdc1fadfa6,eval_mean_heading_error_deg,3.960589765795762,3.9614854716253025,0.0008957058295404607
721c28b9c2d3b9d58b0a186b523adfe69295a97c822c73e9dbfabbbdc1fadfa6,eval_mean_position_error_m,0.012972802377947101,0.012906716021633641,-6.608635631345956e-05
39d93d5e8a320fbb9e2b0b859c575c34f3d68a392943857d314a89bb7975baca,eval_mean_heading_error_deg,3.902526935439522,3.9035433523535517,0.0010164169140298718
39d93d5e8a320fbb9e2b0b859c575c34f3d68a392943857d314a89bb7975baca,eval_mean_position_error_m,0.013032228146091953,0.01296619898069334,-6.602916539861191e-05
7f1d463bcd259526ef7260193967cdb8da7571e56f593511edf88b004306f4a8,eval_mean_heading_error_deg,3.926470359255952,3.9275385910868317,0.0010682318308798955
7f1d463bcd259526ef7260193967cdb8da7571e56f593511edf88b004306f4a8,eval_mean_position_error_m,0.013351510069162369,0.013285720913768164,-6.578915539420457e-05
75be02a8b08d069a07e48cfe166de2365d4862ad0fa3a868154585121e3ef0cc,eval_mean_heading_error_deg,3.8795502661711723,3.880461550998578,0.0009112848274055452
75be02a8b08d069a07e48cfe166de2365d4862ad0fa3a868154585121e3ef0cc,eval_mean_position_error_m,0.013237689769247713,0.013171855919250991,-6.583384999672183e-05
f15dc6bb5752969946197603106af4936bf331fa3b9e1c774456da61411a4afe,eval_mean_heading_error_deg,4.16010981903887,4.161201053355188,0.0010912343163180793
f15dc6bb5752969946197603106af4936bf331fa3b9e1c774456da61411a4afe,eval_mean_position_error_m,0.0132502436037647,0.013184270859249864,-6.597274451483615e-05
0bf9a25ba1f02f008782527651384385863af433a777d5bd1b7306101466ab3a,eval_mean_heading_error_deg,4.172339122501862,4.173490283644059,0.0011511611421965995
0bf9a25ba1f02f008782527651384385863af433a777d5bd1b7306101466ab3a,eval_mean_position_error_m,0.013706752051130049,0.01364111286780283,-6.5639183327219e-05
1a9a498b86b885f57116f569e83bed9202e15ccb9f315308d7d1a82da9fa9339,eval_mean_heading_error_deg,4.021537084576751,4.022445209313133,0.0009081247363820211
1a9a498b86b885f57116f569e83bed9202e15ccb9f315308d7d1a82da9fa9339,eval_mean_position_error_m,0.013348676784809561,0.013282844797577931,-6.583198723163035e-05
3e7ae07b75efeb4d21f2b58c7c7a4f6be7823073bfacb15ca97c8a22b2183470,eval_mean_heading_error_deg,4.007317244060804,4.008375291573025,0.0010580475122212718
3e7ae07b75efeb4d21f2b58c7c7a4f6be7823073bfacb15ca97c8a22b2183470,eval_mean_position_error_m,0.01332244672125173,0.013256565753482785,-6.588096776894564e-05
c8754607f32e34e6e38c449344b0d8a368b35915ffde8b8817127de519851ed4,eval_mean_heading_error_deg,3.725003108096292,3.7259532781546656,0.0009501700583736117
c8754607f32e34e6e38c449344b0d8a368b35915ffde8b8817127de519851ed4,eval_mean_position_error_m,0.013240779411339337,0.013174887944977553,-6.589146636178447e-05
428fefa3545b9191465234593978bfb33a91591be3544d95a050beda0caf1598,eval_mean_heading_error_deg,4.2786618774552565,4.279831314320108,0.001169436864851825
428fefa3545b9191465234593978bfb33a91591be3544d95a050beda0caf1598,eval_mean_position_error_m,0.013274113702361577,0.01320835342234236,-6.576028001921766e-05
a512864dc2da0c5bfc193dccfef6f87e2e0c4b6e9ce9d108c8855161fc84a421,eval_mean_heading_error_deg,4.034250989637272,4.035282552623827,0.0010315629865553788
a512864dc2da0c5bfc193dccfef6f87e2e0c4b6e9ce9d108c8855161fc84a421,eval_mean_position_error_m,0.013450505686972612,0.013384511738820274,-6.59939481523382e-05
aeeb91d778198bef7da1c038fcd66a5d96f67a40fdc9d2540937caccaec8c12e,eval_mean_heading_error_deg,0.1269647454214456,0.12736068528234581,0.00039593986090022404
aeeb91d778198bef7da1c038fcd66a5d96f67a40fdc9d2540937caccaec8c12e,eval_mean_position_error_m,0.04815267810444743,0.046886072710236135,-0.0012666053942112926
ba8e5fcfa8e611c2d55a048bcfe216a373b239b34859d33a4866296cd125c25a,eval_mean_heading_error_deg,0.2209877229803178,0.22179234568949674,0.0008046227091789426
ba8e5fcfa8e611c2d55a048bcfe216a373b239b34859d33a4866296cd125c25a,eval_mean_position_error_m,0.049520633299618644,0.048263989634134974,-0.00125664366548367
80471c79c3daf54a3beb47d9efa925e70c26cec312ca31204d2f7ba5847f904c,eval_mean_heading_error_deg,0.1400225104368369,0.14025111625861852,0.00022860582178163558
80471c79c3daf54a3beb47d9efa925e70c26cec312ca31204d2f7ba5847f904c,eval_mean_position_error_m,0.04966344703003991,0.04927733886437576,-0.0003861081656641452
53ce1d74beb3ceb19a23a8f83817550b562a2e4ca8c31220b694d4122dbb9adc,eval_mean_heading_error_deg,0.12562975540965773,0.12580532343647102,0.00017556802681328865
53ce1d74beb3ceb19a23a8f83817550b562a2e4ca8c31220b694d4122dbb9adc,eval_mean_position_error_m,0.049247970386235164,0.047990605016794134,-0.0012573653694410297
81de9f9d09551d944c37d59d11dc8d02e75c5eb5c4c5dee92b78cb356ce0d4a1,eval_mean_heading_error_deg,0.1776055731486304,0.17803639621380613,0.0004308230651757228
81de9f9d09551d944c37d59d11dc8d02e75c5eb5c4c5dee92b78cb356ce0d4a1,eval_mean_position_error_m,0.048975844892917675,0.047723710878652785,-0.0012521340142648898
ceb4de5b94e156b3d414dff30b557b945a7f84f91d6163a5b17ae05e678096e8,eval_mean_heading_error_deg,0.10997690222226598,0.11016569730665633,0.00018879508439034742
ceb4de5b94e156b3d414dff30b557b945a7f84f91d6163a5b17ae05e678096e8,eval_mean_position_error_m,0.04929016609848315,0.048906845749460345,-0.0003833203490228032
807b93f4f1195606fd8d7e0f5e1e14cbd274057b027e9f0865187f397978bf92,eval_mean_heading_error_deg,0.1309316097339171,0.13106396844637352,0.00013235871245642628
807b93f4f1195606fd8d7e0f5e1e14cbd274057b027e9f0865187f397978bf92,eval_mean_position_error_m,0.050462307162701475,0.050077149618469076,-0.0003851575442323993
4f283cb345557a2bca1b99dfe0419dc35530b736042b2523a38dffc40420a9dc,eval_mean_heading_error_deg,0.11024844062550013,0.1100851909872819,-0.00016324963821823246
4f283cb345557a2bca1b99dfe0419dc35530b736042b2523a38dffc40420a9dc,eval_mean_position_error_m,0.05012680888398913,0.04974296451560758,-0.00038384436838154873
153818eaec249ab854ca50cc604be3b6187418a9a3d4bd8710b12b6251f5232f,eval_mean_heading_error_deg,0.17366646922673987,0.17393583130110163,0.00026936207436176196
153818eaec249ab854ca50cc604be3b6187418a9a3d4bd8710b12b6251f5232f,eval_mean_position_error_m,0.049552357792647,0.04916524456135418,-0.00038711323129281966
1ca62395c35703fdcec23fa017c232f17338ee1d70c4ae668a0b1c2ec8c46730,eval_mean_heading_error_deg,0.12882887434327828,0.1291363052672917,0.00030743092401341876
1ca62395c35703fdcec23fa017c232f17338ee1d70c4ae668a0b1c2ec8c46730,eval_mean_position_error_m,0.04911357118591762,0.04787750730788406,-0.001236063878033565
d6b73b9b9148c218aa01d605dfdeae1f5a991a4cf28595fbeb79e692f023e02a,eval_mean_heading_error_deg,0.11672512766839566,0.11687825806697566,0.00015313039858000366
d6b73b9b9148c218aa01d605dfdeae1f5a991a4cf28595fbeb79e692f023e02a,eval_mean_position_error_m,0.05026961218296911,0.04988356534513537,-0.0003860468378337409
122d5d701050622788021260b2c33d0e388296587007352fb9cbc1c41f3238ce,eval_mean_heading_error_deg,0.11563298109610505,0.1160662608185192,0.000433279722414151
122d5d701050622788021260b2c33d0e388296587007352fb9cbc1c41f3238ce,eval_mean_position_error_m,0.046635756266935634,0.04535925948430015,-0.0012764967826354862
59cbd9199f01b85c99293c0d146b39ccd327cd17341cbe3dc632a73d2bacecae,eval_mean_heading_error_deg,0.16543801921629153,0.16591847684880195,0.0004804576325104226
59cbd9199f01b85c99293c0d146b39ccd327cd17341cbe3dc632a73d2bacecae,eval_mean_position_error_m,0.04872099415513127,0.04746596736570173,-0.001255026789429542
c4db21be554e07343f215d17960a8bff2d55809abc747d7bc38a89c93e783f35,eval_mean_heading_error_deg,0.1115430091737654,0.11192379971868259,0.00038079054491718667
c4db21be554e07343f215d17960a8bff2d55809abc747d7bc38a89c93e783f35,eval_mean_position_error_m,0.042251553179803635,0.040096276238389406,-0.002155276941414229
72920db744007b9cd934463b687d84efb50342a9ea514f63020fd5f9430a6682,eval_mean_heading_error_deg,0.11835037306055649,0.11852786263370263,0.00017748957314614455
72920db744007b9cd934463b687d84efb50342a9ea514f63020fd5f9430a6682,eval_mean_position_error_m,0.05049122131382228,0.05010717245487477,-0.0003840488589475152
349f6faf2a5d659e0401a6b8c9c7c42c044e1272d1edd5ec672d0571165d3c71,eval_mean_heading_error_deg,0.15394523062040427,0.15412939819117946,0.00018416757077518997
349f6faf2a5d659e0401a6b8c9c7c42c044e1272d1edd5ec672d0571165d3c71,eval_mean_position_error_m,0.0504662392393973,0.050082360061204596,-0.00038387917819270034
9d5c1739e1ea1ef641e5259a92f4b420e82e9adb30d27aa9a4e391ca56eb63f0,eval_mean_heading_error_deg,0.13597663533064183,0.13607419907829926,9.756374765743092e-05
9d5c1739e1ea1ef641e5259a92f4b420e82e9adb30d27aa9a4e391ca56eb63f0,eval_mean_position_error_m,0.04996156338748199,0.04957366483519803,-0.00038789855228395925
296bf72c048f873ea593ea8644a801873d8bb71e5db11b1d95f0dd8b242497e6,eval_mean_heading_error_deg,0.13468600383506024,0.13490650164321352,0.00022049780815328046
296bf72c048f873ea593ea8644a801873d8bb71e5db11b1d95f0dd8b242497e6,eval_mean_position_error_m,0.0504032082328952,0.05001506427628244,-0.00038814395661276174
608bc15f331d60fec8c097cd449e98ff76fb96d056b46a8e7b9292f47879d385,eval_mean_heading_error_deg,0.10261490940346937,0.1028024883698943,0.00018757896642492
608bc15f331d60fec8c097cd449e98ff76fb96d056b46a8e7b9292f47879d385,eval_mean_position_error_m,0.04425923086311702,0.0429841928814025,-0.0012750379817145219
8d00e61e44559b80ee5693972340ce79bf337311dcbb196f922ba690df7789f0,eval_mean_heading_error_deg,0.12254795897521142,0.1226958835834959,0.00014792460828447207
8d00e61e44559b80ee5693972340ce79bf337311dcbb196f922ba690df7789f0,eval_mean_position_error_m,0.04962382119286008,0.04923565563075213,-0.0003881655621079533
ab4a4fa2a444153342133bc623526591f3d4c4b19be6980c187770d06a6ef0f3,eval_mean_heading_error_deg,0.1269647454214456,0.12736068528234581,0.00039593986090022404
ab4a4fa2a444153342133bc623526591f3d4c4b19be6980c187770d06a6ef0f3,eval_mean_position_error_m,0.04815267810444743,0.046886072710236135,-0.0012666053942112926
430587c1f9970998853546a7eb29c78c72bbb1feb94b8780fbb680430e3f1723,eval_mean_heading_error_deg,0.2209877229803178,0.22179234568949674,0.0008046227091789426
430587c1f9970998853546a7eb29c78c72bbb1feb94b8780fbb680430e3f1723,eval_mean_position_error_m,0.049520633299618644,0.048263989634134974,-0.00125664366548367
4ce42049de6718a8389b81f7118c7f252ce805bd4bd9c0bca0ffef4e4a569804,eval_mean_heading_error_deg,0.1400225104368369,0.14025111625861852,0.00022860582178163558
4ce42049de6718a8389b81f7118c7f252ce805bd4bd9c0bca0ffef4e4a569804,eval_mean_position_error_m,0.04966344703003991,0.04927733886437576,-0.0003861081656641452
a4c932878203d29984466d49683c8a59ab890b5ad007f388e27ab71656ee012d,eval_mean_heading_error_deg,0.12562975540965773,0.12580532343647102,0.00017556802681328865
a4c932878203d29984466d49683c8a59ab890b5ad007f388e27ab71656ee012d,eval_mean_position_error_m,0.049247970386235164,0.047990605016794134,-0.0012573653694410297
4201386dd4c890b577351a661fc3d62ea9553a57a44d5dd8f9c1a9114306c741,eval_mean_heading_error_deg,0.1776055731486304,0.17803639621380613,0.0004308230651757228
4201386dd4c890b577351a661fc3d62ea9553a57a44d5dd8f9c1a9114306c741,eval_mean_position_error_m,0.048975844892917675,0.047723710878652785,-0.0012521340142648898
16dc434a6c9df2169835cabbe3665c5feb2e09cff71b67a03083ef7a1d718307,eval_mean_heading_error_deg,0.10997690222226598,0.11016569730665633,0.00018879508439034742
16dc434a6c9df2169835cabbe3665c5feb2e09cff71b67a03083ef7a1d718307,eval_mean_position_error_m,0.04929016609848315,0.048906845749460345,-0.0003833203490228032
9dd8bcf8bea420856bb4584c8b4b767ba8d50585864698d6a6d78bc3a30bdea0,eval_mean_heading_error_deg,0.1309316097339171,0.13106396844637352,0.00013235871245642628
9dd8bcf8bea420856bb4584c8b4b767ba8d50585864698d6a6d78bc3a30bdea0,eval_mean_position_error_m,0.050462307162701475,0.050077149618469076,-0.0003851575442323993
db75e799610aedb8fb3c492a79b02f3fdc5c20ae8c934c8899b1362e67113f1d,eval_mean_heading_error_deg,0.11024844062550013,0.1100851909872819,-0.00016324963821823246
db75e799610aedb8fb3c492a79b02f3fdc5c20ae8c934c8899b1362e67113f1d,eval_mean_position_error_m,0.05012680888398913,0.04974296451560758,-0.00038384436838154873
33a696ae73226962f5a67536046d06334958016d6397ae813fc0ddfc37bc84a4,eval_mean_heading_error_deg,0.17366646922673987,0.17393583130110163,0.00026936207436176196
33a696ae73226962f5a67536046d06334958016d6397ae813fc0ddfc37bc84a4,eval_mean_position_error_m,0.049552357792647,0.04916524456135418,-0.00038711323129281966
7c27374e380cb4a55c94007e5fbf8fc3bb3bd33a4e32f9b49345f753e2e888b4,eval_mean_heading_error_deg,0.12882887434327828,0.1291363052672917,0.00030743092401341876
7c27374e380cb4a55c94007e5fbf8fc3bb3bd33a4e32f9b49345f753e2e888b4,eval_mean_position_error_m,0.04911357118591762,0.04787750730788406,-0.001236063878033565
59cfd50fb5d3e82ea5730a3bd03ed4d87ec30ad742ced9c14481f4bc7400ca76,eval_mean_heading_error_deg,0.11672512766839566,0.11687825806697566,0.00015313039858000366
59cfd50fb5d3e82ea5730a3bd03ed4d87ec30ad742ced9c14481f4bc7400ca76,eval_mean_position_error_m,0.05026961218296911,0.04988356534513537,-0.0003860468378337409
a1d0d6047a4d2ba3176c3ae4f922c370acabdadab21b9adc88a918a2d37086a0,eval_mean_heading_error_deg,0.11563298109610505,0.1160662608185192,0.000433279722414151
a1d0d6047a4d2ba3176c3ae4f922c370acabdadab21b9adc88a918a2d37086a0,eval_mean_position_error_m,0.046635756266935634,0.04535925948430015,-0.0012764967826354862
ee5358b3f7437eb0ab4008c19c86ff0388c29ca2d17346ea03240d1d09204555,eval_mean_heading_error_deg,0.16543801921629153,0.16591847684880195,0.0004804576325104226
ee5358b3f7437eb0ab4008c19c86ff0388c29ca2d17346ea03240d1d09204555,eval_mean_position_error_m,0.04872099415513127,0.04746596736570173,-0.001255026789429542
535a471d951cf791487f76ba125a26ce40e4c1a7788404282dff40a03cdd9490,eval_mean_heading_error_deg,0.1115430091737654,0.11192379971868259,0.00038079054491718667
535a471d951cf791487f76ba125a26ce40e4c1a7788404282dff40a03cdd9490,eval_mean_position_error_m,0.042251553179803635,0.040096276238389406,-0.002155276941414229
d6a1a6351e9a6e3094833bb6a8e5f1dfe6e5498f4f1a85591517e4c92a0b4acc,eval_mean_heading_error_deg,0.11835037306055649,0.11852786263370263,0.00017748957314614455
d6a1a6351e9a6e3094833bb6a8e5f1dfe6e5498f4f1a85591517e4c92a0b4acc,eval_mean_position_error_m,0.05049122131382228,0.05010717245487477,-0.0003840488589475152
906cd0e74aff39026078ffe972eddc78b1ab50cd5f259acd75126f0b671e0a2b,eval_mean_heading_error_deg,0.15394523062040427,0.15412939819117946,0.00018416757077518997
906cd0e74aff39026078ffe972eddc78b1ab50cd5f259acd75126f0b671e0a2b,eval_mean_position_error_m,0.0504662392393973,0.050082360061204596,-0.00038387917819270034
8ebe1b181f62189f653a34eb3f7cf9e2235a60f77c6bc53bc50611beec3af5c0,eval_mean_heading_error_deg,0.13597663533064183,0.13607419907829926,9.756374765743092e-05
8ebe1b181f62189f653a34eb3f7cf9e2235a60f77c6bc53bc50611beec3af5c0,eval_mean_position_error_m,0.04996156338748199,0.04957366483519803,-0.00038789855228395925
9bbb85e52b1d5d4029e24b6c507e3ed67853a6b97ec27aced46ba998031499a3,eval_mean_heading_error_deg,0.13468600383506024,0.13490650164321352,0.00022049780815328046
9bbb85e52b1d5d4029e24b6c507e3ed67853a6b97ec27aced46ba998031499a3,eval_mean_position_error_m,0.0504032082328952,0.05001506427628244,-0.00038814395661276174
66a43ca9c2bab146aa9b5124a7525ce685e7a9d540f9b4cb0813c18c3fa60c94,eval_mean_heading_error_deg,0.10261490940346937,0.1028024883698943,0.00018757896642492
66a43ca9c2bab146aa9b5124a7525ce685e7a9d540f9b4cb0813c18c3fa60c94,eval_mean_position_error_m,0.04425923086311702,0.0429841928814025,-0.0012750379817145219
77a178097ad1b05472c0e19721dba8ffcc69d258cd4c5b8ccc756079e690cbf4,eval_mean_heading_error_deg,0.12254795897521142,0.1226958835834959,0.00014792460828447207
77a178097ad1b05472c0e19721dba8ffcc69d258cd4c5b8ccc756079e690cbf4,eval_mean_position_error_m,0.04962382119286008,0.04923565563075213,-0.0003881655621079533
794c965b9df45f448f2daf411463c4d1024b74410eeb7283a6f118e1f67e9083,eval_mean_heading_error_deg,0.06770276582236748,0.06776500642824193,6.22406058744529e-05
794c965b9df45f448f2daf411463c4d1024b74410eeb7283a6f118e1f67e9083,eval_mean_position_error_m,0.016502387800591278,0.01613561202515364,-0.00036677577543763745
8c289a246761be354ebbcdbed0e56e40827788318890eca37e2633ebba9e8ac3,eval_mean_heading_error_deg,0.08891695290291543,0.08898017709495512,6.322419203969032e-05
8c289a246761be354ebbcdbed0e56e40827788318890eca37e2633ebba9e8ac3,eval_mean_position_error_m,0.014790680923252931,0.014425667036299678,-0.000365013886953253
529fb4497b4d0ff610167b92c51a73e2b7254764ce1e1ac8c352b196d1c58d89,eval_mean_heading_error_deg,0.08859948151880445,0.08860632935066581,6.847831861361842e-06
529fb4497b4d0ff610167b92c51a73e2b7254764ce1e1ac8c352b196d1c58d89,eval_mean_position_error_m,0.01645387486688273,0.01633592476319365,-0.00011795010368908024
c839eec9c2bcb279b190ebe4bfa9dba02d1f5f50bb9e91b2a014f04bf06e2da3,eval_mean_heading_error_deg,0.06654768077201785,0.06658753127783791,3.9850505820060445e-05
c839eec9c2bcb279b190ebe4bfa9dba02d1f5f50bb9e91b2a014f04bf06e2da3,eval_mean_position_error_m,0.014719540917103808,0.014371227116655155,-0.00034831380044865294
ea5676bf0ae2b1bb0cef4a390147cfaa8faf4b7b9dae811dd8ed283243bcc665,eval_mean_heading_error_deg,0.08514503875390261,0.08520389475044227,5.88559965396529e-05
ea5676bf0ae2b1bb0cef4a390147cfaa8faf4b7b9dae811dd8ed283243bcc665,eval_mean_position_error_m,0.015659380943959196,0.015288889102896573,-0.0003704918410626229
771b1fb133dec5f341162fea624436a775eff8e3b856b527290e12fccb744c3a,eval_mean_heading_error_deg,0.08017384359029019,0.08017697821608043,3.1346257902409302e-06
771b1fb133dec5f341162fea624436a775eff8e3b856b527290e12fccb744c3a,eval_mean_position_error_m,0.015534554083481637,0.015418501050625139,-0.00011605303285649841
55e7f51d5ee9166de03e58c8ed091ccc11e7a00f74f08f85720bc9f270491720,eval_mean_heading_error_deg,0.061735197853962136,0.06175997115056722,2.477329660508648e-05
55e7f51d5ee9166de03e58c8ed091ccc11e7a00f74f08f85720bc9f270491720,eval_mean_position_error_m,0.017338833038704614,0.017216248784021292,-0.00012258425468332154
715b88fde81d3f3c81049a7be5aed78ad1e8d3b52589d173cf1a8330d5ab4d23,eval_mean_heading_error_deg,0.07722939462482742,0.07721879161670314,-1.0603008124276947e-05
715b88fde81d3f3c81049a7be5aed78ad1e8d3b52589d173cf1a8330d5ab4d23,eval_mean_position_error_m,0.01569950987109985,0.015581353465223938,-0.00011815640587591048
bdd22b186773b1a5e3bbcf9937d703b5b76cf7b1c07a03c96192f7d80025b938,eval_mean_heading_error_deg,0.08704371981798449,0.08704059095964477,-3.1288583397237613e-06
bdd22b186773b1a5e3bbcf9937d703b5b76cf7b1c07a03c96192f7d80025b938,eval_mean_position_error_m,0.015420183108162653,0.015305306365340082,-0.00011487674282257068
bfc5a34df8d755328993ec95c09953fe3854bcb79520d83f251bb9b6a3678d0a,eval_mean_heading_error_deg,0.05760659732892062,0.05766746877173502,6.087144281440027e-05
bfc5a34df8d755328993ec95c09953fe3854bcb79520d83f251bb9b6a3678d0a,eval_mean_position_error_m,0.0150030404728642,0.014419484106194098,-0.0005835563666701012
94c6d78d0818d18d4c78aec825fce9f6de130eb8cfab8c1032c9794f454e98f8,eval_mean_heading_error_deg,0.06940845513434526,0.06944239329467594,3.393816033067654e-05
94c6d78d0818d18d4c78aec825fce9f6de130eb8cfab8c1032c9794f454e98f8,eval_mean_position_error_m,0.015204129917201301,0.015087549336762665,-0.0001165805804386362
702ec18b752b570e75d679009aab940dc904b394eea1012de70e13d810d2190d,eval_mean_heading_error_deg,0.08930331642894862,0.08939433999954122,9.102357059259658e-05
702ec18b752b570e75d679009aab940dc904b394eea1012de70e13d810d2190d,eval_mean_position_error_m,0.014766655201783278,0.014130058592262424,-0.0006365966095208536
c9d73525ad89ff7b08b43a292ae95486f09154d10a99fb5b79ba8d2d53eed435,eval_mean_heading_error_deg,0.07058319475484864,0.07062670618803799,4.3511433189341586e-05
c9d73525ad89ff7b08b43a292ae95486f09154d10a99fb5b79ba8d2d53eed435,eval_mean_position_error_m,0.01454724243569871,0.014196756302571735,-0.00035048613312697527
5372df3b72bc12721acaf6cb405557100146f0375baa7e7a9039d4e6d23c660b,eval_mean_heading_error_deg,0.06443163023597935,0.06452529847919795,9.366824321860312e-05
5372df3b72bc12721acaf6cb405557100146f0375baa7e7a9039d4e6d23c660b,eval_mean_position_error_m,0.01547523303158966,0.014850723990409832,-0.0006245090411798274
7bd676855abf22599889ceb6a4debc19183dc2365dbb388f53135ad47c572bf8,eval_mean_heading_error_deg,0.08068713683280458,0.08071729846744188,3.0161634637301815e-05
7bd676855abf22599889ceb6a4debc19183dc2365dbb388f53135ad47c572bf8,eval_mean_position_error_m,0.015530445543246113,0.015411025574006275,-0.00011941996923983851
42e882fe312d8c1382f5f0beb2807c79637a2dcf27524cdee48d5682d3121023,eval_mean_heading_error_deg,0.08232202991050444,0.08235722487415796,3.519496365352037e-05
42e882fe312d8c1382f5f0beb2807c79637a2dcf27524cdee48d5682d3121023,eval_mean_position_error_m,0.016201246864882567,0.0160809224420656,-0.00012032442281696698
12bd508f0663fa9a5c5d76ea7c953360901c175214ca6e24eb59132c52882b77,eval_mean_heading_error_deg,0.08119675511794623,0.08122139931026164,2.4644192315403934e-05
12bd508f0663fa9a5c5d76ea7c953360901c175214ca6e24eb59132c52882b77,eval_mean_position_error_m,0.015328901989975698,0.015210662311907689,-0.00011823967806800888
9c677559474bfce7222a8d6bbb9ff7cec292a2f176371c3e2e9b8ee236b44549,eval_mean_heading_error_deg,0.09175656779624518,0.09178413080128565,2.7563005040476263e-05
9c677559474bfce7222a8d6bbb9ff7cec292a2f176371c3e2e9b8ee236b44549,eval_mean_position_error_m,0.0149208360353789,0.014805751982345244,-0.00011508405303365526
b7f4f09fd45357429f26d367fd44f72746466e94a55ed11624441011dc037a4d,eval_mean_heading_error_deg,0.08163949982947272,0.08167110360055842,3.160377108570034e-05
b7f4f09fd45357429f26d367fd44f72746466e94a55ed11624441011dc037a4d,eval_mean_position_error_m,0.012786017936054966,0.012429533274806196,-0.00035648466124876994
b54d4a5b76985099b115ab642664967053bc1bdf8afd5b5c3ef42ba302c6edc2,eval_mean_heading_error_deg,0.08073916348922679,0.08080715030211832,6.798681289153785e-05
b54d4a5b76985099b115ab642664967053bc1bdf8afd5b5c3ef42ba302c6edc2,eval_mean_position_error_m,0.016249969685407782,0.015898723931564808,-0.0003512457538429742
f528abc8be38314751de06825813a342ac982ff7f8f2268d026856bdd784cfea,eval_mean_heading_error_deg,0.8124108061092163,0.8141602609332266,0.0017494548240102326
f528abc8be38314751de06825813a342ac982ff7f8f2268d026856bdd784cfea,eval_mean_position_error_m,0.0041737662390718515,0.004169654880019418,-4.111359052433837e-06
862aa294e7c244d82399b8fd9cfd34e404d23473ef25f55e72f1c050ad8ddb9f,eval_mean_heading_error_deg,0.8851224336111491,0.886433638313648,0.0013112047024989026
862aa294e7c244d82399b8fd9cfd34e404d23473ef25f55e72f1c050ad8ddb9f,eval_mean_position_error_m,0.0036571774786750464,0.0036640799155768624,6.9024369018159774e-06
08e26e51f06f9eddc6b956e5c2d829747d1c527f851eff5c2bf3ab2ce742d8ec,eval_mean_heading_error_deg,0.7400195439201641,0.7413791117653605,0.0013595678451964188
08e26e51f06f9eddc6b956e5c2d829747d1c527f851eff5c2bf3ab2ce742d8ec,eval_mean_position_error_m,0.004047686830859541,0.004055312673998605,7.6258431390644615e-06
11bcaf3158a146dff4c93cfb0473f6cf55205fc1fd82aed17e3b235f9ca4bcd8,eval_mean_heading_error_deg,0.7831106653151358,0.7846977328640249,0.0015870675488890429
11bcaf3158a146dff4c93cfb0473f6cf55205fc1fd82aed17e3b235f9ca4bcd8,eval_mean_position_error_m,0.003401734253939265,0.003404224040744876,2.4897868056111654e-06
af55a31ec509d4121fbd322f42019209d3501a394af19945636e76cbd6bb089e,eval_mean_heading_error_deg,0.7417384427760417,0.7432448763903777,0.0015064336143360002
af55a31ec509d4121fbd322f42019209d3501a394af19945636e76cbd6bb089e,eval_mean_position_error_m,0.003503562975911483,0.003511154793675073,7.591817763589852e-06
a77bbc711f6bd8c6d4acdbb15aa89d82291349afc7da168d24b1bb2850dd699d,eval_mean_heading_error_deg,0.7414528431343718,0.7429807790987195,0.0015279359643477486
a77bbc711f6bd8c6d4acdbb15aa89d82291349afc7da168d24b1bb2850dd699d,eval_mean_position_error_m,0.00414573304770594,0.004146893435635925,1.16038792998506e-06
772e47acc740df9989b02452c590656404079e4881d2ecd1317372dfca3df877,eval_mean_heading_error_deg,0.6655711512401405,0.6669925510389028,0.001421399798762213
772e47acc740df9989b02452c590656404079e4881d2ecd1317372dfca3df877,eval_mean_position_error_m,0.00402780108201899,0.00402946296408924,1.661882070250198e-06
71bab8e177ec6e244d15ab33f9b6bf540578416ace6b837f5f080f9fed96175a,eval_mean_heading_error_deg,0.5889838862650473,0.5900103097086894,0.0010264234436421216
71bab8e177ec6e244d15ab33f9b6bf540578416ace6b837f5f080f9fed96175a,eval_mean_position_error_m,0.004605385396758171,0.004614967376431156,9.58197967298579e-06
dfeb24a1c570876e30c065c81f5294f6fdccf3d0cd0740f60b8b379ef0977d63,eval_mean_heading_error_deg,0.6763046108751457,0.6776742415181837,0.0013696306430379668
dfeb24a1c570876e30c065c81f5294f6fdccf3d0cd0740f60b8b379ef0977d63,eval_mean_position_error_m,0.003626068804984487,0.0036313298796197863,5.261074635299137e-06
c21980b064dfbe2ca5d667cb456355db67323723938f7059e23f9d063c7fb42f,eval_mean_heading_error_deg,0.5981156097341797,0.5991990654382449,0.001083455704065206
c21980b064dfbe2ca5d667cb456355db67323723938f7059e23f9d063c7fb42f,eval_mean_position_error_m,0.0034949482340350044,0.003496688474240017,1.7402402050126393e-06
59aeb603ee5bedef0fb7eb536d9abb7b65c3b8f4cd0163b6d05cb3981185dd44,eval_mean_heading_error_deg,0.6587225727393178,0.660043697463084,0.0013211247237662205
59aeb603ee5bedef0fb7eb536d9abb7b65c3b8f4cd0163b6d05cb3981185dd44,eval_mean_position_error_m,0.004290235139761285,0.004296704818805471,6.4696790441857305e-06
e23647bb54807176692ce2dacca8fdcb4a103978ee9535c0e6258b46bec268b7,eval_mean_heading_error_deg,0.6868825636618738,0.6880375034532537,0.0011549397913798165
e23647bb54807176692ce2dacca8fdcb4a103978ee9535c0e6258b46bec268b7,eval_mean_position_error_m,0.0034200094565383417,0.0034265533149848058,6.543858446464001e-06
d6176e6eacc293462689ec208d01539a40f231648c77eee4577425dcb649a874,eval_mean_heading_error_deg,0.6603355085049556,0.6614456412164936,0.0011101327115380366
d6176e6eacc293462689ec208d01539a40f231648c77eee4577425dcb649a874,eval_mean_position_error_m,0.002671893203040357,0.0026727754783770524,8.822753366955101e-07
0572a8d8cc1ef852d8e77075f5aad17c42f3cfb5525d30e81c751d09c1d41c44,eval_mean_heading_error_deg,0.7160872726288945,0.7175838960506797,0.001496623421785248
0572a8d8cc1ef852d8e77075f5aad17c42f3cfb5525d30e81c751d09c1d41c44,eval_mean_position_error_m,0.005246955036754887,0.005254296552916739,7.3415161618520935e-06
c8ec0a8669aa03835785c288b32e94c8e6e8e315f1fd5fab9998510dbd07221e,eval_mean_heading_error_deg,0.6899171462304063,0.6913853267887045,0.0014681805582981156
c8ec0a8669aa03835785c288b32e94c8e6e8e315f1fd5fab9998510dbd07221e,eval_mean_position_error_m,0.0046582539439416525,0.004662853352887899,4.599408946246754e-06
bbf61861591d41d8e2408cf5620e99bd1ab2c97ec71874e065ced30f1bfa671a,eval_mean_heading_error_deg,0.7239413397243332,0.7254635779868809,0.0015222382625477149
bbf61861591d41d8e2408cf5620e99bd1ab2c97ec71874e065ced30f1bfa671a,eval_mean_position_error_m,0.005244942901463669,0.005254825382071366,9.882480607696989e-06
328805375dd9dd69db0b9f2dc26599e9a649aa15854686d1fc69e4178d9d199c,eval_mean_heading_error_deg,0.7865280713509027,0.7882295931571448,0.0017015218062420567
328805375dd9dd69db0b9f2dc26599e9a649aa15854686d1fc69e4178d9d199c,eval_mean_position_error_m,0.00383731833789654,0.0038440577148239003,6.739376927360381e-06
31e34c64b0c4e0e4dfaa560490ee86e751affca451634f9533918e2480e62e8e,eval_mean_heading_error_deg,0.7186571116531119,0.7200539289517194,0.0013968172986075222
31e34c64b0c4e0e4dfaa560490ee86e751affca451634f9533918e2480e62e8e,eval_mean_position_error_m,0.003938893197793065,0.0039436428620255376,4.749664232472917e-06
2f9c32bf92305fbdbd0ad17259c88e36c37fca4420f865b01c22d1f5d7f85a08,eval_mean_heading_error_deg,0.6634818653251552,0.6646310369037074,0.0011491715785522105
2f9c32bf92305fbdbd0ad17259c88e36c37fca4420f865b01c22d1f5d7f85a08,eval_mean_position_error_m,0.004251450858940612,0.0042587992906851875,7.348431744575758e-06
df4d7b2c27d6d1b3ae550e956d475d1570ce4a91224f14b60aea9998e8e15419,eval_mean_heading_error_deg,0.6409932913134678,0.6422113442208041,0.0012180529073362312
df4d7b2c27d6d1b3ae550e956d475d1570ce4a91224f14b60aea9998e8e15419,eval_mean_position_error_m,0.004530345209151835,0.004537782283253302,7.437074101467045e-06
06b2a5dda6306bc17e656071baf38b1b972319858fa5cf9bccbd915e8ab83555,eval_mean_heading_error_deg,0.8124108061092163,0.8141602609332266,0.0017494548240102326
06b2a5dda6306bc17e656071baf38b1b972319858fa5cf9bccbd915e8ab83555,eval_mean_position_error_m,0.0041737662390718515,0.004169654880019418,-4.111359052433837e-06
12952d47cbac1cc8d5fa2cbd4260315b6325cc224cb2461c9e6ea9370e349224,eval_mean_heading_error_deg,0.8851224336111491,0.886433638313648,0.0013112047024989026
12952d47cbac1cc8d5fa2cbd4260315b6325cc224cb2461c9e6ea9370e349224,eval_mean_position_error_m,0.0036571774786750464,0.0036640799155768624,6.9024369018159774e-06
ab72c136bfa0f16fcae881034a0a7e6b630bbb4c4f78bf502adf7ad0ec3f28b2,eval_mean_heading_error_deg,0.7400195439201641,0.7413791117653605,0.0013595678451964188
ab72c136bfa0f16fcae881034a0a7e6b630bbb4c4f78bf502adf7ad0ec3f28b2,eval_mean_position_error_m,0.004047686830859541,0.004055312673998605,7.6258431390644615e-06
fb86e9376305d5c4fd5602921bfea12236c351a2866e681221b2feae899bd73d,eval_mean_heading_error_deg,0.7831106653151358,0.7846977328640249,0.0015870675488890429
fb86e9376305d5c4fd5602921bfea12236c351a2866e681221b2feae899bd73d,eval_mean_position_error_m,0.003401734253939265,0.003404224040744876,2.4897868056111654e-06
dd37ca7b028660e625169f42163c8bd600e75e82667c9164971809049103f3d9,eval_mean_heading_error_deg,0.7417384427760417,0.7432448763903777,0.0015064336143360002
dd37ca7b028660e625169f42163c8bd600e75e82667c9164971809049103f3d9,eval_mean_position_error_m,0.003503562975911483,0.003511154793675073,7.591817763589852e-06
d835be260c169ea116ad3b53901248dd56dce4da8d03a03146d71bcfcc359b09,eval_mean_heading_error_deg,0.7414528431343718,0.7429807790987195,0.0015279359643477486
d835be260c169ea116ad3b53901248dd56dce4da8d03a03146d71bcfcc359b09,eval_mean_position_error_m,0.00414573304770594,0.004146893435635925,1.16038792998506e-06
55af8018a01432af054eb9239817e0138b91734efdb84dd2e2a537e4eeb5a7ad,eval_mean_heading_error_deg,0.6655711512401405,0.6669925510389028,0.001421399798762213
55af8018a01432af054eb9239817e0138b91734efdb84dd2e2a537e4eeb5a7ad,eval_mean_position_error_m,0.00402780108201899,0.00402946296408924,1.661882070250198e-06
c94e3fff838037ce8b1dd8816811251cb4fdf2951db9f1a77c17044bc9df5393,eval_mean_heading_error_deg,0.5889838862650473,0.5900103097086894,0.0010264234436421216
c94e3fff838037ce8b1dd8816811251cb4fdf2951db9f1a77c17044bc9df5393,eval_mean_position_error_m,0.004605385396758171,0.004614967376431156,9.58197967298579e-06
4c41bcdcaeabc2a085f278cacd8605068eadd7e51ecbc37853901f221d1ded26,eval_mean_heading_error_deg,0.6763046108751457,0.6776742415181837,0.0013696306430379668
4c41bcdcaeabc2a085f278cacd8605068eadd7e51ecbc37853901f221d1ded26,eval_mean_position_error_m,0.003626068804984487,0.0036313298796197863,5.261074635299137e-06
d0455e39bf042af4468e66bc80613bd74fa4372f772069443610e254123801a9,eval_mean_heading_error_deg,0.5981156097341797,0.5991990654382449,0.001083455704065206
d0455e39bf042af4468e66bc80613bd74fa4372f772069443610e254123801a9,eval_mean_position_error_m,0.0034949482340350044,0.003496688474240017,1.7402402050126393e-06
8563773b6696c59000ee3d17b588e8813c1b8fe6960a661ba692d21795efd132,eval_mean_heading_error_deg,0.6587225727393178,0.660043697463084,0.0013211247237662205
8563773b6696c59000ee3d17b588e8813c1b8fe6960a661ba692d21795efd132,eval_mean_position_error_m,0.004290235139761285,0.004296704818805471,6.4696790441857305e-06
2669e2d27283f9bf743c92bea4e688e91a9e818f779125774cae493c561df427,eval_mean_heading_error_deg,0.6868825636618738,0.6880375034532537,0.0011549397913798165
2669e2d27283f9bf743c92bea4e688e91a9e818f779125774cae493c561df427,eval_mean_position_error_m,0.0034200094565383417,0.0034265533149848058,6.543858446464001e-06
71a2b9f68be2cd6239be14d9b6d303752ca247ec7f027de4ef103cc00670ee65,eval_mean_heading_error_deg,0.6603355085049556,0.6614456412164936,0.0011101327115380366
71a2b9f68be2cd6239be14d9b6d303752ca247ec7f027de4ef103cc00670ee65,eval_mean_position_error_m,0.002671893203040357,0.0026727754783770524,8.822753366955101e-07
22fefaaa65f8f396f6b0123b568da7e8ee58780bda4aaf9e078cccbca23aa367,eval_mean_heading_error_deg,0.7160872726288945,0.7175838960506797,0.001496623421785248
22fefaaa65f8f396f6b0123b568da7e8ee58780bda4aaf9e078cccbca23aa367,eval_mean_position_error_m,0.005246955036754887,0.005254296552916739,7.3415161618520935e-06
ddd6354c3635ca71d1bd2c5b20cbce0d703350e2da40c8b0cfeb4ede76a2d8f3,eval_mean_heading_error_deg,0.6899171462304063,0.6913853267887045,0.0014681805582981156
ddd6354c3635ca71d1bd2c5b20cbce0d703350e2da40c8b0cfeb4ede76a2d8f3,eval_mean_position_error_m,0.0046582539439416525,0.004662853352887899,4.599408946246754e-06
f93638319275e8385e6e066b043237e43d3f537824a7b5cbe186c58fa09afe49,eval_mean_heading_error_deg,0.7239413397243332,0.7254635779868809,0.0015222382625477149
f93638319275e8385e6e066b043237e43d3f537824a7b5cbe186c58fa09afe49,eval_mean_position_error_m,0.005244942901463669,0.005254825382071366,9.882480607696989e-06
2d498d6ae22dca9fd936dc48920c2bc10ebb674184b9ee97326f6592929b7db4,eval_mean_heading_error_deg,0.7865280713509027,0.7882295931571448,0.0017015218062420567
2d498d6ae22dca9fd936dc48920c2bc10ebb674184b9ee97326f6592929b7db4,eval_mean_position_error_m,0.00383731833789654,0.0038440577148239003,6.739376927360381e-06
67f21b418681549998c34da399a2f29109385bdb66d1bd4658bd74fa4b315dd6,eval_mean_heading_error_deg,0.7186571116531119,0.7200539289517194,0.0013968172986075222
67f21b418681549998c34da399a2f29109385bdb66d1bd4658bd74fa4b315dd6,eval_mean_position_error_m,0.003938893197793065,0.0039436428620255376,4.749664232472917e-06
6d863b7d8303cf9926f8cd415c5518cc7ed5c200dd079240cee5622fd6aaeae7,eval_mean_heading_error_deg,0.6634818653251552,0.6646310369037074,0.0011491715785522105
6d863b7d8303cf9926f8cd415c5518cc7ed5c200dd079240cee5622fd6aaeae7,eval_mean_position_error_m,0.004251450858940612,0.0042587992906851875,7.348431744575758e-06
fec695c6480fe65ac77351e7331d32e2d6b7843258c2ca4a9ba935f0c4fcb5b5,eval_mean_heading_error_deg,0.6409932913134678,0.6422113442208041,0.0012180529073362312
fec695c6480fe65ac77351e7331d32e2d6b7843258c2ca4a9ba935f0c4fcb5b5,eval_mean_position_error_m,0.004530345209151835,0.004537782283253302,7.437074101467045e-06
08fc6df7ad779eb252af01b2fad8bfc5c03c54d639675480620b3e920db5bbef,eval_mean_heading_error_deg,0.33586457563891536,0.3360640194049899,0.0001994437660745585
08fc6df7ad779eb252af01b2fad8bfc5c03c54d639675480620b3e920db5bbef,eval_mean_position_error_m,0.0020854895486466644,0.002086498526050193,1.0089774035285971e-06
09b98a72cac40179462e740a2e933625ff964912e2ff3344e5ef570b23bd794d,eval_mean_heading_error_deg,0.3619243850016683,0.3621359873166788,0.0002116023150104951
09b98a72cac40179462e740a2e933625ff964912e2ff3344e5ef570b23bd794d,eval_mean_position_error_m,0.0015201295207138519,0.0015200750959179267,-5.442479592519811e-08
dc4eabc4da6b9f9b48f005f18eb1affafe0cdfc2448cadd5d12b0fb19ea0ea39,eval_mean_heading_error_deg,0.3493579909208028,0.34953844633969444,0.00018045541889166739
dc4eabc4da6b9f9b48f005f18eb1affafe0cdfc2448cadd5d12b0fb19ea0ea39,eval_mean_position_error_m,0.0016991774947887998,0.0016997943548323008,6.168600435009844e-07
0cd9c46378bc2f3d935b9073bf438a161d1c58ea60564b73b2cf9c87a82d4abe,eval_mean_heading_error_deg,0.40643572716572873,0.4066528321726734,0.00021710500694466228
0cd9c46378bc2f3d935b9073bf438a161d1c58ea60564b73b2cf9c87a82d4abe,eval_mean_position_error_m,0.0020884941991981486,0.0020895365105539376,1.042311355788951e-06
ca1a63d480e64d6b6985bfdff88c9e07006f3e14cb9959944a17a42315df27a0,eval_mean_heading_error_deg,0.40847770797284394,0.408708081204666,0.00023037323182206748
ca1a63d480e64d6b6985bfdff88c9e07006f3e14cb9959944a17a42315df27a0,eval_mean_position_error_m,0.001960927454818577,0.001961773961710744,8.465068921672224e-07
cb80d7436deae6edfbe0f4b51ebbbbdd59b5c8928d566cc9ae2e18da8c617260,eval_mean_heading_error_deg,0.35488077747212987,0.355073236136944,0.00019245866481415463
cb80d7436deae6edfbe0f4b51ebbbbdd59b5c8928d566cc9ae2e18da8c617260,eval_mean_position_error_m,0.0017309205226631603,0.0017317728586690553,8.523360058949533e-07
0a9d3641d27b203ddf8e8e37b0abc3eeaa8e960e43b61e0f0e8f89e04f8f261a,eval_mean_heading_error_deg,0.3475196345641072,0.3477400271301842,0.00022039256607697677
0a9d3641d27b203ddf8e8e37b0abc3eeaa8e960e43b61e0f0e8f89e04f8f261a,eval_mean_position_error_m,0.002525748915534997,0.002526802602131946,1.0536865969489918e-06
f766c5a88fb9d9bf64649437caa948d252f499d4cffa481e6a2e62a281a299fe,eval_mean_heading_error_deg,0.38843444928968085,0.3886263874226643,0.00019193813298346019
f766c5a88fb9d9bf64649437caa948d252f499d4cffa481e6a2e62a281a299fe,eval_mean_position_error_m,0.002385830395223198,0.0023867511332478723,9.207380246741004e-07
8d04d58ab804487c404d9dc3a60a2b78c0d53885ebf26ebd3730209058ba23d2,eval_mean_heading_error_deg,0.43556414573843744,0.4357928374529501,0.00022869171451267434
8d04d58ab804487c404d9dc3a60a2b78c0d53885ebf26ebd3730209058ba23d2,eval_mean_position_error_m,0.0014468465286392243,0.0014473970815419878,5.5055290276349e-07
1dacda1b403e00387814aa5dfee604870fba172e9b39f127fc01220a77b5070e,eval_mean_heading_error_deg,0.39533295552817943,0.395546359698553,0.00021340417037357673
1dacda1b403e00387814aa5dfee604870fba172e9b39f127fc01220a77b5070e,eval_mean_position_error_m,0.002324480103616664,0.0023258082581692993,1.3281545526351059e-06
412d97b3a46e6e1a7635b0c0be2779708d02d510b4766e223def985375bacea5,eval_mean_heading_error_deg,0.3533484934536943,0.3535243240608895,0.00017583060719522647
412d97b3a46e6e1a7635b0c0be2779708d02d510b4766e223def985375bacea5,eval_mean_position_error_m,0.0021445072230145113,0.002145119937750717,6.127147362056454e-07
417e645fe97161b3d85573796bb03c61b6dc18fde04a9c038c985ad1fd93f465,eval_mean_heading_error_deg,0.38629319499547154,0.3865324084737787,0.00023921347830713202
417e645fe97161b3d85573796bb03c61b6dc18fde04a9c038c985ad1fd93f465,eval_mean_position_error_m,0.0016150755209450407,0.0016153132532418842,2.3773229684354372e-07
bfeecb1dcbabf4782e81bd4575bd704e920ce8433259c180135080549d556f0d,eval_mean_heading_error_deg,0.4235787860355634,0.42381050766489414,0.00023172162933071672
bfeecb1dcbabf4782e81bd4575bd704e920ce8433259c180135080549d556f0d,eval_mean_position_error_m,0.0016784071210930649,0.001679336931035275,9.298099422100792e-07
0afeca2ee728bfef2381b9b7fecce8a4dda597e716056418901de01061e302f0,eval_mean_heading_error_deg,0.4358460013665248,0.43610704951784535,0.00026104815132055315
0afeca2ee728bfef2381b9b7fecce8a4dda597e716056418901de01061e302f0,eval_mean_position_error_m,0.002380237799234273,0.002380189186142602,-4.8613091670635794e-08
d6e54b82657ee561382972bd5a53463720b7fe90963aaa1eb5ca8a4c6befd762,eval_mean_heading_error_deg,0.3923583007120852,0.3925559762125351,0.0001976755004498565
d6e54b82657ee561382972bd5a53463720b7fe90963aaa1eb5ca8a4c6befd762,eval_mean_position_error_m,0.0017969952166481272,0.0017978169432591993,8.217266110721166e-07
5c9d9e742c4dfcfbd7870b406988dbbf7a5d04dd7096803cf81e55a231354b12,eval_mean_heading_error_deg,0.415862901690277,0.4161234803888395,0.00026057869856249694
5c9d9e742c4dfcfbd7870b406988dbbf7a5d04dd7096803cf81e55a231354b12,eval_mean_position_error_m,0.0016103293091117939,0.0016112473687177207,9.180596059268908e-07
ed3ff275273fd26ccf125b4110842b266cb9d3f5546932d4d0541dd6c34aa615,eval_mean_heading_error_deg,0.33552176088125074,0.33569431351303397,0.00017255263178322933
ed3ff275273fd26ccf125b4110842b266cb9d3f5546932d4d0541dd6c34aa615,eval_mean_position_error_m,0.0018030305514925174,0.0018040679018536778,1.0373503611603961e-06
7d8e241c8fb061b4d57309bf6ec818cdc4fa2b8d7aa47a4f50b7405df004e943,eval_mean_heading_error_deg,0.43508036556340035,0.43532598666666417,0.0002456211032638156
7d8e241c8fb061b4d57309bf6ec818cdc4fa2b8d7aa47a4f50b7405df004e943,eval_mean_position_error_m,0.0020150800056918015,0.002015927560781191,8.475550893893846e-07
719decfa14a605a7b66a2cbebc06be11bd21bf0fdc3aca726a81048aa64d668f,eval_mean_heading_error_deg,0.3920758284810117,0.392277742868486,0.00020191438747430013
719decfa14a605a7b66a2cbebc06be11bd21bf0fdc3aca726a81048aa64d668f,eval_mean_position_error_m,0.0017677993590655464,0.0017679935199741033,1.941609085568969e-07
c9eb78e8b08f7242804d7b842d819576839acd1a39425b77582ca248d6c6f662,eval_mean_heading_error_deg,0.3313752676579442,0.33151122519174286,0.0001359575337986918
c9eb78e8b08f7242804d7b842d819576839acd1a39425b77582ca248d6c6f662,eval_mean_position_error_m,0.0016490085155256558,0.0016487698020788938,-2.3871344676201604e-07
4df07216d974a6b3df22f4e34b04552dddfa43d802aaefbb05d75800c2728491,eval_mean_heading_error_deg,3.417303953895552,3.4247177152065085,0.0074137613109566125
4df07216d974a6b3df22f4e34b04552dddfa43d802aaefbb05d75800c2728491,eval_mean_position_error_m,0.004202327067773218,0.00419827219926543,-4.05486850778812e-06
cba978dedd0db660ae0618f03371db977435be20f10ed03571cd113f4d062344,eval_mean_heading_error_deg,3.097207197320207,3.1033286993684794,0.0061215020482725535
cba978dedd0db660ae0618f03371db977435be20f10ed03571cd113f4d062344,eval_mean_position_error_m,0.0037084655724432584,0.0037154845293629747,7.018956919716338e-06
ac8036830fca0f99c3c4c9cb97eeaf78deee4e63d81479588c3943dbc4570204,eval_mean_heading_error_deg,3.2473528033650605,3.2541649466672853,0.0068121433022247935
ac8036830fca0f99c3c4c9cb97eeaf78deee4e63d81479588c3943dbc4570204,eval_mean_position_error_m,0.004505403742612411,0.004513968155368413,8.564412756002088e-06
d79cad65bcbedd37bf65fcc1f98331854c1aab3baaee8a33ece85404684f3ec9,eval_mean_heading_error_deg,3.0645467108016575,3.071091929151936,0.006545218350278326
d79cad65bcbedd37bf65fcc1f98331854c1aab3baaee8a33ece85404684f3ec9,eval_mean_position_error_m,0.003719943361371167,0.0037231193211515246,3.175959780357847e-06
18e90b318adfdab601e5aadb80bf90800ef47d60f0ebaf085bf9e0d9c9aab1de,eval_mean_heading_error_deg,3.163639735071996,3.1703898012005247,0.006750066128528687
18e90b318adfdab601e5aadb80bf90800ef47d60f0ebaf085bf9e0d9c9aab1de,eval_mean_position_error_m,0.0037973209608096886,0.0038052458848297052,7.924924020016617e-06
b62ed95e892a4cea776aa46f5b1e20cca081eaaae40a06d448310baf1be89f59,eval_mean_heading_error_deg,3.6457922981869784,3.6536355282980177,0.007843230111039379
b62ed95e892a4cea776aa46f5b1e20cca081eaaae40a06d448310baf1be89f59,eval_mean_position_error_m,0.004856398356253221,0.004859097922739553,2.6995664863319058e-06
6a1cd99713dae680e1ee19de28afc83a4a68458efb057233a45848511767cffc,eval_mean_heading_error_deg,3.056993043817669,3.063614585615506,0.006621541797837249
6a1cd99713dae680e1ee19de28afc83a4a68458efb057233a45848511767cffc,eval_mean_position_error_m,0.004967457196953537,0.004971156604924232,3.6994079706956576e-06
265ca007fdfbda0be781a31cff231a27c19b01458d38aaeb70bea890f9509ff9,eval_mean_heading_error_deg,3.341730303748575,3.3487395637069612,0.007009259958386416
265ca007fdfbda0be781a31cff231a27c19b01458d38aaeb70bea890f9509ff9,eval_mean_position_error_m,0.0048957534913549395,0.004905961983386774,1.0208492031834812e-05
c0a9d907116c3f7269cb65fd443d45a9fd586c923bc963ccd2672ed780b9d65f,eval_mean_heading_error_deg,3.384439282109019,3.3916972953917996,0.007258013282780862
c0a9d907116c3f7269cb65fd443d45a9fd586c923bc963ccd2672ed780b9d65f,eval_mean_position_error_m,0.004578499586145994,0.004585825586143348,7.325999997353887e-06
194a4c6f7034fd5c73fd9538466487443d42cc554b1da1417edca75c0bbd63ce,eval_mean_heading_error_deg,3.355013999305375,3.362092257841552,0.007078258536177273
194a4c6f7034fd5c73fd9538466487443d42cc554b1da1417edca75c0bbd63ce,eval_mean_position_error_m,0.0037273210042680256,0.0037295615007224593,2.2404964544336936e-06
dd6cc08fa114c6cbfab204cd93678cf3cd848d68eaea2adcd757ea86f445484d,eval_mean_heading_error_deg,3.310290977549218,3.3173749716929373,0.0070839941437190745
dd6cc08fa114c6cbfab204cd93678cf3cd848d68eaea2adcd757ea86f445484d,eval_mean_position_error_m,0.004291191862185279,0.0042976578304071405,6.46596822186183e-06
f32b784154b79cb2f332921fb43cbee34fa24f77d79bbb3c4038957b8f4cb562,eval_mean_heading_error_deg,3.3577825096817153,3.3647426109290564,0.006960101247341033
f32b784154b79cb2f332921fb43cbee34fa24f77d79bbb3c4038957b8f4cb562,eval_mean_position_error_m,0.004157521753783558,0.004165673549009622,8.15179522606433e-06
b860bd8476c37885097f08135cd064e757e89d6e64c518fcb10eeaef157d2a83,eval_mean_heading_error_deg,3.1851995873786425,3.1917940815365324,0.00659449415788993
b860bd8476c37885097f08135cd064e757e89d6e64c518fcb10eeaef157d2a83,eval_mean_position_error_m,0.004144041735837057,0.004148194643854562,4.152908017504391e-06
80ad1aa1bb4ca1c4538cdc83cc50c4742006c38dae3ea8111d5b802e2a2a37cb,eval_mean_heading_error_deg,3.4542561074024274,3.4617037783513984,0.00744767094897103
80ad1aa1bb4ca1c4538cdc83cc50c4742006c38dae3ea8111d5b802e2a2a37cb,eval_mean_position_error_m,0.0053021295552331885,0.005309585715806364,7.4561605731757186e-06
58847e4d74ae4c264d6cbe69050fb58de4cd42292c25b66a8d9954f83fb0cb1a,eval_mean_heading_error_deg,2.9066007210935574,2.912886370712265,0.0062856496187078115
58847e4d74ae4c264d6cbe69050fb58de4cd42292c25b66a8d9954f83fb0cb1a,eval_mean_position_error_m,0.005113133611713839,0.0051187266858621445,5.5930741483054686e-06
175ea1e19442f7b837dcec4da30588538c061a6bffabcbf1a1d9fc0714a5efbd,eval_mean_heading_error_deg,3.8065213312475605,3.814743780483121,0.008222449235560259
175ea1e19442f7b837dcec4da30588538c061a6bffabcbf1a1d9fc0714a5efbd,eval_mean_position_error_m,0.005448933748710326,0.005459255309441678,1.0321560731351744e-05
60c53ebc1ad54d0e0d8b7a55acace5f242f2bff516a7f6414e4ca649f1306015,eval_mean_heading_error_deg,3.3661398790757624,3.373447983941145,0.007308104865382692
60c53ebc1ad54d0e0d8b7a55acace5f242f2bff516a7f6414e4ca649f1306015,eval_mean_position_error_m,0.004544221004154799,0.004552489791100693,8.26878694589351e-06
860499b62494fd16f97482cedfc3d1338c72720d63bf5b1596e5fb18271f9e10,eval_mean_heading_error_deg,3.464874481092923,3.4722681301144718,0.0073936490215489314
860499b62494fd16f97482cedfc3d1338c72720d63bf5b1596e5fb18271f9e10,eval_mean_position_error_m,0.0047587687508649544,0.004765332398792478,6.563647927523494e-06
ee67de4c6550ba5738ef216e9041d9852703bba297b322346744ef9e083a5e53,eval_mean_heading_error_deg,3.529117522883534,3.5364815619800987,0.0073640390965645786
ee67de4c6550ba5738ef216e9041d9852703bba297b322346744ef9e083a5e53,eval_mean_position_error_m,0.005202802120748144,0.0052122192526732145,9.417131925070106e-06
e71a1c8d5d75d042c5792a20934ffc95d43f3935b44222e233223c0f3dd2c857,eval_mean_heading_error_deg,3.2527682928623856,3.2596653731382528,0.006897080275867218
e71a1c8d5d75d042c5792a20934ffc95d43f3935b44222e233223c0f3dd2c857,eval_mean_position_error_m,0.004645113793693625,0.004652804485127152,7.690691433527054e-06
a5e0c529c9f47b20c8a40d65e5028cccfec7bbc6f4e73943a229a29f653bfa5f,eval_mean_heading_error_deg,0.8657086922663495,0.8673700413211969,0.001661349054847383
a5e0c529c9f47b20c8a40d65e5028cccfec7bbc6f4e73943a229a29f653bfa5f,eval_mean_position_error_m,0.003869726171830604,0.003869044195476643,-6.819763539609933e-07
699199b4ada8382ef835d89a22cfc639bd87a98e7eda2d2fe096b0261cf1ba95,eval_mean_heading_error_deg,1.1672312519781705,1.169626188373742,0.002394936395571534
699199b4ada8382ef835d89a22cfc639bd87a98e7eda2d2fe096b0261cf1ba95,eval_mean_position_error_m,0.0031773867680292872,0.0031826590795717828,5.272311542495536e-06
52732e2c0c85f3541ba6992e3859fc9563780497b73622d2334ecde5403e4e85,eval_mean_heading_error_deg,0.92209360229276,0.9238736054581493,0.0017800031653892878
52732e2c0c85f3541ba6992e3859fc9563780497b73622d2334ecde5403e4e85,eval_mean_position_error_m,0.003507140276166975,0.0035099633992620926,2.8231230951177542e-06
575eee00021674cb9971fbd7d74c3cab48291f33a59ea0c107f577e4359fda64,eval_mean_heading_error_deg,0.869411612005232,0.8710115565116503,0.001599944506418316
575eee00021674cb9971fbd7d74c3cab48291f33a59ea0c107f577e4359fda64,eval_mean_position_error_m,0.003066734507997028,0.0030710343649061173,4.299856909089402e-06
d5a8d5c44ce5826a108da7e688ccbe93840d46ac850991c3098b01fbebcf7096,eval_mean_heading_error_deg,0.8408459773724745,0.8423349256444198,0.001488948271945345
d5a8d5c44ce5826a108da7e688ccbe93840d46ac850991c3098b01fbebcf7096,eval_mean_position_error_m,0.0033917049483569678,0.0033951904081680534,3.4854598110855943e-06
e62fe5eb127f2150289af0e2938c18d3eb71ab2f8999f2899f001c5e27fbfa22,eval_mean_heading_error_deg,0.8248630096236379,0.8264393242216116,0.0015763145979736937
e62fe5eb127f2150289af0e2938c18d3eb71ab2f8999f2899f001c5e27fbfa22,eval_mean_position_error_m,0.0038340407782257832,0.003838336247397473,4.29546917168986e-06
7348ba461ca330b758cc5e44ba9bb4cc0352cf7f9f128eaf8feadcf32a5d9a0d,eval_mean_heading_error_deg,0.917354211441689,0.9192470737093208,0.0018928622676317453
7348ba461ca330b758cc5e44ba9bb4cc0352cf7f9f128eaf8feadcf32a5d9a0d,eval_mean_position_error_m,0.0052612750710048775,0.005264337076905319,3.06200590044145e-06
1c76aa639b67621e8e755dcf743aea623d65f31d05e1d02f8c43e5a7d5842265,eval_mean_heading_error_deg,0.9392655555252531,0.9410569985015845,0.001791442976331381
1c76aa639b67621e8e755dcf743aea623d65f31d05e1d02f8c43e5a7d5842265,eval_mean_position_error_m,0.004696557590835034,0.0047026048838698375,6.047293034803364e-06
fd04dc0cb21e020a97e3fbbf8f557dfebddc4a4d3627ebbcdaed0aa18600d578,eval_mean_heading_error_deg,0.8649223860453737,0.8663726733818865,0.0014502873365127567
fd04dc0cb21e020a97e3fbbf8f557dfebddc4a4d3627ebbcdaed0aa18600d578,eval_mean_position_error_m,0.003564783857552364,0.0035713706179445167,6.5867603921527206e-06
9f1b098030fffe45454e634420caa2a9fa8bc5fd69825e3842a6402e266ea7fa,eval_mean_heading_error_deg,0.8189832807990476,0.8204511675796415,0.0014678867805939522
9f1b098030fffe45454e634420caa2a9fa8bc5fd69825e3842a6402e266ea7fa,eval_mean_position_error_m,0.0038692394603599754,0.0038705925969437175,1.3531365837420907e-06
ed86b4079576bf723242e5a278a4ec757652866f34efc18ee4aad497e0f29683,eval_mean_heading_error_deg,0.7074169461488042,0.7088319624856813,0.0014150163368770174
ed86b4079576bf723242e5a278a4ec757652866f34efc18ee4aad497e0f29683,eval_mean_position_error_m,0.003616427813225538,0.003619783539811207,3.3557265856692595e-06
3469c7c9c752b1e26404e4f4c5e4a37271d680536b4e69b01613faa4759090fe,eval_mean_heading_error_deg,0.9173454716715304,0.9191999497280715,0.0018544780565411534
3469c7c9c752b1e26404e4f4c5e4a37271d680536b4e69b01613faa4759090fe,eval_mean_position_error_m,0.003614309614912766,0.003616255430317853,1.945815405086926e-06
3a8376e075d4fdc41a27b888f5644935b58096b0a73024031245d368cc52f232,eval_mean_heading_error_deg,0.9307545767469987,0.9323507755369445,0.0015961987899457686
3a8376e075d4fdc41a27b888f5644935b58096b0a73024031245d368cc52f232,eval_mean_position_error_m,0.0032997185872782704,0.0033061706647941626,6.4520775158922496e-06
b4d7266921d166518396afd943694d356f32ea4c1ef1b5dd706b9e2e91181f8d,eval_mean_heading_error_deg,0.7892253106370769,0.7907007422924636,0.0014754316553866609
b4d7266921d166518396afd943694d356f32ea4c1ef1b5dd706b9e2e91181f8d,eval_mean_position_error_m,0.004479644668155118,0.004488601711306179,8.957043151061259e-06
4ac954cb91571a56ba7d4405eec5dca5086b1b9ad293920511095144ecbe99ef,eval_mean_heading_error_deg,1.016270179722519,1.01823340174974,0.00196322202722099
4ac954cb91571a56ba7d4405eec5dca5086b1b9ad293920511095144ecbe99ef,eval_mean_position_error_m,0.004876560547541903,0.004882334877583506,5.774330041603479e-06
14b254ed0824019843cace666ebfa3469b03963cabf3100ded3f6e8aef9c99fa,eval_mean_heading_error_deg,0.7722060214914328,0.773396647798222,0.001190626306789233
14b254ed0824019843cace666ebfa3469b03963cabf3100ded3f6e8aef9c99fa,eval_mean_position_error_m,0.00426168923838758,0.004260725518444523,-9.637199430562182e-07
94842952177632db42149e6309822e86318e2c744f8212120bbde3aa370e638d,eval_mean_heading_error_deg,0.9129967194539408,0.914835723467895,0.001839004013954204
94842952177632db42149e6309822e86318e2c744f8212120bbde3aa370e638d,eval_mean_position_error_m,0.004376169269419071,0.004377927644163048,1.758374743976443e-06
cf44e4ba2f37ff79366f3991b5d829062f86fc18d771e329e184b28e7d228816,eval_mean_heading_error_deg,0.9490652890706789,0.9509563319409301,0.0018910428702512139
cf44e4ba2f37ff79366f3991b5d829062f86fc18d771e329e184b28e7d228816,eval_mean_position_error_m,0.003805611328693801,0.0038114331318197824,5.8218031259815554e-06
f852b9dcd0738abf0f3e9632c3fe31875f9c59f51d2b2f01a5f7ce49db1ece05,eval_mean_heading_error_deg,0.9153733386210205,0.9172264085433023,0.001853069922281736
f852b9dcd0738abf0f3e9632c3fe31875f9c59f51d2b2f01a5f7ce49db1ece05,eval_mean_position_error_m,0.005091153522614915,0.0050975351871332935,6.3816645183784396e-06
aa83eff5a45870119db47c2e5382917919358a4c5c4cc919a0b74ed61b73981c,eval_mean_heading_error_deg,0.8418496155598234,0.8434544376457862,0.0016048220859627982
aa83eff5a45870119db47c2e5382917919358a4c5c4cc919a0b74ed61b73981c,eval_mean_position_error_m,0.004292740656847742,0.004297776580661047,5.035923813304956e-06
ff50d042b389627d9ad8b8d97c012edd71189d1d9a805ad12ff8254568b40d45,eval_mean_heading_error_deg,0.712965724879282,0.7133227480566864,0.00035702317740438083
ff50d042b389627d9ad8b8d97c012edd71189d1d9a805ad12ff8254568b40d45,eval_mean_position_error_m,0.0018375836214854222,0.0018382611824492633,6.775609638410597e-07
786659d66f5f6cb786fa845d364ff787e6552c9cb1024284d9ca9c8de8c5bd96,eval_mean_heading_error_deg,0.7833094185898289,0.7837227348835408,0.00041331629371188505
786659d66f5f6cb786fa845d364ff787e6552c9cb1024284d9ca9c8de8c5bd96,eval_mean_position_error_m,0.0014401822070517058,0.0014405544469373256,3.722398856198343e-07
1d855427d96b83b411c9e024a939a680a79c8b6d73ee6b19b6e084523a053904,eval_mean_heading_error_deg,0.7327615870873303,0.7331413171170976,0.0003797300297673223
1d855427d96b83b411c9e024a939a680a79c8b6d73ee6b19b6e084523a053904,eval_mean_position_error_m,0.0017164263928617445,0.0017171141645235617,6.877716618172106e-07
841ca03fef420333b3951d84959159838f8bfce81f9040330036959a781e3280,eval_mean_heading_error_deg,0.8249142663407567,0.8253256964874733,0.00041143014671662925
841ca03fef420333b3951d84959159838f8bfce81f9040330036959a781e3280,eval_mean_position_error_m,0.0019735287822781203,0.001974381792846915,8.530105687948493e-07
23e97029383c367a24004442a65dbc0dcdc5082488d7b90e438c6667aca02ada,eval_mean_heading_error_deg,0.8398942452969069,0.840359765147119,0.00046551985021203723
23e97029383c367a24004442a65dbc0dcdc5082488d7b90e438c6667aca02ada,eval_mean_position_error_m,0.0018641086130040656,0.0018642863405154122,1.777275113465978e-07
29b03f718298ff16a4845f07bfe48f04e5713ee2c4db7a83f61e6bac87221374,eval_mean_heading_error_deg,0.7018317399035983,0.7021907728145632,0.0003590329109649515
29b03f718298ff16a4845f07bfe48f04e5713ee2c4db7a83f61e6bac87221374,eval_mean_position_error_m,0.001700978110457168,0.0017016446588476405,6.665483904724333e-07
4c4977ef4bee68d8d1de825863b118542db6d8ccd58b9b727707f6e2aa17828c,eval_mean_heading_error_deg,0.9308504343197588,0.9313520563416418,0.0005016220218829748
4c4977ef4bee68d8d1de825863b118542db6d8ccd58b9b727707f6e2aa17828c,eval_mean_position_error_m,0.0023702286356805076,0.0023713775362438757,1.1489005633680965e-06
eca8984dea863cefeb8a4e31155028215c62fa926b14125ac2038d2bc59b0b64,eval_mean_heading_error_deg,0.8130113762214749,0.8134510950430552,0.00043971882158033715
eca8984dea863cefeb8a4e31155028215c62fa926b14125ac2038d2bc59b0b64,eval_mean_position_error_m,0.002375254156787027,0.002376094079677387,8.39922890359928e-07
6b0e85c0b63dee5a40cd38f4630aa2ae453b29c931cd66ab6cc911f89d017a11,eval_mean_heading_error_deg,0.8606098560911022,0.8610081739027471,0.0003983178116448993
6b0e85c0b63dee5a40cd38f4630aa2ae453b29c931cd66ab6cc911f89d017a11,eval_mean_position_error_m,0.001434691383391094,0.0014348486698169995,1.5728642590554127e-07
d0cc2d8d1e651ae5edb5a296ef3f07267dd29c35df169cea7aa28cf8f15034d6,eval_mean_heading_error_deg,0.7747370618048194,0.7751517431913675,0.00041468138654809916
d0cc2d8d1e651ae5edb5a296ef3f07267dd29c35df169cea7aa28cf8f15034d6,eval_mean_position_error_m,0.002246705813991235,0.0022476000696565602,8.942556653252637e-07
55a6655c12d3ca87b80107e7a4eadfccabf7f4290aac2dc927cc86de7c9f86f6,eval_mean_heading_error_deg,0.8737717346624363,0.8742099167153493,0.0004381820529130165
55a6655c12d3ca87b80107e7a4eadfccabf7f4290aac2dc927cc86de7c9f86f6,eval_mean_position_error_m,0.0019913754322190866,0.001992194586129991,8.191539109044139e-07
c7c5df9a3f76fd35fd7a824fe0ed61762998fbd42ce4f0d2061291904ef1ed0a,eval_mean_heading_error_deg,0.8058448106185407,0.8062864480352407,0.00044163741670000256
c7c5df9a3f76fd35fd7a824fe0ed61762998fbd42ce4f0d2061291904ef1ed0a,eval_mean_position_error_m,0.0015407567063638057,0.0015415666179512289,8.099115874232211e-07
5cfdfc9d9b7e953dd09fd4f5b01a3a4079f79b0b2aa693ba4440dd93b8624935,eval_mean_heading_error_deg,0.9089543361946113,0.9094038874645415,0.0004495512699301818
5cfdfc9d9b7e953dd09fd4f5b01a3a4079f79b0b2aa693ba4440dd93b8624935,eval_mean_position_error_m,0.0013583109000963143,0.0013585328597403687,2.219596440544442e-07
b56eda621fc647bd71289c5bc5d2f93383d434d3b462115054380aefd8b7f582,eval_mean_heading_error_deg,0.747547328983562,0.7479642110038403,0.00041688202027823085
b56eda621fc647bd71289c5bc5d2f93383d434d3b462115054380aefd8b7f582,eval_mean_position_error_m,0.002615370101575022,0.002615956744705369,5.866431303470573e-07
d6d86b96a07c3447b3ac7884f54093db4b59a92710ddef452cf311a8ecd8d306,eval_mean_heading_error_deg,0.8434145467046716,0.8438641254138598,0.0004495787091881587
d6d86b96a07c3447b3ac7884f54093db4b59a92710ddef452cf311a8ecd8d306,eval_mean_position_error_m,0.0018818844369460253,0.0018816051055557954,-2.7933139022987517e-07
b5569f56ca604736ad21b862e02b95fa94ab361d27c43931ba714f504e76e224,eval_mean_heading_error_deg,0.9186723294663517,0.9191641788781084,0.0004918494117567285
b5569f56ca604736ad21b862e02b95fa94ab361d27c43931ba714f504e76e224,eval_mean_position_error_m,0.0017883946977620957,0.0017887510497191733,3.56351957077599e-07
7cc76d0cd867c6d15f3f31ccb71ea1013ec985d9ee57dbfe01158edacbedd7eb,eval_mean_heading_error_deg,0.7477374127998466,0.74809905596324,0.000361643163393377
7cc76d0cd867c6d15f3f31ccb71ea1013ec985d9ee57dbfe01158edacbedd7eb,eval_mean_position_error_m,0.0014936535375791272,0.0014942513618503492,5.978242712219913e-07
5c2b4ef8a47dd656847be7e054d4c594e0d3314f859e53256562f446132d02c6,eval_mean_heading_error_deg,0.6811826584377617,0.6815245538869877,0.0003418954492260262
5c2b4ef8a47dd656847be7e054d4c594e0d3314f859e53256562f446132d02c6,eval_mean_position_error_m,0.001716603020389883,0.001717261632046197,6.586116563138747e-07
00bec0822668beda113aae747790b0626c62ec8e7396930c6dc2f66cb21304c3,eval_mean_heading_error_deg,0.7853853178400305,0.7857920563275352,0.00040673848750472086
00bec0822668beda113aae747790b0626c62ec8e7396930c6dc2f66cb21304c3,eval_mean_position_error_m,0.0018355810611050023,0.0018359114118180477,3.303507130454023e-07
a6c8e696d3423bfcf4b88a50178225033338de57a5197bf2a699e40002f64dc7,eval_mean_heading_error_deg,0.7788184902187881,0.7792665361970945,0.00044804597830638837
a6c8e696d3423bfcf4b88a50178225033338de57a5197bf2a699e40002f64dc7,eval_mean_position_error_m,0.0015620333908377298,0.0015625781264066994,5.447355689695583e-07
