test,part,scenario,method,parameter,value,seed,noise_xy_m,noise_yaw_deg,trial_id,offset_m,transition_length_m,success,timeout,steps,duration_s,first_goal_time_s,travel_time_s,mean_position_error_m,max_position_error_m,mean_heading_error_deg,max_heading_error_deg,final_position_error_m,final_heading_error_deg,velocity_violation_pct,acceleration_violation_pct,unconstrained_demand_violation_pct,mean_direction_distortion_deg,max_direction_distortion_deg,jerk_xy_rms_m_s3,jerk_yaw_rms_rad_s3,min_clearance_m,collision,max_translation_speed_m_s,max_abs_yaw_rate_rad_s,projection_steps,mean_near_obstacle_speed_m_s,max_normalized_velocity_excess,max_normalized_acceleration_excess,constraint_violation_duration_s,max_speed_cap_excess_m_s,speed_cap_excess_duration_s,evaluation_end_m,evaluation_complete,evaluation_samples,eval_max_heading_error_deg,eval_mean_heading_error_deg,eval_max_heading_lead_deg,eval_max_heading_lag_deg,eval_max_position_error_m,eval_mean_position_error_m,goal_overshoot_m,eval_max_heading_change_deg,eval_mean_direction_distortion_deg,eval_max_direction_distortion_deg,eval_projection_steps,nonintersection_steps,eval_nonintersection_steps,crossing_m,crossed,first_2pct_time_s,first_2pct_distance_m,settling_2pct_time_s,settling_2pct_distance_m,post_transition_heading_overshoot_deg,min_transition_speed_m_s,predicted_speed_m_s,min_minus_predicted_speed_m_s,transition_max_yaw_rate_rad_s,transition_samples,max_dynamic_window_excess,dynamic_window_violation_duration_s,max_vx_excess,vx_violation_duration_s,max_avx_excess,avx_violation_duration_s,max_vy_excess,vy_violation_duration_s,max_avy_excess,avy_violation_duration_s,max_w_excess,w_violation_duration_s,max_aw_excess,aw_violation_duration_s,velocity_violation_duration_s,acceleration_violation_duration_s,status,eval_sample_mean_heading_error_deg,eval_sample_mean_position_error_m,eval_duration_s,eval_position_error_integral_m_s,eval_heading_error_integral_deg_s,command_constraint_violation_pct,transition_heading_lag_deg,control_steps,demand_velocity_violation_steps,demand_acceleration_violation_steps,demand_both_violation_steps,demand_violation_steps,command_velocity_violation_steps,command_acceleration_violation_steps,command_both_violation_steps,command_violation_steps,lookahead_min_m,lookahead_max_m,lookahead_upper_active_steps,lookahead_at_upper_steps,acceleration_time_vx_s,acceleration_time_vy_s,acceleration_time_w_s,lookahead_time_s,fixed_lookahead_m,condition_id
acceleration-sweep,acceleration,offset,dwpp,acceleration_scale,0.25,0,0.0,0.0,2c4426615fcbbf3f09fd6338551f1864d48c9f6154c22b80b3a590f9c6374843,0.5,,True,False,3208,106.93333333333334,106.3,106.93333333333334,0.056045977857972856,0.5,35.73708964778513,179.58530784380397,0.008791057990045857,0.00023649628313386577,0.0,0.0,99.9064837905237,42.1187049729259,171.42925096643071,0.2983410516215709,0.6278037930796508,,False,0.22,0.6,1469,,0.0,3.4063660982817305e-15,0.0,0.0,0.0,3.25,True,2845,179.58530784380397,36.80270496092717,179.58530784380397,179.26877656593436,0.5,0.05669525810643771,0.0,179.58530784380397,47.20702026890099,171.42925096643071,1392,1404,1392,0.3112677117308578,True,5.6,0.6463348642570527,93.93333333333334,4.5834932272394875,,,,,,0,0.0,0.0,0.0,0.0,1.8735013540549517e-16,0.0,0.0,0.0,0.0,0.0,0.0,0.0,1.3877787807814457e-16,0.0,0.0,0.0,success,36.80754656093295,0.056796071606838604,94.76666666666667,5.3728206265534135,3487.669673463865,0.0,,3208,2625,3205,2625,3205,0,0,0,0,0.11,0.165,0,0,4.0,4.0,4.0,0.75,,9fb2d2f128245e9ad0d534590594421d76526d7da2751aae0b1c7a5f9ffcbdc1
acceleration-sweep,acceleration,offset,vp,acceleration_scale,0.25,0,0.0,0.0,1be8f912f83767356bd1c1acbf137b23cc48c9b57e8d50f641b71c7994443f62,0.5,,True,False,1021,34.03333333333333,33.4,34.03333333333333,0.07420576797514424,0.5,0.0,0.0,0.008743350384955662,0.0,0.0,0.0,64.83839373163565,19.475819684472484,179.98816302886303,0.24875353552750182,0.0,,False,0.22182606548887798,0.0,0,,0.0,3.4063660982817305e-15,0.0,0.0,0.0,3.25,True,775,0.0,0.0,0.0,0.0,0.5,0.09765929569560593,0.0,0.0,25.18035009527926,179.98816302886303,0,269,269,0.22606111111111146,True,4.333333333333333,0.4935317941970155,14.066666666666666,1.540709479411932,,,,,,0,0.0,0.0,0.0,0.0,1.8735013540549517e-16,0.0,0.0,0.0,1.8735013540549517e-16,0.0,0.0,0.0,0.0,0.0,0.0,0.0,success,0.0,0.09785586434638936,25.8,2.519609828946633,0.0,0.0,,1021,0,662,0,662,0,0,0,0,0.11,0.1663695491166585,0,0,4.0,4.0,4.0,0.75,,6184cdaa9a4dc79ac22865f475e5c5a18ff2277c1be6cd8546c197071cc0b842
acceleration-sweep,acceleration,offset,vp_scaled,acceleration_scale,0.25,0,0.0,0.0,f9ec471f5c830c3d697434e3d3203fab3718e78a1b1382126af4dec675cfb03d,0.5,,True,False,1021,34.03333333333333,33.4,34.03333333333333,0.0742057679754185,0.5,0.0,0.0,0.008743350384955662,0.0,0.0,0.0,64.83839373163565,19.475819684472484,179.98816302886303,0.24875353552750182,0.0,,False,0.22182606548887798,0.0,0,,0.0,3.4063660982817305e-15,0.0,0.0,0.0,3.25,True,775,0.0,0.0,0.0,0.0,0.5,0.09765929569560593,0.0,0.0,25.18035009527926,179.98816302886303,0,269,269,0.22606111111111146,True,4.333333333333333,0.4935317941970155,14.066666666666666,1.540709479411932,,,,,,0,0.0,0.0,0.0,0.0,1.8735013540549517e-16,0.0,0.0,0.0,1.8735013540549517e-16,0.0,0.0,0.0,0.0,0.0,0.0,0.0,success,0.0,0.09785586434638936,25.8,2.519609828946633,0.0,0.0,,1021,0,662,0,662,0,0,0,0,0.11,0.1663695491166585,0,0,4.0,4.0,4.0,0.75,,b1448d0d9e2075472e44ad2a07fee27def642e4f3d23f0de17d8f99fac358da6
acceleration-sweep,acceleration,offset,dwvp,acceleration_scale,0.25,0,0.0,0.0,24fc6ac6cee67b6a9d0690b61334d5da605a1ca754fb0b74a5101e802f033304,0.5,,True,False,1012,33.733333333333334,33.1,33.733333333333334,0.06520679696909436,0.5,0.0,0.0,0.008692321292141258,0.0,0.0,0.0,60.37549407114624,14.828570526304079,179.62364703040248,0.2287458969740224,0.0,,False,0.22000469293920275,0.0,149,,0.0,3.4063660982817305e-15,0.0,0.0,0.0,3.25,True,766,0.0,0.0,0.0,0.0,0.5,0.0860189350703403,0.0,0.0,19.228682303390386,179.62364703040248,149,149,149,0.19966111111111134,True,4.366666666666666,0.49337357437223844,11.3,1.0047466134191767,,,,,,0,0.0,0.0,0.0,0.0,1.8735013540549517e-16,0.0,0.0,0.0,1.8735013540549517e-16,0.0,0.0,0.0,0.0,0.0,0.0,0.0,success,0.0,0.08623300956766274,25.5,2.1934828442936776,0.0,0.0,,1012,0,611,0,611,0,0,0,0,0.11,0.16500351970440205,0,0,4.0,4.0,4.0,0.75,,b49d1c35b1a3b7af03005a477ba3832fb8c73b072a4c75a52ee427f50752bc5c
acceleration-sweep,acceleration,gradual,vp,acceleration_scale,0.25,0,0.0,0.0,fd3bf5f5388395585909f6942cb2018dd27ff3f9acb02e9ae2c33241976f21e3,,1.0,True,False,768,25.6,24.966666666666665,25.6,0.009752331575067885,0.0764362677613348,1.2932300905761722,8.01663436466849,0.00875825901683891,1.3612774036663851e-10,0.0,0.0,80.72916666666666,6.454478930925176,49.60830442467818,0.20737992518238244,1.3107941074771101,,False,0.22967795745741948,0.4650000000000003,0,,0.0,3.4063660982817305e-15,0.0,0.0,0.0,3.25,True,521,8.01663436466849,1.9112956739545408,8.015046899521767,8.01663436466849,0.0764362677613348,0.014410530172334334,0.0,98.01504689952174,9.278656718174958,49.60830442467818,0,276,276,,,,,,,8.015046899521767,0.203363626581439,0.3819718634205488,-0.17860823683910979,0.4650000000000003,162,0.0,0.0,0.0,0.0,1.8735013540549517e-16,0.0,0.0,0.0,1.8735013540549517e-16,0.0,0.0,0.0,1.3877787807814457e-16,0.0,0.0,0.0,success,1.9076557199517648,0.014383145682078595,17.33333333333333,0.24978252298712839,33.12912501521203,0.0,8.01663436466849,768,0,620,0,620,0,0,0,0,0.11,0.1722584680930646,0,0,4.0,4.0,4.0,0.75,,effce5a9200e4472ce1429d827785857f7bd0ef47e279b3a9afde814cf8ac015
acceleration-sweep,acceleration,gradual,vp_scaled,acceleration_scale,0.25,0,0.0,0.0,883d9dc6f293c955ffbbbd469ed238d7ec11a3c67038c272516581418d08dd70,,1.0,True,False,768,25.6,24.966666666666665,25.6,0.009753169129751682,0.0764362677613348,1.2933305069254257,8.01663436466849,0.008758259018929362,5.589379753127788e-05,0.0,0.0,80.72916666666666,6.454261918196468,49.60830442467818,0.20737992746863404,1.3107941085528878,,False,0.22967795745741948,0.4650000000000003,0,,0.0,3.4063660982817305e-15,0.0,0.0,0.0,3.25,True,521,8.01663436466849,1.9112956739545408,8.015046899521767,8.01663436466849,0.0764362677613348,0.014410530172334334,0.0,98.01504689952174,9.278656718174958,49.60830442467818,0,276,276,,,,,,,8.015046899521767,0.203363626581439,0.3819718634205488,-0.17860823683910979,0.4650000000000003,162,0.0,0.0,0.0,0.0,1.8735013540549517e-16,0.0,0.0,0.0,1.8735013540549517e-16,0.0,0.0,0.0,1.3877787807814457e-16,0.0,0.0,0.0,success,1.9076557199517648,0.014383145682078595,17.33333333333333,0.24978252298712839,33.12912501521203,0.0,8.01663436466849,768,0,620,0,620,0,0,0,0,0.11,0.1722584680930646,0,0,4.0,4.0,4.0,0.75,,15fce5d69b99d9a6f83b9c071f61dd7a123a18eefd2446e17fd9d64c4054bb88
acceleration-sweep,acceleration,gradual,dwvp,acceleration_scale,0.25,0,0.0,0.0,8d56bbcb6320009a3664f5d9005be85e66e64f7c151e0b25b665a721f7b17249,,1.0,True,False,804,26.8,26.166666666666668,26.8,0.0008285711090783993,0.007981285529255753,0.5948631529292367,6.379405214571718,0.008821965208548034,1.8188695561314054e-05,0.0,0.0,80.4726368159204,1.9278454358946053,22.702603261291777,0.6044898620821816,1.858453957612569,,False,0.22299450828601636,0.32876389183157184,165,,0.0,3.4063660982817305e-15,0.0,0.0,0.0,3.25,True,558,6.379405214571718,0.8592337456245117,6.379405214571718,2.6607285753043444,0.007981285529255753,0.001197046996706276,0.0,96.37940521457169,2.71211222695739,22.702603261291777,165,165,165,,,,,,,6.379405214571718,0.14136229726960842,0.3819718634205488,-0.24060956615094037,0.32876389183157184,189,0.0,0.0,0.0,0.0,1.8735013540549517e-16,0.0,0.0,0.0,1.8735013540549517e-16,0.0,0.0,0.0,1.3877787807814457e-16,0.0,0.0,0.0,success,0.8577045716413689,0.0011949120630245827,18.566666666666666,0.022225172572179857,15.953106543761768,0.0,2.6607285753043444,804,0,647,0,647,0,0,0,0,0.11,0.16724588121451228,0,0,4.0,4.0,4.0,0.75,,9867737cf524d4f4af87359d87f1631888627973d921afb8ce42405a29d70cbc
acceleration-sweep,acceleration,rapid,vp,acceleration_scale,0.25,0,0.0,0.0,75febfe16fa07ccc896555e6f428b68eab7f57ce122a03e6ba7f8ff73990efa4,,0.3,True,False,1061,35.36666666666667,34.733333333333334,35.36666666666667,0.04969907914623403,0.21599842614416387,11.154819934262099,70.74861808360433,0.008721333798325848,2.702199257371404e-11,0.0,0.0,88.6899151743638,36.06894319271722,136.54832435420488,0.48486421783778205,0.545384760800869,,False,0.22181284577516097,0.5900000000000004,0,,0.0,3.4063660982817305e-15,0.0,0.0,0.0,3.25,True,814,70.74861808360433,14.57108879910719,42.96440565669308,70.74861808360433,0.21599842614416387,0.06488773073609858,0.0,132.96440565669312,46.17071469689357,136.54832435420488,0,597,597,,,,,,,42.96440565669308,0.21922486099726443,0.11459155902616464,0.1046333019710998,0.31500000000000017,63,0.0,0.0,0.0,0.0,1.8735013540549517e-16,0.0,0.0,0.0,1.8735013540549517e-16,0.0,0.0,0.0,1.3877787807814457e-16,0.0,0.0,0.0,success,14.553191840953044,0.0648088023778602,27.099999999999998,1.7584575029482712,394.8765064558048,0.0,69.6261090109015,1061,237,941,237,941,0,0,0,0,0.11,0.16635963433137074,0,0,4.0,4.0,4.0,0.75,,9a5e7cef60781e23d7c0a1b54d053d37f7abc80d5193109deb1a6fc3d429192a
acceleration-sweep,acceleration,rapid,vp_scaled,acceleration_scale,0.25,0,0.0,0.0,3f42dd4423dc275e8f7fb814000843ae143a81ab5cc18ce8b5e633542b9b2ced,,0.3,True,False,924,30.8,30.166666666666668,30.8,0.01476540397944132,0.07039934527550869,15.099904548375953,54.51004490099851,0.008392603080894618,0.06572704162706952,0.0,0.0,94.04761904761905,26.08762217649632,100.7426298036326,0.25213090903088237,0.5072196388505135,,False,0.22051430820251425,0.6,0,,0.0,3.4063660982817305e-15,0.0,0.0,0.0,3.25,True,677,54.51004490099851,20.2481174099597,52.093533192444234,54.51004490099851,0.07039934527550869,0.019948751694748638,0.0,142.09353319244423,33.92189173619675,100.7426298036326,0,555,503,,,,,,,52.093533192444234,0.09728483767529486,0.11459155902616464,-0.017306721350869775,0.43000000000000027,86,0.0,0.0,0.0,0.0,1.8735013540549517e-16,0.0,0.0,0.0,1.8735013540549517e-16,0.0,0.0,0.0,1.3877787807814457e-16,0.0,0.0,0.0,success,20.21983493902055,0.019922943629813096,22.53333333333333,0.44951187152166927,456.25757897109185,0.0,54.51004490099851,924,350,869,350,869,0,0,0,0,0.11,0.16538573115188568,0,0,4.0,4.0,4.0,0.75,,b7c494b25fcefc0c4d54799fb2ba7f8494c5748dfa98ff083c0b64f65a6a24b1
acceleration-sweep,acceleration,rapid,dwvp,acceleration_scale,0.25,0,0.0,0.0,bea3e84e2eb331e16f71610ef406c36ba0bfd7ac3083ee4616dafaffb661f326,,0.3,True,False,872,29.066666666666666,28.433333333333334,29.066666666666666,0.00396500154578444,0.03241353323713473,4.337600705106419,37.54771024304581,0.008334875401512697,5.124887807114551e-07,0.0,0.0,73.96788990825688,5.863303729101171,46.883420836483076,0.21470338943284126,0.3081987387645292,,False,0.22000717503804063,0.49608479472438644,208,,0.0,3.4063660982817305e-15,0.0,0.0,0.0,3.25,True,626,37.54771024304581,6.058748400179815,8.808104079004465,37.54771024304581,0.03241353323713473,0.005538297567856263,0.0,98.80810407900447,7.9894537683371984,46.883420836483076,208,208,208,,,,,,,8.808104079004465,0.07079047234653775,0.11459155902616464,-0.043801086679626886,0.49608479472438644,110,0.0,0.0,0.0,0.0,1.8735013540549517e-16,0.0,0.0,0.0,1.8735013540549517e-16,0.0,0.0,0.0,1.3877787807814457e-16,0.0,0.0,0.0,success,6.049070156759979,0.005529450827542086,20.833333333333332,0.1153811993303388,126.22392500374615,0.0,37.54771024304581,872,117,645,117,645,0,0,0,0,0.11,0.16500538127853048,0,0,4.0,4.0,4.0,0.75,,5660577cfbc08844aa393e5fa5d08f42fa7437a2959de2dd3390a005ccc70b96
acceleration-sweep,acceleration,offset,dwpp,acceleration_scale,0.5,0,0.0,0.0,b9eaf687fd80a2984c717c09d73420ff03753ff1dda2b883c25ce99d5c026abf,0.5,,True,False,1255,41.833333333333336,41.5,41.833333333333336,0.057914864154142806,0.5,21.104850754009266,97.69000196671965,0.014188977477565756,0.0009335375381929134,0.0,0.0,79.2828685258964,16.406739774866605,168.10775219952194,0.611167076758299,0.8641660917790892,,False,0.22,0.6,638,,0.0,3.4063660982817305e-15,0.0,0.0,0.0,3.25,True,1011,97.69000196671965,26.244930327074034,73.85407220576434,97.69000196671965,0.5,0.07177224369927833,0.0,97.69000196671965,20.205790160050153,168.10775219952194,458,328,328,0.12471852027561268,True,4.566666666666666,0.648640178487522,24.166666666666668,1.8128881855390824,,,,,,0,0.0,0.0,0.0,0.0,3.7470027081099033e-16,0.0,0.0,0.0,0.0,0.0,0.0,0.0,2.7755575615628914e-16,0.0,0.0,0.0,success,26.21897095427094,0.07194853842694697,33.666666666666664,2.4163322045423703,883.5793210114924,0.0,,1255,622,995,622,995,0,0,0,0,0.11,0.165,0,0,2.0,2.0,2.0,0.75,,e46da2b7c0eddd75a20caf5df94e8b2c3c74c99826282fe825c8e1e9de0e8374
acceleration-sweep,acceleration,offset,vp,acceleration_scale,0.5,0,0.0,0.0,686359cf6cd7d790d4ee8590f8fa3bf43e059c95bb0704166cf3af33aff4f3e3,0.5,,True,False,795,26.5,26.166666666666668,26.5,0.042958349916883964,0.5,0.0,0.0,0.013853742776837041,0.0,0.0,0.0,44.65408805031446,3.01632628338509,45.29740418834026,0.3344000899945299,0.0,,False,0.22000000000000006,0.0,0,,0.0,3.4063660982817305e-15,0.0,0.0,0.0,3.25,True,551,0.0,0.0,0.0,0.0,0.5,0.061717902767637826,0.0,0.0,4.297306955457886,45.29740418834026,0,75,75,0.05733333333333305,True,3.433333333333333,0.5029202803016082,6.1,1.0361701382930104,,,,,,0,0.0,0.0,0.0,0.0,3.7470027081099033e-16,0.0,0.0,0.0,3.7470027081099033e-16,0.0,0.0,0.0,0.0,0.0,0.0,0.0,success,0.0,0.06205961256349062,18.333333333333332,1.13149488407336,0.0,0.0,,795,0,355,0,355,0,0,0,0,0.11,0.16500000000000004,0,0,2.0,2.0,2.0,0.75,,927a7f13bac9dfdf3577f642fefc3267f0bcd4ec784559a9b3319bf45b32d2e2
acceleration-sweep,acceleration,offset,vp_scaled,acceleration_scale,0.5,0,0.0,0.0,33a025abe72025bbb4ffff30784aee65c0be2e3bc6f23a7179c3e290dc576569,0.5,,True,False,795,26.5,26.166666666666668,26.5,0.04295834991852915,0.5,0.0,0.0,0.013853742776837041,0.0,0.0,0.0,44.65408805031446,3.01632628338509,45.29740418834026,0.3344000899945299,0.0,,False,0.22000000000000006,0.0,0,,0.0,3.4063660982817305e-15,0.0,0.0,0.0,3.25,True,551,0.0,0.0,0.0,0.0,0.5,0.061717902767637826,0.0,0.0,4.297306955457886,45.29740418834026,0,75,75,0.05733333333333305,True,3.433333333333333,0.5029202803016082,6.1,1.0361701382930104,,,,,,0,0.0,0.0,0.0,0.0,3.7470027081099033e-16,0.0,0.0,0.0,3.7470027081099033e-16,0.0,0.0,0.0,0.0,0.0,0.0,0.0,success,0.0,0.06205961256349062,18.333333333333332,1.13149488407336,0.0,0.0,,795,0,355,0,355,0,0,0,0,0.11,0.16500000000000004,0,0,2.0,2.0,2.0,0.75,,0d5acea7fb23783107e483ad41079e3fa482cd2ecfbab583b7237431adb114d7
acceleration-sweep,acceleration,offset,dwvp,acceleration_scale,0.5,0,0.0,0.0,34f4de02fa08f4e1d21ad90e1fbe225f660c4d1d7f22930fcec51645cda237b1,0.5,,True,False,839,27.966666666666665,27.633333333333333,27.966666666666665,0.041231152832505294,0.5,0.0,0.0,0.014456367120999403,0.0,0.0,0.0,47.43742550655543,3.9573706826089654,121.33902729886279,0.4072281388538706,0.0,,False,0.22032613140722132,0.0,59,,0.0,3.4063660982817305e-15,0.0,0.0,0.0,3.25,True,595,0.0,0.0,0.0,0.0,0.5,0.05788580534785429,0.0,0.0,5.516334890909467,121.33902729886279,59,59,59,0.05733333333333305,True,3.433333333333333,0.5029202803016081,6.433333333333334,0.798512345298931,,,,,,0,0.0,0.0,0.0,0.0,3.7470027081099033e-16,0.0,0.0,0.0,3.7470027081099033e-16,0.0,0.0,0.0,0.0,0.0,0.0,0.0,success,0.0,0.058208686347367984,19.8,1.146138945887515,0.0,0.0,,839,0,398,0,398,0,0,0,0,0.11,0.16524459855541598,0,0,2.0,2.0,2.0,0.75,,f3d7347b7e8b46ce6e7fa587899358a4cce8820d1a7881e7e71a15500bb22b08
acceleration-sweep,acceleration,gradual,vp,acceleration_scale,0.5,0,0.0,0.0,843e2411fc2e2c01085c04eb0e56467477c8becb38bc08b37a9d0d67469f97c4,,1.0,True,False,717,23.9,23.566666666666666,23.9,0.0001804912090101324,0.0009373910802428606,0.4103006377051687,4.741973768716174,0.014477169542781443,5.5977762393757894e-12,0.0,0.0,45.60669456066946,0.12787018965150496,3.546768543320492,0.2335353716759701,3.6536919178226634,,False,0.22000000000000006,0.34963787812700425,0,,0.0,3.4063660982817305e-15,0.0,0.0,0.0,3.25,True,473,4.741973768716174,0.6240530008179367,4.741973768716174,4.58214316843777,0.0009373910802428606,0.0002744854388871603,0.0,89.99792349058036,0.1911057177917629,3.546768543320492,0,47,47,,,,,,,0.0,0.21999999999999997,0.3819718634205488,-0.1619718634205488,0.34963787812700425,159,0.0,0.0,0.0,0.0,3.7470027081099033e-16,0.0,0.0,0.0,1.3877787807814457e-17,0.0,0.0,0.0,2.7755575615628914e-16,0.0,0.0,0.0,success,0.622735844906503,0.0002739065752078539,15.733333333333333,0.004318570905157989,9.818433879535537,0.0,4.58214316843777,717,0,327,0,327,0,0,0,0,0.11,0.16500000000000004,0,0,2.0,2.0,2.0,0.75,,2f2a088912baa58f92c9459e84729d0237505d517ab8c007c577a98fdce2fb05
acceleration-sweep,acceleration,gradual,vp_scaled,acceleration_scale,0.5,0,0.0,0.0,6bf23ffce50ec076254c0050a787c14ab6cf46633457f9d789e792056748ade8,,1.0,True,False,717,23.9,23.566666666666666,23.9,0.0001804895197092385,0.0009373910802428606,0.41030719498748447,4.741973768716174,0.01447716954278065,2.8400445481549077e-06,0.0,0.0,45.60669456066946,0.12785435616776758,3.546768543320492,0.23353537167725172,3.6536919178274614,,False,0.22000000000000006,0.34963787812700425,0,,0.0,3.4063660982817305e-15,0.0,0.0,0.0,3.25,True,473,4.741973768716174,0.6240530008179367,4.741973768716174,4.58214316843777,0.0009373910802428606,0.0002744854388871603,0.0,89.99792349058036,0.1911057177917629,3.546768543320492,0,47,47,,,,,,,0.0,0.21999999999999997,0.3819718634205488,-0.1619718634205488,0.34963787812700425,159,0.0,0.0,0.0,0.0,3.7470027081099033e-16,0.0,0.0,0.0,1.3877787807814457e-17,0.0,0.0,0.0,2.7755575615628914e-16,0.0,0.0,0.0,success,0.622735844906503,0.0002739065752078539,15.733333333333333,0.004318570905157989,9.818433879535537,0.0,4.58214316843777,717,0,327,0,327,0,0,0,0,0.11,0.16500000000000004,0,0,2.0,2.0,2.0,0.75,,b40c3a9438a8cb28a197778074aba4a45011e23484554478f2fc559e88967473
acceleration-sweep,acceleration,gradual,dwvp,acceleration_scale,0.5,0,0.0,0.0,0d27b80bed7d371869bcb4332d7c36588f189b2ae3aa094a01fcbbb954098a6a,,1.0,True,False,705,23.5,23.166666666666668,23.5,0.0007231707499266267,0.009229718089543489,0.4217883840004568,5.018043187891309,0.014602666078658936,2.7020143780888796e-06,0.0,0.0,59.57446808510638,0.21535243970824314,3.455250304539464,0.8288324638104702,2.8683816416992327,,False,0.2840478686819767,0.44710122437777167,67,,0.0,3.4063660982817305e-15,0.0,0.0,0.0,3.25,True,461,5.018043187891309,0.6472549630284583,5.018043187891309,4.363228161489559,0.009229718089543489,0.0011097383142612827,0.0,89.99802065136916,0.32466358824126074,3.455250304539464,67,67,67,,,,,,,0.0,0.19970825193389377,0.3819718634205488,-0.18226361148665501,0.44710122437777167,147,0.0,0.0,0.0,0.0,3.7470027081099033e-16,0.0,0.0,0.0,3.7470027081099033e-16,0.0,0.0,0.0,2.7755575615628914e-16,0.0,0.0,0.0,success,0.6458530860464345,0.0011073346735733,15.333333333333334,0.017015987485339668,9.924576099769695,0.0,4.363228161489559,705,0,420,0,420,0,0,0,0,0.11,0.2130359015114825,0,0,2.0,2.0,2.0,0.75,,64e76c2cddbfa00227e7c462e8d9a4dcd742f4739bdee9ce60a1c453f875e802
acceleration-sweep,acceleration,rapid,vp,acceleration_scale,0.5,0,0.0,0.0,d2584dac4457992412456411b8932614c54a2391d7a09bcfda6a56b627ff1cfd,,0.3,True,False,717,23.9,23.566666666666666,23.9,0.0002454311644580285,0.002524167153701336,3.8663952796318135,51.61182772623482,0.014400901498001328,8.447553233967101e-12,0.0,0.0,61.366806136680616,4.96920593773016,39.994143023847066,0.2376559475763856,0.7608902385303985,,False,0.22098610747172373,0.6,0,,0.0,3.4063660982817305e-15,0.0,0.0,0.0,3.25,True,473,51.61182772623482,5.881370159869149,8.548740762501607,51.61182772623482,0.002524167153701336,0.00037325941269249414,0.0,98.54874076250164,7.427508390185251,39.994143023847066,0,160,160,,,,,,,8.548740762501607,0.21999999999999997,0.11459155902616464,0.10540844097383534,0.6,63,0.0,0.0,0.0,0.0,3.7470027081099033e-16,0.0,0.0,0.0,1.3877787807814457e-17,0.0,0.0,0.0,2.7755575615628914e-16,0.0,0.0,0.0,success,5.8689393093692885,0.0003724718126912142,15.733333333333333,0.005872614759695241,92.53355718194126,0.0,51.05642635370408,717,74,440,74,440,0,0,0,0,0.11,0.1657395806037928,0,0,2.0,2.0,2.0,0.75,,1041a631fb343a3f192e059d41837f0eba7c1c3d77cb66a626d1f6a6f9a95a3f
acceleration-sweep,acceleration,rapid,vp_scaled,acceleration_scale,0.5,0,0.0,0.0,555a6d7b7f023282cea1febf763a2b89fef18ffc0fd29d9fd2b61618ceadbd42,,0.3,True,False,755,25.166666666666668,24.833333333333332,25.166666666666668,0.0006906276126234192,0.006807343633685752,2.2805621770152307,16.570149894333138,0.014160811357354208,2.763377990002478e-06,0.0,0.0,61.05960264900663,5.125634257275898,44.63798658473541,0.5721977506563874,0.8408585001587254,,False,0.22000000000000006,0.6,0,,0.0,3.4063660982817305e-15,0.0,0.0,0.0,3.25,True,511,16.570149894333138,3.3805077252307645,16.570149894333138,11.194357639328404,0.006807343633685752,0.0010236982922692164,0.0,106.57014989433314,7.4727934906112035,44.63798658473541,0,154,154,,,,,,,16.570149894333138,0.0837077858814591,0.11459155902616464,-0.03088377314470553,0.6,99,0.0,0.0,0.0,0.0,3.7470027081099033e-16,0.0,0.0,0.0,3.7470027081099033e-16,0.0,0.0,0.0,2.7755575615628914e-16,0.0,0.0,0.0,success,3.3738942176750135,0.00102169605244723,17.0,0.017402870968576678,57.468631328922996,0.0,11.194357639328404,755,81,461,81,461,0,0,0,0,0.11,0.16500000000000004,0,0,2.0,2.0,2.0,0.75,,49e135f67f06f7744479bc5c012623b3869637e43997c4b2fe55020d79a0c94b
acceleration-sweep,acceleration,rapid,dwvp,acceleration_scale,0.5,0,0.0,0.0,e603cdcd360cebf7d5e2449455a293f0f74bdd54ec6517e9bdf9c6479d00f959,,0.3,True,False,770,25.666666666666668,25.333333333333332,25.666666666666668,0.0004850031264394468,0.004499771237529349,0.7737612551533095,10.32709087209503,0.013842816959773074,1.1779833095955153e-07,0.0,0.0,58.96103896103896,1.6205699216328564,20.594699251664586,0.7827120822586039,1.640157333443255,,False,0.2202674948122628,0.6,100,,0.0,3.4063660982817305e-15,0.0,0.0,0.0,3.25,True,526,10.32709087209503,1.1363199483788111,8.307888029396938,10.32709087209503,0.004499771237529349,0.0007122615901851237,0.0,93.73089666021868,2.341507722742241,20.594699251664586,100,100,100,,,,,,,3.730896660218679,0.08381709423597679,0.11459155902616464,-0.030774464790187847,0.6,104,0.0,0.0,0.0,0.0,3.7470027081099033e-16,0.0,0.0,0.0,3.7470027081099033e-16,0.0,0.0,0.0,2.7755575615628914e-16,0.0,0.0,0.0,success,1.1341597253615063,0.0007109074859324775,17.5,0.012464577828239665,19.885599096629193,0.0,10.32709087209503,770,75,454,75,454,0,0,0,0,0.11,0.1652006211091971,0,0,2.0,2.0,2.0,0.75,,32c334211ef6011e05dddf1e8315502cacebb6c1986b39506d2aad40b37f67c3
acceleration-sweep,acceleration,offset,dwpp,acceleration_scale,0.75,0,0.0,0.0,4db405550e63cbfacc2dfed1617b034efcfce64b41458db390a69e576604e138,0.5,,True,False,962,32.06666666666666,31.833333333333332,32.06666666666666,0.049397943853110034,0.5,13.796826233507822,90.46587743946353,0.01674091109830492,6.107636711476233e-05,0.0,0.0,65.6964656964657,8.04349876898847,109.2025806395307,0.8252971477241209,1.4632442821171103,,False,0.22,0.6,533,,0.0,9.86864910777917e-16,0.0,0.0,0.0,3.25,True,722,90.46587743946353,18.4273019844492,28.475415143675498,90.46587743946353,0.5,0.06562996409411889,0.0,90.46587743946353,10.63641306592866,109.2025806395307,335,163,163,0.045081186997016826,True,4.9,0.645748656769809,12.833333333333334,1.2743717476615515,,,,,,0,0.0,0.0,0.0,0.0,1.3877787807814457e-16,0.0,0.0,0.0,0.0,0.0,0.0,0.0,4.440892098500626e-16,0.0,0.0,0.0,success,18.401779533747526,0.06588533183785086,24.03333333333333,1.5773068037286573,442.86949102626244,0.0,,962,315,632,315,632,0,0,0,0,0.11,0.165,0,0,1.3333333333333333,1.3333333333333333,1.3333333333333335,0.75,,2ef898751f0ee5017c9db67d8845629dedf551464befe3c0c4170a4bebfaf632
acceleration-sweep,acceleration,offset,vp,acceleration_scale,0.75,0,0.0,0.0,ea88c34ee9ee63042795986aad5cd06a056fa4696b64cdda3c525eb70d64f945,0.5,,True,False,770,25.666666666666668,25.433333333333334,25.666666666666668,0.03581763864121939,0.5,0.0,0.0,0.01640863407274029,0.0,0.0,0.0,38.18181818181819,0.7246388058261258,22.720709449479383,0.45353097381728474,0.0,,False,0.22000000000000006,0.0,0,,0.0,8.410780489584519e-16,0.0,0.0,0.0,3.25,True,529,0.0,0.0,0.0,0.0,0.5,0.05182840793774254,0.0,0.0,1.0451784666263406,22.720709449479383,0,36,36,0.0,False,3.7333333333333334,0.6239632234134566,3.7333333333333334,0.6239632234134566,,,,,,0,0.0,0.0,0.0,0.0,1.3877787807814457e-16,0.0,0.0,0.0,1.3877787807814457e-16,0.0,0.0,0.0,0.0,0.0,0.0,0.0,success,0.0,0.05220302342373989,17.6,0.9121799797042689,0.0,0.0,,770,0,294,0,294,0,0,0,0,0.11,0.16500000000000004,0,0,1.3333333333333333,1.3333333333333333,1.3333333333333335,0.75,,fcbe0b154a1d23318c14fa5c6e37643dfe8c44e9cf64bb23380968e889d23215
acceleration-sweep,acceleration,offset,vp_scaled,acceleration_scale,0.75,0,0.0,0.0,ff5f8684341ffae75a4ab2f66d0b1990ffa0b0ad3469f3057ed11f4da4e5bac4,0.5,,True,False,770,25.666666666666668,25.433333333333334,25.666666666666668,0.035817638641396865,0.5,0.0,0.0,0.01640863407274029,0.0,0.0,0.0,38.18181818181819,0.7246388058261258,22.720709449479383,0.45353097381728474,0.0,,False,0.22000000000000006,0.0,0,,0.0,8.410780489584519e-16,0.0,0.0,0.0,3.25,True,529,0.0,0.0,0.0,0.0,0.5,0.05182840793774254,0.0,0.0,1.0451784666263406,22.720709449479383,0,36,36,0.0,False,3.7333333333333334,0.6239632234134566,3.7333333333333334,0.6239632234134566,,,,,,0,0.0,0.0,0.0,0.0,1.3877787807814457e-16,0.0,0.0,0.0,1.3877787807814457e-16,0.0,0.0,0.0,0.0,0.0,0.0,0.0,success,0.0,0.05220302342373989,17.6,0.9121799797042689,0.0,0.0,,770,0,294,0,294,0,0,0,0,0.11,0.16500000000000004,0,0,1.3333333333333333,1.3333333333333333,1.3333333333333335,0.75,,9379e9a9458d2255c32f3216cb114048f44b6649cb1d4cb1daf78761babb89a6
acceleration-sweep,acceleration,offset,dwvp,acceleration_scale,0.75,0,0.0,0.0,bc5f7936346e46aab442a1ee3e5bae23b653e7c03f2521e2431f2de91b269e9a,0.5,,True,False,770,25.666666666666668,25.433333333333334,25.666666666666668,0.03588004909648166,0.5,0.0,0.0,0.016361703498675606,0.0,0.0,0.0,38.18181818181819,0.6930717674306467,22.066332594204784,0.4670618988328343,0.0,,False,0.2209273202849199,0.0,35,,0.0,8.410780489584519e-16,0.0,0.0,0.0,3.25,True,529,0.0,0.0,0.0,0.0,0.5,0.05191954138614011,0.0,0.0,0.9996479367666984,22.066332594204784,35,35,35,0.0,False,3.8,0.6380540417501157,3.8,0.6380540417501157,,,,,,0,0.0,0.0,0.0,0.0,1.3877787807814457e-16,0.0,0.0,0.0,1.3877787807814457e-16,0.0,0.0,0.0,0.0,0.0,0.0,0.0,success,0.0,0.052293984597192554,17.6,0.913783928396066,0.0,0.0,,770,0,294,0,294,0,0,0,0,0.11,0.16569549021368993,0,0,1.3333333333333333,1.3333333333333333,1.3333333333333335,0.75,,839d9bcfb036ac07c4acf3576265c4aea2967d2881f54f645c8fc02a9e065661
acceleration-sweep,acceleration,gradual,vp,acceleration_scale,0.75,0,0.0,0.0,81b340ac380b1fa70d55f94eca08d5050531b3ba2751f038b842414733f2082b,,1.0,True,False,704,23.466666666666665,23.233333333333334,23.466666666666665,0.00018381998110612258,0.0009361611301212224,0.47932760507322325,5.418667111142056,0.016362679424536175,6.310220488023617e-12,0.0,0.0,36.93181818181818,0.00208213860636795,0.5220034479485972,0.350690634441296,3.984365365973253,,False,0.22000000000000006,0.34951967393752315,0,,0.0,8.410780489584519e-16,0.0,0.0,0.0,3.25,True,463,5.418667111142056,0.7313371349132867,5.418667111142056,5.159004688795491,0.0009361611301212224,0.0002804201409640645,0.0,89.99766351115106,0.003107177837668471,0.5220034479485972,0,3,3,,,,,,,0.0,0.21999999999999997,0.3819718634205488,-0.1619718634205488,0.34951967393752315,159,0.0,0.0,0.0,0.0,1.3877787807814457e-16,0.0,0.0,0.0,2.7755575615628914e-17,0.0,0.0,0.0,5.551115123125783e-17,0.0,0.0,0.0,success,0.7297600962729219,0.0002798160875440982,15.4,0.004318470170846593,11.262591877664615,0.0,5.159004688795491,704,0,260,0,260,0,0,0,0,0.11,0.16500000000000004,0,0,1.3333333333333333,1.3333333333333333,1.3333333333333335,0.75,,eec9159d3605dfed609fe7f25cc954076ab7afbae26fee445d834a04a510a303
acceleration-sweep,acceleration,gradual,vp_scaled,acceleration_scale,0.75,0,0.0,0.0,33b3f16962406c2dab22f2859c4f038b18f73e0dfb6cb99b9ec2a2087243377f,,1.0,True,False,704,23.466666666666665,23.233333333333334,23.466666666666665,0.00018381787903912282,0.0009361611301212224,0.4793351057901665,5.418667111142056,0.016362679424532737,3.195619823989924e-06,0.0,0.0,36.93181818181818,0.002064062572617996,0.5220034479485972,0.3506906344424183,3.9843653659789267,,False,0.22000000000000006,0.34951967393752315,0,,0.0,8.410780489584519e-16,0.0,0.0,0.0,3.25,True,463,5.418667111142056,0.7313371349132867,5.418667111142056,5.159004688795491,0.0009361611301212224,0.0002804201409640645,0.0,89.99766351115106,0.003107177837668471,0.5220034479485972,0,3,3,,,,,,,0.0,0.21999999999999997,0.3819718634205488,-0.1619718634205488,0.34951967393752315,159,0.0,0.0,0.0,0.0,1.3877787807814457e-16,0.0,0.0,0.0,2.7755575615628914e-17,0.0,0.0,0.0,5.551115123125783e-17,0.0,0.0,0.0,success,0.7297600962729219,0.0002798160875440982,15.4,0.004318470170846593,11.262591877664615,0.0,5.159004688795491,704,0,260,0,260,0,0,0,0,0.11,0.16500000000000004,0,0,1.3333333333333333,1.3333333333333333,1.3333333333333335,0.75,,dc7c2c473669195e8ce6e9e442705ab8c49c410c1193f9eb5b89f7d8e8b60173
acceleration-sweep,acceleration,gradual,dwvp,acceleration_scale,0.75,0,0.0,0.0,8c5006afeadfd89ed78b6f2b7f7a5768cb4a4b7813640df12aa9201d8ea74119,,1.0,True,False,690,23.0,22.766666666666666,23.0,0.0002367626423252609,0.002025428584298509,0.4890024236106342,5.418294660307239,0.016376937374301587,3.244681126728934e-06,0.0,0.0,51.15942028985507,0.007116777383191878,0.5086427791931449,0.7799909260034235,3.319078574725324,,False,0.3063389888951948,0.4739561317323991,17,,0.0,9.86864910777917e-16,0.0,0.0,0.0,3.25,True,449,5.418294660307239,0.7541213161992316,5.418294660307239,5.203374451843073,0.002025428584298509,0.0003650964214392072,0.0,89.99762712805504,0.010825696749825992,0.5086427791931449,17,17,17,,,,,,,0.0,0.2145000135728328,0.3819718634205488,-0.167471849847716,0.4739561317323991,145,0.0,0.0,0.0,0.0,1.3877787807814457e-16,0.0,0.0,0.0,1.3877787807814457e-16,0.0,0.0,0.0,4.440892098500626e-16,0.0,0.0,0.0,success,0.7524444010985037,0.00036428505356194925,14.933333333333334,0.005452106560158827,11.261544988575192,0.0,5.203374451843073,690,0,353,0,353,0,0,0,0,0.11,0.22975424167139608,0,0,1.3333333333333333,1.3333333333333333,1.3333333333333335,0.75,,012d37f31022589d85192c2134502e816dc05d41428bc8fb163e68e88dbc5b15
acceleration-sweep,acceleration,rapid,vp,acceleration_scale,0.75,0,0.0,0.0,8d9ce8c82399f045c86cbbca469198644d84bf30ffc29047c982992bc8d21d3c,,0.3,True,False,704,23.466666666666665,23.233333333333334,23.466666666666665,0.00018381475684468078,0.0015140924363206696,2.447323863851923,40.15267182361835,0.016363674119883154,4.0711099922733015e-13,0.0,0.0,51.84659090909091,2.408075620350982,29.808597025751872,0.35193052444203954,0.8866298216525996,,False,0.22000000000000006,0.6,0,,0.0,9.86864910777917e-16,0.0,0.0,0.0,3.25,True,463,40.15267182361835,3.7345456566662305,6.948138831532553,40.15267182361835,0.0015140924363206696,0.0002804887684995493,0.0,89.99984341277678,3.625114199261896,29.808597025751872,0,110,110,,,,,,,0.0,0.21999999999999997,0.11459155902616464,0.10540844097383534,0.6,63,0.0,0.0,0.0,0.0,1.3877787807814457e-16,0.0,0.0,0.0,2.7755575615628914e-17,0.0,0.0,0.0,4.440892098500626e-16,0.0,0.0,0.0,success,3.726479852426373,0.00027988312032876635,15.4,0.004319527034893059,57.512003112659954,0.0,39.59655703327489,704,64,364,63,365,0,0,0,0,0.11,0.16500000000000004,0,0,1.3333333333333333,1.3333333333333333,1.3333333333333335,0.75,,d4f7e1227a988dbb2d66a88d5e1c032af21ae9f49a7c985911ed9a3ebaa59dbe
acceleration-sweep,acceleration,rapid,vp_scaled,acceleration_scale,0.75,0,0.0,0.0,3d77149e6424b2588328d8a69c0207f4e48477fc7f92800a3c889df3bf52635f,,0.3,True,False,732,24.4,24.166666666666668,24.4,0.0002528473353095601,0.003719859273040703,0.5773742986872602,9.833188142870245,0.015814744772620237,1.1271962124419058e-07,0.0,0.0,52.04918032786885,1.694829378994425,27.54215115014252,0.9461985036657797,0.9865109375242769,,False,0.22000000000000006,0.6,0,,0.0,9.86864910777917e-16,0.0,0.0,0.0,3.25,True,491,9.833188142870245,0.8637009967927143,7.953280681351891,9.833188142870245,0.003719859273040703,0.0003782374732678793,0.0,93.21944412220876,2.5025484227186707,27.54215115014252,0,86,86,,,,,,,3.2194441222087864,0.11456810300073715,0.11459155902616464,-2.3456025427484595e-05,0.6,91,0.0,0.0,0.0,0.0,1.3877787807814457e-16,0.0,0.0,0.0,1.3877787807814457e-16,0.0,0.0,0.0,4.440892098500626e-16,0.0,0.0,0.0,success,0.8619420148417798,0.00037746716003835457,16.333333333333332,0.006177878730042028,14.107116280947665,0.0,9.833188142870245,732,69,381,69,381,0,0,0,0,0.11,0.16500000000000004,0,0,1.3333333333333333,1.3333333333333333,1.3333333333333335,0.75,,253d9eb9c0bd334065e44215da799c12a053715c8e7d6070ef0dd2f4744ce336
acceleration-sweep,acceleration,rapid,dwvp,acceleration_scale,0.75,0,0.0,0.0,1bdb70bc5987998c186b7cf224e098614f489a417f10ede706789baf81e797ca,,0.3,True,False,733,24.433333333333334,24.2,24.433333333333334,0.00029042249682898337,0.004073645728841121,0.891887493788685,12.939335386705324,0.01627548344398022,5.386134497539972e-08,0.0,0.0,50.20463847203275,0.3244386766296351,8.616369038035234,1.1910041595099874,1.0765758060105781,,False,0.2244053721362411,0.6,50,,0.0,9.86864910777917e-16,0.0,0.0,0.0,3.25,True,492,12.939335386705324,1.3332882278886067,12.939335386705324,11.151589227839178,0.004073645728841121,0.0004341515831254591,0.0,89.99996067091094,0.47874484441233534,8.616369038035234,50,50,50,,,,,,,0.0,0.12146371219073024,0.11459155902616464,0.006872153164565603,0.6,92,0.0,0.0,0.0,0.0,1.3877787807814457e-16,0.0,0.0,0.0,1.3877787807814457e-16,0.0,0.0,0.0,4.440892098500626e-16,0.0,0.0,0.0,success,1.3305783324346554,0.0004332692341166091,16.366666666666667,0.007105614243820014,21.82148399644353,0.0,10.101476903061778,733,58,368,58,368,0,0,0,0,0.11,0.1683040291021808,0,0,1.3333333333333333,1.3333333333333333,1.3333333333333335,0.75,,c6f4be01934cd49a5e0560843155b941ce8a3b98382a8f162460520b8fc1b164
acceleration-sweep,acceleration,offset,dwpp,acceleration_scale,1.0,0,0.0,0.0,09990f68231a27ccccdc9668f341ccbc684f27f1abbe09866bcc056a75c8a78a,0.5,,True,False,865,28.833333333333332,28.666666666666668,28.833333333333332,0.050207461441682824,0.5,12.13831966860413,89.05888370572626,0.01700113792106849,0.0009238375579172542,0.0,0.0,56.87861271676301,4.221844681480455,86.18328233246034,0.9537855219554984,2.5263046865389085,,False,0.22,0.6,474,,0.0,1.5139404881252135e-15,0.0,0.0,0.0,3.25,True,626,89.05888370572626,16.818364542506604,15.882683212843384,89.05888370572626,0.5,0.06916570379318526,0.0,89.05888370572626,5.796569340543326,86.18328233246034,294,93,93,0.023830889209309182,True,5.366666666666666,0.6503095604572994,7.366666666666666,0.8542646434482952,,,,,,0,0.0,0.0,0.0,0.0,3.3306690738754696e-16,0.0,0.0,0.0,0.0,0.0,0.0,0.0,5.551115123125783e-16,0.0,0.0,0.0,success,16.791498151985206,0.06945458631021935,20.833333333333332,1.4409521623580261,350.3825946355542,0.0,,865,215,492,215,492,0,0,0,0,0.11,0.165,0,0,1.0,1.0,1.0,0.75,,2cf4a3581e84e9f522d4a17eee4efcc4d4704b0f70fc8591ef3b4616072831ff
acceleration-sweep,acceleration,offset,vp,acceleration_scale,1.0,0,0.0,0.0,0e927a57d725ad7ca2c9730282bb2fae22d434e6cdb31c09b87d7c54b68ccd75,0.5,,True,False,758,25.266666666666666,25.1,25.266666666666666,0.03379532797635652,0.5,0.0,0.0,0.017594268260272106,0.0,0.0,0.0,35.75197889182058,0.427404917795719,18.931366529720076,0.6644758744190438,0.0,,False,0.22000000000000006,0.0,0,,0.0,1.5139404881252135e-15,0.0,0.0,0.0,3.25,True,519,0.0,0.0,0.0,0.0,0.5,0.0490360114509889,0.0,0.0,0.6201077131024593,18.931366529720076,0,27,27,0.0,False,3.9,0.7204675815419951,3.9,0.7204675815419951,,,,,,0,0.0,0.0,0.0,0.0,3.3306690738754696e-16,0.0,0.0,0.0,3.3306690738754696e-16,0.0,0.0,0.0,0.0,0.0,0.0,0.0,success,0.0,0.04942322530187167,17.266666666666666,0.846688464387075,0.0,0.0,,758,0,271,0,271,0,0,0,0,0.11,0.16500000000000004,0,0,1.0,1.0,1.0,0.75,,5c6a823619ac4ec52f3ee3b2b07bef5be39e921cf3a02920f9866d489c47319c
acceleration-sweep,acceleration,offset,vp_scaled,acceleration_scale,1.0,0,0.0,0.0,ab14f5638f962bb45ecbe3190929136b63745b1c0e4925b746fd88e4802b5ec3,0.5,,True,False,758,25.266666666666666,25.1,25.266666666666666,0.0337953279767045,0.5,0.0,0.0,0.017594268260272106,0.0,0.0,0.0,35.75197889182058,0.427404917795719,18.931366529720076,0.6644758744190438,0.0,,False,0.22000000000000006,0.0,0,,0.0,1.5139404881252135e-15,0.0,0.0,0.0,3.25,True,519,0.0,0.0,0.0,0.0,0.5,0.0490360114509889,0.0,0.0,0.6201077131024593,18.931366529720076,0,27,27,0.0,False,3.9,0.7204675815419951,3.9,0.7204675815419951,,,,,,0,0.0,0.0,0.0,0.0,3.3306690738754696e-16,0.0,0.0,0.0,3.3306690738754696e-16,0.0,0.0,0.0,0.0,0.0,0.0,0.0,success,0.0,0.04942322530187167,17.266666666666666,0.846688464387075,0.0,0.0,,758,0,271,0,271,0,0,0,0,0.11,0.16500000000000004,0,0,1.0,1.0,1.0,0.75,,a4d84c4886decfd1f8cbaac1a576abee836b25dc412a340a512f4748c6883a71
acceleration-sweep,acceleration,offset,dwvp,acceleration_scale,1.0,0,0.0,0.0,4566413b4e6a7bcd87fdb6e54055ff2d9322156ce623c43c79d32b6cae072f79,0.5,,True,False,758,25.266666666666666,25.1,25.266666666666666,0.0342047963886416,0.5,0.0,0.0,0.017313170547075263,0.0,0.0,0.0,35.75197889182058,0.17719612986005373,13.765736466143721,0.6164561169444589,0.0,,False,0.22700098532100424,0.0,15,,0.0,1.5139404881252135e-15,0.0,0.0,0.0,3.25,True,519,0.0,0.0,0.0,0.0,0.5,0.049635985435658045,0.0,0.0,0.2570880265599623,13.765736466143721,15,15,15,0.0,False,4.033333333333333,0.7455187635306016,4.033333333333333,0.7455187635306016,,,,,,0,0.0,0.0,0.0,0.0,3.3306690738754696e-16,0.0,0.0,0.0,3.3306690738754696e-16,0.0,0.0,0.0,0.0,0.0,0.0,0.0,success,0.0,0.050022043267327815,17.266666666666666,0.8570480151890288,0.0,0.0,,758,0,271,0,271,0,0,0,0,0.11,0.1702507389907532,0,0,1.0,1.0,1.0,0.75,,1493211e9174d878294c05e5b16ef186f406de26cdea73c09edd64e65c8ecca5
acceleration-sweep,acceleration,gradual,vp,acceleration_scale,1.0,0,0.0,0.0,5a98172899273fa02daae1aa233abe423bca8038a1b9c5f8a6e35997a0e65d68,,1.0,True,False,697,23.233333333333334,23.066666666666666,23.233333333333334,0.00018566344834352314,0.0009361375649566893,0.485041113687822,5.4315301380395455,0.01731414593829994,6.310220488023617e-12,0.0,0.0,35.00717360114778,8.425236409255064e-05,0.04557682727075657,0.44358244702600164,4.123360512407902,,False,0.22000000000000006,0.3495175650145466,0,,0.0,1.5139404881252135e-15,0.0,0.0,0.0,3.25,True,458,5.4315301380395455,0.7407231780056698,5.4315301380395455,5.158978428770642,0.0009361375649566893,0.0002834881961997808,0.0,89.99766352283703,9.972735432233e-05,0.04557682727075657,0,0,0,,,,,,,0.0,0.21999999999999997,0.3819718634205488,-0.1619718634205488,0.3495175650145466,159,0.0,0.0,0.0,0.0,3.3306690738754696e-16,0.0,0.0,0.0,2.7755575615628914e-17,0.0,0.0,0.0,1.1102230246251565e-16,0.0,0.0,0.0,success,0.7391084292296345,0.00028287084948815046,15.233333333333333,0.004318470188776661,11.28368307828637,0.0,5.158978428770642,697,0,244,0,244,0,0,0,0,0.11,0.16500000000000004,0,0,1.0,1.0,1.0,0.75,,93d08b924b001e9808522ee8ad95182119ca8d0f906bcd0358e39b79c614db9f
acceleration-sweep,acceleration,gradual,vp_scaled,acceleration_scale,1.0,0,0.0,0.0,d6df7cac406efc2aad0f6fb188649bf9286b2ce7534deb1ed14f08a3d3555649,,1.0,True,False,697,23.233333333333334,23.066666666666666,23.233333333333334,0.0001856613198259518,0.0009361375649566893,0.4850486804326678,5.4315301380395455,0.017314145938297387,3.195603819438767e-06,0.0,0.0,35.00717360114778,6.604823910726092e-05,0.04557682727075657,0.4435824470268982,4.12336051241344,,False,0.22000000000000006,0.3495175650145466,0,,0.0,1.5139404881252135e-15,0.0,0.0,0.0,3.25,True,458,5.4315301380395455,0.7407231780056698,5.4315301380395455,5.158978428770642,0.0009361375649566893,0.0002834881961997808,0.0,89.99766352283703,9.972735432233e-05,0.04557682727075657,0,0,0,,,,,,,0.0,0.21999999999999997,0.3819718634205488,-0.1619718634205488,0.3495175650145466,159,0.0,0.0,0.0,0.0,3.3306690738754696e-16,0.0,0.0,0.0,2.7755575615628914e-17,0.0,0.0,0.0,1.1102230246251565e-16,0.0,0.0,0.0,success,0.7391084292296345,0.00028287084948815046,15.233333333333333,0.004318470188776661,11.28368307828637,0.0,5.158978428770642,697,0,244,0,244,0,0,0,0,0.11,0.16500000000000004,0,0,1.0,1.0,1.0,0.75,,a199e89ba8c71150f0eb6134d1786312b840ddb7bd5a28b93911d836ce9c2bf9
acceleration-sweep,acceleration,gradual,dwvp,acceleration_scale,1.0,0,0.0,0.0,167e51ef0d24d26339597c55a38f44b82138098a441a11230575fece3bb05f51,,1.0,True,False,683,22.766666666666666,22.6,22.766666666666666,0.0002127220334611372,0.0013864103335346962,0.4944078016151529,5.429242694934072,0.01723425353275111,3.2365977851726507e-06,0.0,0.0,48.31625183016106,1.4312679174835204e-07,1.7075472925031877e-06,0.5974728090666609,3.4566760910051375,,False,0.31001523899771183,0.4775468549092577,0,,0.0,1.5139404881252135e-15,0.0,0.0,0.0,3.25,True,444,5.429242694934072,0.7632524206924076,5.429242694934072,5.234528519256666,0.0013864103335346962,0.0003283587859624619,0.0,89.99763640466276,1.494388604161145e-07,1.7075472925031877e-06,0,0,0,,,,,,,0.0,0.21659855067155828,0.3819718634205488,-0.1653733127489905,0.4775468549092577,145,0.0,0.0,0.0,0.0,3.3306690738754696e-16,0.0,0.0,0.0,2.7755575615628914e-17,0.0,0.0,0.0,1.1102230246251565e-16,0.0,0.0,0.0,success,0.7615360454153272,0.00032762098175099613,14.766666666666666,0.00484876473937902,11.270694078891218,0.0,5.234528519256666,683,0,330,0,330,0,0,0,0,0.11,0.23251142924828389,0,0,1.0,1.0,1.0,0.75,,529d2aed5808fbf6bf7f372aa8c4f2e9764468f5c76e276fd22c73acb1321793
acceleration-sweep,acceleration,rapid,vp,acceleration_scale,1.0,0,0.0,0.0,6ad967f5009e25b8e130bf01848c4a998f85321e53d1fc3785db4c51446fd00a,,0.3,True,False,697,23.233333333333334,23.066666666666666,23.233333333333334,0.00018565821790120406,0.00151998763922851,2.1061314617191615,34.42309387231011,0.017315163113669207,5.597776239375789e-13,0.0,0.0,47.05882352941176,1.6739616261618346,22.012876382036634,0.4447939055996537,1.1036245662891278,,False,0.22000000000000006,0.6,0,,0.0,1.5139404881252135e-15,0.0,0.0,0.0,3.25,True,458,34.42309387231011,3.216795373035278,9.364284096221953,34.42309387231011,0.00151998763922851,0.00028355614430775923,0.0,89.99979280255897,2.529214707907566,22.012876382036634,0,81,81,,,,,,,0.0,0.21999999999999997,0.11459155902616464,0.10540844097383534,0.6,63,0.0,0.0,0.0,0.0,3.3306690738754696e-16,0.0,0.0,0.0,2.7755575615628914e-17,0.0,0.0,0.0,5.551115123125783e-16,0.0,0.0,0.0,success,3.209772028549874,0.00028293721361035486,15.233333333333333,0.004319505264954866,49.00251618257073,0.0,33.86662701240256,697,58,327,57,328,0,0,0,0,0.11,0.16500000000000004,0,0,1.0,1.0,1.0,0.75,,2b7b4612a396567a5819a46534a91a8cfa4c28ce58863861780e8454e897d45a
acceleration-sweep,acceleration,rapid,vp_scaled,acceleration_scale,1.0,0,0.0,0.0,2a2c33824b1149541e95f1b456ae5e8c4662e856a931d67fc90a6393d0146ef6,,0.3,True,False,719,23.966666666666665,23.8,23.966666666666665,0.00020587231384236763,0.0028232617479266946,0.7551287073641617,10.931824271946349,0.017557503825323284,5.4291661301583006e-08,0.0,0.0,47.8442280945758,0.8002665739426961,21.712310604502672,1.1605628883423897,1.2488789536419385,,False,0.22000000000000006,0.6,0,,0.0,1.5139404881252135e-15,0.0,0.0,0.0,3.25,True,480,10.931824271946349,1.1350558612987487,10.70183246485673,10.931824271946349,0.0028232617479266946,0.00030945075041026535,0.0,89.99996015740224,1.1903964951233215,21.712310604502672,0,59,59,,,,,,,0.0,0.11900117166789755,0.11459155902616464,0.00440961264173291,0.6,85,0.0,0.0,0.0,0.0,3.3306690738754696e-16,0.0,0.0,0.0,2.7755575615628914e-17,0.0,0.0,0.0,5.551115123125783e-16,0.0,0.0,0.0,success,1.1326912030904155,0.0003088061120403793,15.966666666666669,0.004940896981550571,18.123058585403356,0.0,9.583936949232072,719,63,344,63,344,0,0,0,0,0.11,0.16500000000000004,0,0,1.0,1.0,1.0,0.75,,d45652002af706a4ad550d6f5704ee47c579e027aa1362dc16e4092c3aa41768
acceleration-sweep,acceleration,rapid,dwvp,acceleration_scale,1.0,0,0.0,0.0,437968bf5f272416e64d754249540e495666e3ad5c7db06326ff806d457cf18a,,0.3,True,False,721,24.03333333333333,23.866666666666667,24.03333333333333,0.00019249394572176548,0.0021797274229147052,1.0389277323623043,13.856715979845278,0.017351451575397636,9.836727918855539e-08,0.0,0.0,46.463245492371705,0.09496856295262572,7.394280420466147,2.1808026546694075,1.74749006940998,,False,0.2269253011718913,0.6,33,,0.0,1.5139404881252135e-15,0.0,0.0,0.0,3.25,True,482,13.856715979845278,1.5594681403337327,13.856715979845278,12.369294875107128,0.0021797274229147052,0.0002889374424264531,0.0,89.99992803776573,0.1410736024364638,7.394280420466147,33,33,33,,,,,,,0.0,0.12256616926542982,0.11459155902616464,0.007974610239265184,0.6,88,0.0,0.0,0.0,0.0,3.3306690738754696e-16,0.0,0.0,0.0,2.7755575615628914e-17,0.0,0.0,0.0,5.551115123125783e-16,0.0,0.0,0.0,success,1.556232803903823,0.00028833806088245366,16.03333333333333,0.00463263032690413,25.003472516684177,0.0,12.369294875107128,721,55,335,55,335,0,0,0,0,0.11,0.1701939758789185,0,0,1.0,1.0,1.0,0.75,,674bfbb840366f8f01fa4779db07b04dbb4a1a186839707fc9eb7fc3851fd63c
acceleration-sweep,acceleration,offset,dwpp,acceleration_scale,1.5,0,0.0,0.0,0c3d6b02745ab4e49c47c950171071feff8eb1eda1c9c2f66ca29305b9705dd9,0.5,,True,False,817,27.233333333333334,27.099999999999998,27.233333333333334,0.049812757971021145,0.5,10.996573103910066,87.64300974021646,0.017494090283101723,0.00018785789282229617,0.0,0.0,49.93880048959608,1.7842799443011328,80.82023083059404,1.495486680888247,3.8968264157106134,,False,0.22,0.6,461,,0.0,9.86864910777917e-16,0.0,0.0,0.0,3.25,True,579,87.64300974021646,15.56218860899351,7.381217714460341,87.64300974021646,0.5,0.07006199572718948,0.0,87.64300974021646,2.5018999177798094,80.82023083059404,259,44,44,0.015340195975522006,True,5.233333333333333,0.6598873982237476,6.633333333333333,0.847660587569176,,,,,,0,0.0,0.0,0.0,0.0,2.7755575615628914e-16,0.0,0.0,0.0,0.0,0.0,0.0,0.0,8.881784197001252e-16,0.0,0.0,0.0,success,15.535311026578194,0.07037277845105797,19.266666666666666,1.3498611176771838,299.83150053327495,0.0,,817,154,406,152,408,0,0,0,0,0.11,0.165,0,0,0.6666666666666666,0.6666666666666666,0.6666666666666667,0.75,,b1e7af4bbed0bb11bff1455889f025cb1fe665dcfdc685402a7b3725edd8d212
acceleration-sweep,acceleration,offset,vp,acceleration_scale,1.5,0,0.0,0.0,cefccf7f1084a7533141c0411fe81817603e702729344d3d0615e974cbf78c1d,0.5,,True,False,748,24.933333333333334,24.8,24.933333333333334,0.031397678675564034,0.5,0.0,0.0,0.018070258628568592,0.0,0.0,0.0,33.155080213903744,0.20884665202068142,14.421484072410703,1.012238050305711,0.0,,False,0.22000000000000006,0.0,0,,0.0,8.410780489584519e-16,0.0,0.0,0.0,3.25,True,510,0.0,0.0,0.0,0.0,0.5,0.04571092598146004,0.0,0.0,0.30467041000664113,14.421484072410703,0,17,17,0.0,False,3.8666666666666667,0.7693936041497831,3.8666666666666667,0.7693936041497831,,,,,,0,0.0,0.0,0.0,0.0,2.7755575615628914e-16,0.0,0.0,0.0,2.7755575615628914e-16,0.0,0.0,0.0,0.0,0.0,0.0,0.0,success,0.0,0.04611149279342437,16.966666666666665,0.7755620441521053,0.0,0.0,,748,0,248,0,248,0,0,0,0,0.11,0.16500000000000004,0,0,0.6666666666666666,0.6666666666666666,0.6666666666666667,0.75,,1cd08b5c39cee591dd328c402569f1a028a6249a60169a70d28b922f6483cbba
acceleration-sweep,acceleration,offset,vp_scaled,acceleration_scale,1.5,0,0.0,0.0,e5eacaace07a199abeb80ec32c6ff9b63026228203a7e30a3d9878f83b29dc57,0.5,,True,False,748,24.933333333333334,24.8,24.933333333333334,0.03139767867606896,0.5,0.0,0.0,0.018070258628568592,0.0,0.0,0.0,33.155080213903744,0.20884665202068142,14.421484072410703,1.012238050305711,0.0,,False,0.22000000000000006,0.0,0,,0.0,8.410780489584519e-16,0.0,0.0,0.0,3.25,True,510,0.0,0.0,0.0,0.0,0.5,0.04571092598146004,0.0,0.0,0.30467041000664113,14.421484072410703,0,17,17,0.0,False,3.8666666666666667,0.7693936041497831,3.8666666666666667,0.7693936041497831,,,,,,0,0.0,0.0,0.0,0.0,2.7755575615628914e-16,0.0,0.0,0.0,2.7755575615628914e-16,0.0,0.0,0.0,0.0,0.0,0.0,0.0,success,0.0,0.04611149279342437,16.966666666666665,0.7755620441521053,0.0,0.0,,748,0,248,0,248,0,0,0,0,0.11,0.16500000000000004,0,0,0.6666666666666666,0.6666666666666666,0.6666666666666667,0.75,,5152069aa704205d3f8a779f0129876ce47f28743ebe0685a065b2a818c78746
acceleration-sweep,acceleration,offset,dwvp,acceleration_scale,1.5,0,0.0,0.0,a711705c707c4062dbca61c3c4b17046a16e99e7c0354e4fc89d229d164e5614,0.5,,True,False,747,24.9,24.766666666666666,24.9,0.03163080214576357,0.5,0.0,0.0,0.018356119877440236,0.0,0.0,0.0,33.60107095046854,0.07709511677670389,13.164637630388215,1.5129018642292684,0.0,,False,0.23694138358098227,0.0,8,,0.0,8.410780489584519e-16,0.0,0.0,0.0,3.25,True,509,0.0,0.0,0.0,0.0,0.5,0.04608236220624793,0.0,0.0,0.11253766555027701,13.164637630388215,8,8,8,0.0,False,3.9,0.7791990695980745,3.9,0.7791990695980745,,,,,,0,0.0,0.0,0.0,0.0,2.7755575615628914e-16,0.0,0.0,0.0,2.7755575615628914e-16,0.0,0.0,0.0,0.0,0.0,0.0,0.0,success,0.0,0.046482986249247474,16.933333333333334,0.7803280000257983,0.0,0.0,,747,0,251,0,251,0,0,0,0,0.11,0.1777060376857367,0,0,0.6666666666666666,0.6666666666666666,0.6666666666666667,0.75,,352eeabbcef82fbf1b732df2beebc9971ebc2a4a9f61fa3d6e5642b38af08b15
acceleration-sweep,acceleration,gradual,vp,acceleration_scale,1.5,0,0.0,0.0,04f91a7ac47b20eb38364dfde981fe14e0c149c1f4a0a56c1795221938c9c881,,1.0,True,False,691,23.03333333333333,22.9,23.03333333333333,0.0001872732470477494,0.000936136873035167,0.4892762746956892,5.431898285266969,0.018248212775288764,6.310220488023617e-12,0.0,0.0,33.28509406657019,1.851073878368455e-05,0.00026205566466101733,0.7214257839395355,4.146950773976207,,False,0.22000000000000006,0.3495175046554064,0,,0.0,8.410780489584519e-16,0.0,0.0,0.0,3.25,True,453,5.431898285266969,0.7489623386965016,5.431898285266969,5.1589776800974585,0.000936136873035167,0.00028662412761523237,0.0,89.99766352317147,1.967809972086831e-07,1.2074182697257333e-06,0,0,0,,,,,,,0.0,0.21999999999999995,0.3819718634205488,-0.16197186342054884,0.3495175046554064,159,0.0,0.0,0.0,0.0,2.7755575615628914e-16,0.0,0.0,0.0,5.551115123125783e-17,0.0,0.0,0.0,0.0,0.0,0.0,0.0,success,0.7473115790932295,0.0002859930443360599,15.066666666666666,0.004318470189402834,11.284365903027291,0.0,5.1589776800974585,691,0,230,0,230,0,0,0,0,0.11,0.16500000000000004,0,0,0.6666666666666666,0.6666666666666666,0.6666666666666667,0.75,,18baace8c0f422d604ab0de4f01459c9c20e5a44603c84ba8fe0223a0c6496c7
acceleration-sweep,acceleration,gradual,vp_scaled,acceleration_scale,1.5,0,0.0,0.0,ed92443dab5663a6aeb7e528c950b1a9c162c7a4ed9a98e995bd5e0b96021143,,1.0,True,False,691,23.03333333333333,22.9,23.03333333333333,0.00018727109738688822,0.000936136873035167,0.48928390242916925,5.431898285266969,0.018248212775285325,3.1956034886610803e-06,0.0,0.0,33.28509406657019,1.7906438011955684e-07,1.4787793334710982e-06,0.7214257839400913,4.146950773981761,,False,0.22000000000000006,0.3495175046554064,0,,0.0,8.410780489584519e-16,0.0,0.0,0.0,3.25,True,453,5.431898285266969,0.7489623386965016,5.431898285266969,5.1589776800974585,0.000936136873035167,0.00028662412761523237,0.0,89.99766352317147,1.967809972086831e-07,1.2074182697257333e-06,0,0,0,,,,,,,0.0,0.21999999999999995,0.3819718634205488,-0.16197186342054884,0.3495175046554064,159,0.0,0.0,0.0,0.0,2.7755575615628914e-16,0.0,0.0,0.0,5.551115123125783e-17,0.0,0.0,0.0,0.0,0.0,0.0,0.0,success,0.7473115790932295,0.0002859930443360599,15.066666666666666,0.004318470189402834,11.284365903027291,0.0,5.1589776800974585,691,0,230,0,230,0,0,0,0,0.11,0.16500000000000004,0,0,0.6666666666666666,0.6666666666666666,0.6666666666666667,0.75,,25b6431594b335ee0c22bff601666b3c163dbb5a5613ed3164f543994a240823
acceleration-sweep,acceleration,gradual,dwvp,acceleration_scale,1.5,0,0.0,0.0,4fb0d8061468010583655f8e5ccfc3e9d3cbfc4ce682f987f7da52c94e30ca16,,1.0,True,False,677,22.566666666666666,22.433333333333334,22.566666666666666,0.00021460657916420902,0.0013863121625318233,0.49805478188060776,5.432704068922592,0.018148221639111683,3.237547295245036e-06,0.0,0.0,44.46085672082718,1.9526301072816524e-07,1.7075472925031877e-06,0.778362861714126,3.487469231138938,,False,0.3100106817533746,0.47751190466806104,0,,0.0,8.410780489584519e-16,0.0,0.0,0.0,3.25,True,439,5.432704068922592,0.7708379687212207,5.432704068922592,5.2456404797795395,0.0013863121625318233,0.0003321103500860475,0.0,89.99763642806629,2.2056783500342784e-07,1.7075472925031877e-06,0,0,0,,,,,,,0.0,0.22,0.3819718634205488,-0.16197186342054878,0.47751190466806104,145,0.0,0.0,0.0,0.0,2.7755575615628914e-16,0.0,0.0,0.0,5.551115123125783e-17,0.0,0.0,0.0,0.0,0.0,0.0,0.0,success,0.7690847655714387,0.0003313555969102071,14.6,0.004848811111256293,11.254234343329822,0.0,5.2456404797795395,677,0,301,0,301,0,0,0,0,0.11,0.23250801131503096,0,0,0.6666666666666666,0.6666666666666666,0.6666666666666667,0.75,,d2cdc2cf4ac02650495162db56b477c77466a86cf0cab88cacbbacb33540a408
acceleration-sweep,acceleration,rapid,vp,acceleration_scale,1.5,0,0.0,0.0,072341855baa5b8e9f0f933ea9c65f889724551f0131fb945c2df9ba4a0e0efb,,0.3,True,False,691,23.03333333333333,22.9,23.03333333333333,0.00018726779371441632,0.0015243795071863968,1.7954666972373383,28.693515921001897,0.018249313119674593,4.579998741307465e-13,0.0,0.0,42.83646888567294,1.099985153192869,19.903417777880673,0.7224662681186003,1.5904514859019103,,False,0.22000000000000006,0.6,0,,0.0,9.86864910777917e-16,0.0,0.0,0.0,3.25,True,453,28.693515921001897,2.74880410496973,14.024802724755055,28.693515921001897,0.0015243795071863968,0.0002866941914766628,0.0,89.99983040331779,1.668187413212495,19.903417777880673,0,64,64,,,,,,,0.0,0.21999999999999995,0.11459155902616464,0.10540844097383531,0.6,63,0.0,0.0,0.0,0.0,2.7755575615628914e-16,0.0,0.0,0.0,5.551115123125783e-17,0.0,0.0,0.0,8.881784197001252e-16,0.0,0.0,0.0,success,2.742736291930814,0.00028606146969594116,15.066666666666666,0.004319525818248386,41.41531518154393,0.0,28.136683601177676,691,52,295,51,296,0,0,0,0,0.11,0.16500000000000004,0,0,0.6666666666666666,0.6666666666666666,0.6666666666666667,0.75,,631e642cbc3c0e5688d79867c07da01decb7f6e9647db8f8dc6d1250388900f5
acceleration-sweep,acceleration,rapid,vp_scaled,acceleration_scale,1.5,0,0.0,0.0,569aa3bfb697dde7ba60c02f234ac7cebff83c6ddcc067b094995ac72b1a8c34,,0.3,True,False,708,23.6,23.466666666666665,23.6,0.0001764742834131421,0.0019505539861567767,1.0796259119057507,15.172366844204593,0.018371643148914707,9.82037223446158e-08,0.0,0.0,43.78531073446328,0.2457997673753619,11.126941787691646,1.9478547050304582,1.7366010172625925,,False,0.22000000000000006,0.6,0,,0.0,9.86864910777917e-16,0.0,0.0,0.0,3.25,True,470,15.172366844204593,1.6320962157357264,15.172366844204593,12.277903348462058,0.0019505539861567767,0.0002667774994400384,0.0,89.99992806358536,0.3681766359339273,11.126941787691646,0,31,31,,,,,,,0.0,0.12345300570574849,0.11459155902616464,0.008861446679583856,0.6,80,0.0,0.0,0.0,0.0,2.7755575615628914e-16,0.0,0.0,0.0,2.7755575615628914e-16,0.0,0.0,0.0,8.881784197001252e-16,0.0,0.0,0.0,success,1.6286237471239637,0.0002662099587477128,15.633333333333333,0.004170621574579267,25.515104172668522,0.0,10.930147633269636,708,56,310,56,310,0,0,0,0,0.11,0.16500000000000004,0,0,0.6666666666666666,0.6666666666666666,0.6666666666666667,0.75,,b194ecc46d8b8c9e8d1b2fc8682c7d4c6b0130b1d81e3a83a30818ce684e3885
acceleration-sweep,acceleration,rapid,dwvp,acceleration_scale,1.5,0,0.0,0.0,40abac4ef8399278aec5cd1b3fa312b4484488da19e544b0c7710c222fb40f88,,0.3,True,False,712,23.733333333333334,23.6,23.733333333333334,0.00014585083788852318,0.001084706466807046,1.1123493374249624,14.4933279433893,0.017691562111711523,1.054819510110522e-07,0.0,0.0,43.53932584269663,0.036455462965779756,6.29747121109969,3.2496604260894655,3.963030349781847,,False,0.2297627559970079,0.6,15,,0.0,9.86864910777917e-16,0.0,0.0,0.0,3.25,True,474,14.4933279433893,1.6767512174219905,14.4933279433893,13.033588205765698,0.001084706466807046,0.00021985205964854908,0.0,89.99992353979674,0.05445241644747845,6.29747121109969,15,15,15,,,,,,,0.0,0.12245835222563901,0.11459155902616464,0.007866793199474378,0.6,84,0.0,0.0,0.0,0.0,2.7755575615628914e-16,0.0,0.0,0.0,2.7755575615628914e-16,0.0,0.0,0.0,8.881784197001252e-16,0.0,0.0,0.0,success,1.6732138482504286,0.0002193883070003352,15.766666666666666,0.00346633414045879,26.43677752802005,0.0,12.294634934518873,712,53,310,53,310,0,0,0,0,0.11,0.17232206699775593,0,0,0.6666666666666666,0.6666666666666666,0.6666666666666667,0.75,,18f05a90a46e655cfd54b299897c50e2eea30abacb239cc37b3922b7efbb180c
acceleration-sweep,acceleration,offset,dwpp,acceleration_scale,2.0,0,0.0,0.0,17b0cf80ed8350a50588793029a883eead90883c2ec2571f6bf662d03af60e3b,0.5,,True,False,804,26.8,26.7,26.8,0.049273088107534335,0.5,11.028631794386449,87.86576128021345,0.01853712706350583,0.001148658803389809,0.0,0.0,47.2636815920398,1.1444620990713874,79.78939847495124,2.155079456527649,5.570100734073506,,False,0.22,0.6,484,,0.0,9.251858538542972e-16,0.0,0.0,0.0,3.25,True,567,87.86576128021345,15.68518900550217,3.6536407116782876,87.86576128021345,0.5,0.0696355024959667,0.0,87.86576128021345,1.6132379110878559,79.78939847495124,263,31,31,0.014255182447349479,True,5.2,0.6625193121353157,6.6,0.8695584924650674,,,,,,0,0.0,0.0,0.0,0.0,5.551115123125783e-17,0.0,0.0,0.0,0.0,0.0,0.0,0.0,1.1102230246251565e-15,0.0,0.0,0.0,success,15.657525702980317,0.06995361478374239,18.866666666666667,1.3137898137572384,295.9272325704743,0.0,,804,150,377,147,380,0,0,0,0,0.11,0.165,0,0,0.5,0.5,0.5,0.75,,f7ae9eb0eb668856120eb56289e4f4d558ae7c8e9eaaa2f04e05542b1c776d64
acceleration-sweep,acceleration,offset,vp,acceleration_scale,2.0,0,0.0,0.0,11e60521632e924045838964a0a586a1b3e4d64390e173841b97592c00da0fe0,0.5,,True,False,742,24.733333333333334,24.633333333333333,24.733333333333334,0.030185084145880735,0.5,0.0,0.0,0.01887686008962719,0.0,0.0,0.0,31.671159029649598,0.09433561564560558,9.603047485490151,1.1001845796925096,0.0,,False,0.22000000000000006,0.0,0,,0.0,1.261617073437678e-16,0.0,0.0,0.0,3.25,True,505,0.0,0.0,0.0,0.0,0.5,0.044003010945086914,0.0,0.0,0.13804756428139114,9.603047485490151,0,11,11,0.0,False,3.8,0.780460494027193,3.8,0.780460494027193,,,,,,0,0.0,0.0,0.0,0.0,5.551115123125783e-17,0.0,0.0,0.0,5.551115123125783e-17,0.0,0.0,0.0,0.0,0.0,0.0,0.0,success,0.0,0.04441092577509366,16.8,0.7392505838774602,0.0,0.0,,742,0,235,0,235,0,0,0,0,0.11,0.16500000000000004,0,0,0.5,0.5,0.5,0.75,,81573c7364dbd9da7ea09441e6952e8000d699995806fa13ab259e7edaa4aa7f
acceleration-sweep,acceleration,offset,vp_scaled,acceleration_scale,2.0,0,0.0,0.0,eea5a99f66f1fe82b44e1a7ad6ef8e1e77a6682490099f5f598867a829c7ab17,0.5,,True,False,742,24.733333333333334,24.633333333333333,24.733333333333334,0.03018508414647425,0.5,0.0,0.0,0.01887686008962719,0.0,0.0,0.0,31.671159029649598,0.09433561564560558,9.603047485490151,1.1001845796925096,0.0,,False,0.22000000000000006,0.0,0,,0.0,1.261617073437678e-16,0.0,0.0,0.0,3.25,True,505,0.0,0.0,0.0,0.0,0.5,0.044003010945086914,0.0,0.0,0.13804756428139114,9.603047485490151,0,11,11,0.0,False,3.8,0.780460494027193,3.8,0.780460494027193,,,,,,0,0.0,0.0,0.0,0.0,5.551115123125783e-17,0.0,0.0,0.0,5.551115123125783e-17,0.0,0.0,0.0,0.0,0.0,0.0,0.0,success,0.0,0.04441092577509366,16.8,0.7392505838774602,0.0,0.0,,742,0,235,0,235,0,0,0,0,0.11,0.16500000000000004,0,0,0.5,0.5,0.5,0.75,,2a44a84daf931fb769d541014c0bce29ce27bc3a1a756b767b8cfe9aa53c44ae
acceleration-sweep,acceleration,offset,dwvp,acceleration_scale,2.0,0,0.0,0.0,20780cf0872d11757ac659036f79a13bc0f02aed9753a297f67503d8d4743337,0.5,,True,False,744,24.8,24.7,24.8,0.03015365178779264,0.5,0.0,0.0,0.018092054363479715,0.0,0.0,0.0,32.39247311827957,0.08198713378968643,17.965139546584194,2.992615972812784,0.0,,False,0.24201692749595374,0.0,9,,0.0,6.308085367188389e-16,0.0,0.0,0.0,3.25,True,507,0.0,0.0,0.0,0.0,0.5,0.04390211576629032,0.0,0.0,0.11982734938492631,17.965139546584194,9,9,9,0.0,False,3.8,0.7787645541801139,3.8,0.7787645541801139,,,,,,0,0.0,0.0,0.0,0.0,2.7755575615628914e-16,0.0,0.0,0.0,2.7755575615628914e-16,0.0,0.0,0.0,0.0,0.0,0.0,0.0,success,0.0,0.04430862046910013,16.866666666666667,0.7404823525914301,0.0,0.0,,744,0,241,0,241,0,0,0,0,0.11,0.18151269562196531,0,0,0.5,0.5,0.5,0.75,,c302a2cecc49b96e823edce7076d0bb4df9e50fa69b63ee2cb5183f9793ce14a
acceleration-sweep,acceleration,gradual,vp,acceleration_scale,2.0,0,0.0,0.0,130cf5ea420f8621aacf29995bb2a6b16d4343544e2dec507611efaa14901d57,,1.0,True,False,688,22.933333333333334,22.833333333333332,22.933333333333334,0.00018808865988856381,0.0009366123853479771,0.49166890854667816,5.33009718397364,0.018104585089368186,5.750442864086038e-12,0.0,0.0,32.412790697674424,1.8560135538512483e-05,0.0002619805511697759,0.9236649310891875,4.155981186202799,,False,0.22000000000000006,0.34916802083690784,0,,0.0,1.261617073437678e-16,0.0,0.0,0.0,3.25,True,451,5.33009718397364,0.7526952235281942,5.33009718397364,5.187709618938697,0.0009366123853479771,0.0002878996775863438,0.0,89.9977171059023,2.0189911142396334e-07,1.2074182697257333e-06,0,0,0,,,,,,,0.0,0.21999999999999995,0.3819718634205488,-0.16197186342054884,0.34916802083690784,159,0.0,0.0,0.0,0.0,5.551115123125783e-17,0.0,0.0,0.0,5.551115123125783e-17,0.0,0.0,0.0,0.0,0.0,0.0,0.0,success,0.7510288071723641,0.00028726293357761527,15.0,0.004318495163795157,11.290428352922913,0.0,4.948504813636609,688,0,223,0,223,0,0,0,0,0.11,0.16500000000000004,0,0,0.5,0.5,0.5,0.75,,9f845e613d5fa083d8010d36ff09e6a34817fe63ab88578f4e85afc3b4f4667e
acceleration-sweep,acceleration,gradual,vp_scaled,acceleration_scale,2.0,0,0.0,0.0,fcc976d5a273c94599b9a868e54bb41a1bdd963f33ca7a0cb647f3b69db1ec89,,1.0,True,False,688,22.933333333333334,22.833333333333332,22.933333333333334,0.0001880864980843348,0.0009366123853479771,0.4916765640421118,5.33009718397364,0.018104585089366073,3.151020966691195e-06,0.0,0.0,32.412790697674424,1.727452780260276e-07,1.4787793334710982e-06,0.9236649310895162,4.1559811862038964,,False,0.22000000000000006,0.34916802083690784,0,,0.0,1.261617073437678e-16,0.0,0.0,0.0,3.25,True,451,5.33009718397364,0.7526952235281942,5.33009718397364,5.187709618938697,0.0009366123853479771,0.0002878996775863438,0.0,89.9977171059023,2.0189911142396334e-07,1.2074182697257333e-06,0,0,0,,,,,,,0.0,0.21999999999999995,0.3819718634205488,-0.16197186342054884,0.34916802083690784,159,0.0,0.0,0.0,0.0,5.551115123125783e-17,0.0,0.0,0.0,5.551115123125783e-17,0.0,0.0,0.0,0.0,0.0,0.0,0.0,success,0.7510288071723641,0.00028726293357761527,15.0,0.004318495163795157,11.290428352922913,0.0,4.948504813636609,688,0,223,0,223,0,0,0,0,0.11,0.16500000000000004,0,0,0.5,0.5,0.5,0.75,,ea16db02f24eb6838eb2304e11c2c1d2b6adf7b4f678427aa84f2b98dd1be60d
acceleration-sweep,acceleration,gradual,dwvp,acceleration_scale,2.0,0,0.0,0.0,cd1e98bd6d1255dbc941765deba72b456a4312387d190dfcfc99dd620ea17315,,1.0,True,False,674,22.466666666666665,22.366666666666667,22.466666666666665,0.00021556034785741188,0.0013859498498330158,0.5034764329148158,5.358101833041081,0.018003634067598757,3.185773742695861e-06,0.0,0.0,42.28486646884273,1.53335288599098e-07,1.2074182697257333e-06,0.9700278260325742,3.5927165915315817,,False,0.3098476567302156,0.48067127883583183,0,,0.0,6.308085367188389e-16,0.0,0.0,0.0,3.25,True,437,5.358101833041081,0.7793435534266591,5.358101833041081,5.235545309450055,0.0013859498498330158,0.0003336356894428439,0.0,89.99769561348927,1.6940799044922694e-07,1.2074182697257333e-06,0,0,0,,,,,,,0.0,0.22,0.3819718634205488,-0.16197186342054878,0.48067127883583183,145,0.0,0.0,0.0,0.0,2.7755575615628914e-16,0.0,0.0,0.0,5.551115123125783e-17,0.0,0.0,0.0,0.0,0.0,0.0,0.0,success,0.7775627951653975,0.0003328739517919928,14.533333333333333,0.004848838686569331,11.326459643134111,0.0,5.024630638323565,674,0,285,0,285,0,0,0,0,0.11,0.2323857425476617,0,0,0.5,0.5,0.5,0.75,,fb8e6ec4157a8bb345db5fb935c7dcfeadfca5d40f8fcf7b15312229f994b337
acceleration-sweep,acceleration,rapid,vp,acceleration_scale,2.0,0,0.0,0.0,4abcff9ef8f072e76c9c7c8cc4b474c52fbc4a5400b1f7c515bb28eefdea2f69,,0.3,True,False,688,22.933333333333334,22.833333333333332,22.933333333333334,0.0001880830948685501,0.001525819907842992,1.6992037318374018,25.672632722665618,0.018105717096926544,3.562221243239139e-13,0.0,0.0,41.133720930232556,0.779028264935891,18.39913609123743,0.9246627650961342,2.1862930036438217,,False,0.22000000000000006,0.6,0,,0.0,9.251858538542972e-16,0.0,0.0,0.0,3.25,True,451,25.672632722665618,2.6016629737742276,16.74188027440053,25.672632722665618,0.001525819907842992,0.000287969217805528,0.0,89.99985276492698,1.1832229764214641,18.39913609123743,0,50,50,,,,,,,0.0,0.21999999999999995,0.11459155902616464,0.10540844097383531,0.6,64,0.0,0.0,0.0,0.0,5.551115123125783e-17,0.0,0.0,0.0,5.551115123125783e-17,0.0,0.0,0.0,1.1102230246251565e-15,0.0,0.0,0.0,success,2.595894482962171,0.0002873308437675592,15.0,0.00431953826708292,39.02494460661342,0.0,25.672632722665618,688,48,280,45,283,0,0,0,0,0.11,0.16500000000000004,0,0,0.5,0.5,0.5,0.75,,26c584d6ca8df1a5ecede9720c964179b9d5c47fcda77baf7fb5d057e03d85f5
acceleration-sweep,acceleration,rapid,vp_scaled,acceleration_scale,2.0,0,0.0,0.0,bdad062f6cbbd3b0099dcc4e978e469107e63cb979662a5c2000e052b8cdd48e,,0.3,True,False,702,23.4,23.3,23.4,0.0001675807221466091,0.0015586925944588064,1.1992004647705468,17.66006162390362,0.018793391442237795,1.0175006625888508e-07,0.0,0.0,41.5954415954416,0.044361294766771635,3.416535025911545,2.1347775900273733,2.5372572228567676,,False,0.22000000000000006,0.6,0,,0.0,9.251858538542972e-16,0.0,0.0,0.0,3.25,True,465,17.66006162390362,1.8168884085512647,17.66006162390362,12.716754051873815,0.0015586925944588064,0.0002538957292829785,0.0,89.9999254923527,0.06668498807289619,3.416535025911545,0,10,10,,,,,,,0.0,0.1269095130558835,0.11459155902616464,0.012317954029718858,0.6,78,0.0,0.0,0.0,0.0,5.551115123125783e-17,0.0,0.0,0.0,5.551115123125783e-17,0.0,0.0,0.0,1.1102230246251565e-15,0.0,0.0,0.0,success,1.812981201766904,0.00025334978894284344,15.466666666666667,0.003926920612910067,28.101207385592893,0.0,11.421913030211334,702,52,290,50,292,0,0,0,0,0.11,0.16500000000000004,0,0,0.5,0.5,0.5,0.75,,a26f86906b2042cf7b41ada7c13ee771ffa7a8e4af5867503628164085c9fb8f
acceleration-sweep,acceleration,rapid,dwvp,acceleration_scale,2.0,0,0.0,0.0,1381b1c73c0781f084c5111f8fbd08c9e4e2773d64cbe6495dbe8cf514035ac8,,0.3,True,False,703,23.433333333333334,23.333333333333332,23.433333333333334,0.0001534394211027916,0.0011185430546981007,1.1911096134370334,17.0406034982901,0.018735070519462216,1.0731150784157983e-07,0.0,0.0,41.67852062588905,0.016088229108330954,3.8067255244561453,3.8327318658279803,3.5601842353016124,,False,0.23137008634139222,0.6,7,,0.0,9.251858538542972e-16,0.0,0.0,0.0,3.25,True,466,17.0406034982901,1.8033104751032838,17.0406034982901,13.157769365939231,0.0011185430546981007,0.00023230039496808128,0.0,89.9999214893338,0.024166811017127435,3.8067255244561453,7,7,7,,,,,,,0.0,0.12435402873990427,0.11459155902616464,0.009762469713739633,0.6,80,0.0,0.0,0.0,0.0,2.7755575615628914e-16,0.0,0.0,0.0,5.551115123125783e-17,0.0,0.0,0.0,1.1102230246251565e-15,0.0,0.0,0.0,success,1.7994407943741633,0.00023180196968333993,15.5,0.00360065612200526,27.9513123641009,0.0,13.157769365939231,703,52,292,51,293,0,0,0,0,0.11,0.17352756475604417,0,0,0.5,0.5,0.5,0.75,,51517488593343215369fcf7b7dd2797fe0f879716072acea459061fc2690cef
acceleration-sweep,acceleration,offset,dwpp,angular_acceleration_scale,0.25,0,0.0,0.0,502970f2ca85579b9324f3205e9a14020892a65f759cb385ebbcae1b8ae26fff,0.5,,False,True,3600,120.0,,,0.03289331311535605,0.5,52.27597317190007,128.71494778673917,1.1228098035307212,44.49105706567775,0.0,0.0,99.94444444444444,68.18717689316755,171.46919468017032,0.9016678247471558,0.3617377875296894,,False,0.22,0.6,1662,,0.0,1.5139404881252135e-15,0.0,0.0,0.0,3.25,False,3601,128.71494778673917,52.28431496207759,74.81408474257854,128.71494778673917,0.5,0.0328300696273656,0.0,128.71494778673917,68.18717689316755,171.46919468017032,1662,1662,1662,0.044271712524941526,True,11.233333333333333,0.648606027369783,,,,,,,,0,0.0,0.0,0.0,0.0,3.3306690738754696e-16,0.0,0.0,0.0,0.0,0.0,0.0,0.0,1.3877787807814457e-16,0.0,0.0,0.0,timeout,52.27597317190007,0.03289331311535605,120.0,3.939608355283872,6274.1177954493105,0.0,,3600,3455,3598,3455,3598,0,0,0,0,0.11,0.165,0,0,1.0,1.0,4.0,0.75,,2211ba9725e2de2d929d9e5f9dfca06dada4e6fb4148d5c439a7bba826408855
acceleration-sweep,acceleration,offset,vp,angular_acceleration_scale,0.25,0,0.0,0.0,46f61c35456dcf17f276f0dd5d9363dc25eace99c9e536425a3367522b87dc65,0.5,,True,False,758,25.266666666666666,25.1,25.266666666666666,0.03379532797635652,0.5,0.0,0.0,0.017594268260272106,0.0,0.0,0.0,35.75197889182058,0.427404917795719,18.931366529720076,0.6644758744190438,0.0,,False,0.22000000000000006,0.0,0,,0.0,1.5139404881252135e-15,0.0,0.0,0.0,3.25,True,519,0.0,0.0,0.0,0.0,0.5,0.0490360114509889,0.0,0.0,0.6201077131024593,18.931366529720076,0,27,27,0.0,False,3.9,0.7204675815419951,3.9,0.7204675815419951,,,,,,0,0.0,0.0,0.0,0.0,3.3306690738754696e-16,0.0,0.0,0.0,3.3306690738754696e-16,0.0,0.0,0.0,0.0,0.0,0.0,0.0,success,0.0,0.04942322530187167,17.266666666666666,0.846688464387075,0.0,0.0,,758,0,271,0,271,0,0,0,0,0.11,0.16500000000000004,0,0,1.0,1.0,4.0,0.75,,53df2431c419f9b39ec9c10acfb9297378351f082a02c7146ce9bc26bed9b637
acceleration-sweep,acceleration,offset,vp_scaled,angular_acceleration_scale,0.25,0,0.0,0.0,26d82365b935b9f32527c0343985ca6a0665e95460f7a07591fda52b891a847d,0.5,,True,False,758,25.266666666666666,25.1,25.266666666666666,0.0337953279767045,0.5,0.0,0.0,0.017594268260272106,0.0,0.0,0.0,35.75197889182058,0.427404917795719,18.931366529720076,0.6644758744190438,0.0,,False,0.22000000000000006,0.0,0,,0.0,1.5139404881252135e-15,0.0,0.0,0.0,3.25,True,519,0.0,0.0,0.0,0.0,0.5,0.0490360114509889,0.0,0.0,0.6201077131024593,18.931366529720076,0,27,27,0.0,False,3.9,0.7204675815419951,3.9,0.7204675815419951,,,,,,0,0.0,0.0,0.0,0.0,3.3306690738754696e-16,0.0,0.0,0.0,3.3306690738754696e-16,0.0,0.0,0.0,0.0,0.0,0.0,0.0,success,0.0,0.04942322530187167,17.266666666666666,0.846688464387075,0.0,0.0,,758,0,271,0,271,0,0,0,0,0.11,0.16500000000000004,0,0,1.0,1.0,4.0,0.75,,4a3c9856813a547a6dc7b1fc1464e9e3177ab1e8da4647b8b48346e171243458
acceleration-sweep,acceleration,offset,dwvp,angular_acceleration_scale,0.25,0,0.0,0.0,ce0f9df16eb3bdcc5651acd1b4b6a3c396551ca9519614954ea938b03e4a5143,0.5,,True,False,758,25.266666666666666,25.1,25.266666666666666,0.0342047963886416,0.5,0.0,0.0,0.017313170547075263,0.0,0.0,0.0,35.75197889182058,0.17719612986005373,13.765736466143721,0.6164561169444589,0.0,,False,0.22700098532100424,0.0,15,,0.0,1.5139404881252135e-15,0.0,0.0,0.0,3.25,True,519,0.0,0.0,0.0,0.0,0.5,0.049635985435658045,0.0,0.0,0.2570880265599623,13.765736466143721,15,15,15,0.0,False,4.033333333333333,0.7455187635306016,4.033333333333333,0.7455187635306016,,,,,,0,0.0,0.0,0.0,0.0,3.3306690738754696e-16,0.0,0.0,0.0,3.3306690738754696e-16,0.0,0.0,0.0,0.0,0.0,0.0,0.0,success,0.0,0.050022043267327815,17.266666666666666,0.8570480151890288,0.0,0.0,,758,0,271,0,271,0,0,0,0,0.11,0.1702507389907532,0,0,1.0,1.0,4.0,0.75,,3aa1a91c73542161c4a62a5de67fb261ba073f380ce7d20d33c6e6c35976a5ce
acceleration-sweep,acceleration,gradual,vp,angular_acceleration_scale,0.25,0,0.0,0.0,c9aeba2063ade704686ad3d080116fadc1aeb625e318e7062c48f3201aca3347,,1.0,True,False,697,23.233333333333334,23.066666666666666,23.233333333333334,0.00021442092621380072,0.001097205518773923,1.6459315687107563,9.181807384283532,0.01731441863020944,2.1724460696268404e-10,0.0,0.0,67.43185078909613,3.9348343983014265,25.09608214768375,0.4434144188805323,1.3434545381981604,,False,0.22000000000000006,0.4700000000000003,0,,0.0,1.5139404881252135e-15,0.0,0.0,0.0,3.25,True,458,9.181807384283532,2.5102878060355622,9.181807384283532,8.048318775579657,0.001097205518773923,0.0003258117046821934,0.0,99.18180738428356,5.944256033431761,25.09608214768375,0,198,198,,,,,,,9.181807384283532,0.21999999999999997,0.3819718634205488,-0.1619718634205488,0.4700000000000003,159,0.0,0.0,0.0,0.0,3.3306690738754696e-16,0.0,0.0,0.0,2.7755575615628914e-17,0.0,0.0,0.0,1.3877787807814457e-16,0.0,0.0,0.0,success,2.504894597760484,0.0003251259339951977,15.233333333333333,0.004963198301325413,38.24005091194173,0.0,8.048318775579657,697,0,470,0,470,0,0,0,0,0.11,0.16500000000000004,0,0,1.0,1.0,4.0,0.75,,b22e741f4f9a64fbc9bf5aae712dd31e01e7c20058cecdd47d54dc71b037eeab
acceleration-sweep,acceleration,gradual,vp_scaled,angular_acceleration_scale,0.25,0,0.0,0.0,91f7689ab4ef22fd9449eb04be14e9b5bcdaeae6a97c66d56b0c582c781d763e,,1.0,True,False,697,23.233333333333334,23.066666666666666,23.233333333333334,0.00021425865679393518,0.001097205518773923,1.6461919332927415,9.181807384283532,0.017314418616134503,0.00010995843348591952,0.0,0.0,67.43185078909613,3.9342042257381853,25.09608214768375,0.4434144203100171,1.3434545582977178,,False,0.22000000000000006,0.4700000000000003,0,,0.0,1.5139404881252135e-15,0.0,0.0,0.0,3.25,True,458,9.181807384283532,2.5102878060355622,9.181807384283532,8.048318775579657,0.001097205518773923,0.0003258117046821934,0.0,99.18180738428356,5.944256033431761,25.09608214768375,0,198,198,,,,,,,9.181807384283532,0.21999999999999997,0.3819718634205488,-0.1619718634205488,0.4700000000000003,159,0.0,0.0,0.0,0.0,3.3306690738754696e-16,0.0,0.0,0.0,2.7755575615628914e-17,0.0,0.0,0.0,1.3877787807814457e-16,0.0,0.0,0.0,success,2.504894597760484,0.0003251259339951977,15.233333333333333,0.004963198301325413,38.24005091194173,0.0,8.048318775579657,697,0,470,0,470,0,0,0,0,0.11,0.16500000000000004,0,0,1.0,1.0,4.0,0.75,,954412477f44deb9a671571b5731953132acb151c89b616b188674a4a3af4022
acceleration-sweep,acceleration,gradual,dwvp,angular_acceleration_scale,0.25,0,0.0,0.0,3f5d2a228959c290d02965a5a9527d04281f528e3b69255e6ab10f4981d43ba3,,1.0,True,False,749,24.966666666666665,24.8,24.966666666666665,0.0008124141709358229,0.006670992790888702,0.9608509811754918,8.552001222213372,0.016736557581931204,9.560821364903441e-06,0.0,0.0,64.88651535380508,4.157687947490445,116.43427351205592,2.5834146405531313,1.1822353583527865,,False,0.30462494603650847,0.472760923041678,121,,0.0,1.5139404881252135e-15,0.0,0.0,0.0,3.25,True,510,8.552001222213372,1.415480347018159,8.552001222213372,2.0819330694939313,0.006670992790888702,0.0011969882336841707,0.0,98.55200122221338,6.0653329431250365,116.43427351205592,121,121,121,,,,,,,8.552001222213372,0.14222924499999023,0.3819718634205488,-0.23974261842055855,0.472760923041678,161,0.0,0.0,0.0,0.0,3.3306690738754696e-16,0.0,0.0,0.0,2.7755575615628914e-17,0.0,0.0,0.0,1.3877787807814457e-16,0.0,0.0,0.0,success,1.412711687499101,0.0011946435055217215,16.966666666666665,0.02030890036484143,24.015983221074762,0.0,1.9960827678755222,749,0,486,0,486,0,0,0,0,0.11,0.22846870952738135,0,0,1.0,1.0,4.0,0.75,,25c486994867870a60d0c3a5a77cb696dbca858a57b2d070eb81a3b072cec9ae
acceleration-sweep,acceleration,rapid,vp,angular_acceleration_scale,0.25,0,0.0,0.0,ba14cad4d822edcfae8c0109e90d1142c309932f656d6e856a24cfed2b3140b5,,0.3,True,False,696,23.2,23.03333333333333,23.2,0.0008314990251051108,0.006394892773479876,14.552949032811377,70.74861808360433,0.01740079174182499,2.6582715988882133e-06,0.0,0.0,85.34482758620689,22.47473429637539,70.66897724861073,0.4416807997049115,0.6211445006995479,,False,0.22000000000000006,0.5850000000000004,0,,0.0,1.5139404881252135e-15,0.0,0.0,0.0,3.25,True,458,70.74861808360433,20.791646801898658,40.720320959097364,70.74861808360433,0.001399884609201722,0.000480097168254237,0.0,130.7203209590974,28.561962896171032,70.66897724861073,0,463,327,,,,,,,40.720320959097364,0.21999999999999997,0.11459155902616464,0.10540844097383534,0.31500000000000017,63,0.0,0.0,0.0,0.0,3.3306690738754696e-16,0.0,0.0,0.0,2.7755575615628914e-17,0.0,0.0,0.0,1.3877787807814457e-16,0.0,0.0,0.0,success,20.749037425270025,0.0004799011601435021,15.233333333333333,0.00731348019640621,316.7260862822562,0.0,69.64989267971482,696,217,594,217,594,0,0,0,0,0.11,0.16500000000000004,0,0,1.0,1.0,4.0,0.75,,9d19c40c58e5b43fe014351893be9ac3de232c9dd34681729cce3b2d71a11a0e
acceleration-sweep,acceleration,rapid,vp_scaled,angular_acceleration_scale,0.25,0,0.0,0.0,dc7a88be606014082a2b7fe500c8c89bb249211ccd8858832acc36cbe5912cbb,,0.3,True,False,834,27.8,27.633333333333333,27.8,0.00051817944928421,0.0038860734010450846,10.956712184145273,48.65578642165927,0.017034874011379448,0.002621551464781112,0.0,0.0,85.01199040767386,19.695395816735815,106.39736167348869,0.9366367625460382,0.4864442095816649,,False,0.22000000000000006,0.6,0,,0.0,1.5139404881252135e-15,0.0,0.0,0.0,3.25,True,595,48.65578642165927,15.328518102433993,48.65578642165927,19.04162155068196,0.0038860734010450846,0.0007137306373552597,0.0,138.65578642165926,27.441104230268756,106.39736167348869,0,450,449,,,,,,,48.65578642165927,0.07440392081360243,0.11459155902616464,-0.0401876382125622,0.6,122,0.0,0.0,0.0,0.0,3.3306690738754696e-16,0.0,0.0,0.0,2.7755575615628914e-17,0.0,0.0,0.0,1.3877787807814457e-16,0.0,0.0,0.0,success,15.304365546219143,0.0007127465887125248,19.8,0.014131866619634142,303.50465842819307,0.0,19.04162155068196,834,254,709,254,709,0,0,0,0,0.11,0.16500000000000004,0,0,1.0,1.0,4.0,0.75,,fd7a8a715c980c7bd54da6e832e0567e2e815b8ce219294e38b2b3d561956cd7
acceleration-sweep,acceleration,rapid,dwvp,angular_acceleration_scale,0.25,0,0.0,0.0,8607e3b7cfc2ed804e8b5c535178ed58086346cba92ce7cb66daef7eb6590e78,,0.3,True,False,960,32.0,31.833333333333332,32.0,0.003859620686544486,0.021609026502572303,6.891644355413169,41.33296902990997,0.016716468325996825,2.3633317406113645e-06,0.0,0.0,70.10416666666667,17.554153855151984,157.41692993873758,1.496314890495736,0.3455399662661712,,False,0.22901534651836325,0.5827795886190323,226,,0.0,1.5139404881252135e-15,0.0,0.0,0.0,3.25,True,721,41.33296902990997,9.198376386339692,41.33296902990997,10.61683927463677,0.021609026502572303,0.005151518685149032,0.0,131.33296902990998,23.25134107093033,157.41692993873758,226,226,226,,,,,,,41.33296902990997,0.05455011461769264,0.11459155902616464,-0.060041444408472,0.5827795886190323,131,0.0,0.0,0.0,0.0,3.3306690738754696e-16,0.0,0.0,0.0,3.3306690738754696e-16,0.0,0.0,0.0,1.3877787807814457e-16,0.0,0.0,0.0,success,9.185619769976956,0.005144373822722608,24.0,0.12363644844357677,220.76103327215262,0.0,10.09713923071809,960,229,673,229,673,0,0,0,0,0.11,0.17176150988877242,0,0,1.0,1.0,4.0,0.75,,73243c870d1fa3fd7eb5622541d0d3ef1bca893f2b1ce9b3c7ee239f8486f57a
acceleration-sweep,acceleration,offset,dwpp,angular_acceleration_scale,0.5,0,0.0,0.0,66e7332785b232136f8f517e47900c6c0f6ff27e26927c52b926440c9beb480b,0.5,,True,False,1258,41.93333333333333,41.766666666666666,41.93333333333333,0.04484909598582572,0.5,17.754536047871525,97.72658993875088,0.01682695430204355,0.0012518456453800562,0.0,0.0,82.43243243243244,23.23087379815367,170.92085094818083,1.203224428238527,0.8171201580241119,,False,0.22,0.6,617,,0.0,1.5139404881252135e-15,0.0,0.0,0.0,3.25,True,1019,97.72658993875088,21.957398626431843,34.81202123022397,97.72658993875088,0.5,0.055219969831551544,0.0,97.72658993875088,28.56348006179283,170.92085094818083,445,357,357,0.030029530519758957,True,7.0,0.6477121889930655,22.933333333333334,1.6834337437099116,,,,,,0,0.0,0.0,0.0,0.0,3.3306690738754696e-16,0.0,0.0,0.0,0.0,0.0,0.0,0.0,2.7755575615628914e-16,0.0,0.0,0.0,success,21.935850984859833,0.05541112351760887,33.93333333333333,1.8737976429506489,745.0877267235871,0.0,,1258,633,1037,633,1037,0,0,0,0,0.11,0.165,0,0,1.0,1.0,2.0,0.75,,1832f52e35f604f1cc17a7982e3027e05814440d2f5abfb95710855304c61dd3
acceleration-sweep,acceleration,offset,vp,angular_acceleration_scale,0.5,0,0.0,0.0,8b1b8cb62c5e82d83f5250db204aa5f83c854c25a71e2946f277bc0f0e66e8a5,0.5,,True,False,758,25.266666666666666,25.1,25.266666666666666,0.03379532797635652,0.5,0.0,0.0,0.017594268260272106,0.0,0.0,0.0,35.75197889182058,0.427404917795719,18.931366529720076,0.6644758744190438,0.0,,False,0.22000000000000006,0.0,0,,0.0,1.5139404881252135e-15,0.0,0.0,0.0,3.25,True,519,0.0,0.0,0.0,0.0,0.5,0.0490360114509889,0.0,0.0,0.6201077131024593,18.931366529720076,0,27,27,0.0,False,3.9,0.7204675815419951,3.9,0.7204675815419951,,,,,,0,0.0,0.0,0.0,0.0,3.3306690738754696e-16,0.0,0.0,0.0,3.3306690738754696e-16,0.0,0.0,0.0,0.0,0.0,0.0,0.0,success,0.0,0.04942322530187167,17.266666666666666,0.846688464387075,0.0,0.0,,758,0,271,0,271,0,0,0,0,0.11,0.16500000000000004,0,0,1.0,1.0,2.0,0.75,,ca960ade306a1619b77f97bae566192845f3f17645d496dd0c082ac2a913a560
acceleration-sweep,acceleration,offset,vp_scaled,angular_acceleration_scale,0.5,0,0.0,0.0,f04adb7caa9ebf201c74fd12f6a178215c8c99051ea1233715fc70138fc6da9b,0.5,,True,False,758,25.266666666666666,25.1,25.266666666666666,0.0337953279767045,0.5,0.0,0.0,0.017594268260272106,0.0,0.0,0.0,35.75197889182058,0.427404917795719,18.931366529720076,0.6644758744190438,0.0,,False,0.22000000000000006,0.0,0,,0.0,1.5139404881252135e-15,0.0,0.0,0.0,3.25,True,519,0.0,0.0,0.0,0.0,0.5,0.0490360114509889,0.0,0.0,0.6201077131024593,18.931366529720076,0,27,27,0.0,False,3.9,0.7204675815419951,3.9,0.7204675815419951,,,,,,0,0.0,0.0,0.0,0.0,3.3306690738754696e-16,0.0,0.0,0.0,3.3306690738754696e-16,0.0,0.0,0.0,0.0,0.0,0.0,0.0,success,0.0,0.04942322530187167,17.266666666666666,0.846688464387075,0.0,0.0,,758,0,271,0,271,0,0,0,0,0.11,0.16500000000000004,0,0,1.0,1.0,2.0,0.75,,34eae2c441b0c4a6c6d7cb524a45335ce22e486adbf60c2c8584ff02394920f9
acceleration-sweep,acceleration,offset,dwvp,angular_acceleration_scale,0.5,0,0.0,0.0,46e8bc946628b2da41d627abf3f55123b5e84ff0202f24e3b31e4ab48368b052,0.5,,True,False,758,25.266666666666666,25.1,25.266666666666666,0.0342047963886416,0.5,0.0,0.0,0.017313170547075263,0.0,0.0,0.0,35.75197889182058,0.17719612986005373,13.765736466143721,0.6164561169444589,0.0,,False,0.22700098532100424,0.0,15,,0.0,1.5139404881252135e-15,0.0,0.0,0.0,3.25,True,519,0.0,0.0,0.0,0.0,0.5,0.049635985435658045,0.0,0.0,0.2570880265599623,13.765736466143721,15,15,15,0.0,False,4.033333333333333,0.7455187635306016,4.033333333333333,0.7455187635306016,,,,,,0,0.0,0.0,0.0,0.0,3.3306690738754696e-16,0.0,0.0,0.0,3.3306690738754696e-16,0.0,0.0,0.0,0.0,0.0,0.0,0.0,success,0.0,0.050022043267327815,17.266666666666666,0.8570480151890288,0.0,0.0,,758,0,271,0,271,0,0,0,0,0.11,0.1702507389907532,0,0,1.0,1.0,2.0,0.75,,c8b8ccd576776dc71ed73ff0cf35ddb75d73217fb41d0df2c90ada3153ad6b11
acceleration-sweep,acceleration,gradual,vp,angular_acceleration_scale,0.5,0,0.0,0.0,99a079b13aa747333503b1b3cc28078cd3853573329dd87f7a6b3b4190ad19c3,,1.0,True,False,697,23.233333333333334,23.066666666666666,23.233333333333334,0.00018566287688994687,0.0009373910802428607,0.42205710296888965,4.7419737687162,0.01731417049711359,5.5977762393757894e-12,0.0,0.0,41.75035868005739,0.13064194231736975,3.5467685433202862,0.44353202482996623,3.705741433173789,,False,0.22000000000000006,0.34963787812700425,0,,0.0,1.5139404881252135e-15,0.0,0.0,0.0,3.25,True,458,4.7419737687162,0.6445361408885514,4.7419737687162,4.582143168437718,0.0009373910802428607,0.0002834948077784239,0.0,89.99792349058036,0.19736463868015217,3.5467685433202862,0,45,45,,,,,,,0.0,0.21999999999999997,0.3819718634205488,-0.1619718634205488,0.34963787812700425,159,0.0,0.0,0.0,0.0,3.3306690738754696e-16,0.0,0.0,0.0,2.7755575615628914e-17,0.0,0.0,0.0,2.7755575615628914e-16,0.0,0.0,0.0,success,0.6431311236698205,0.0002828773145705567,15.233333333333333,0.004318570905157991,9.818433879535599,0.0,4.582143168437718,697,0,291,0,291,0,0,0,0,0.11,0.16500000000000004,0,0,1.0,1.0,2.0,0.75,,871a01412c314bf5fc2a9b629d5dd300fa58bdee6ce404409c49acb7d021a4cf
acceleration-sweep,acceleration,gradual,vp_scaled,angular_acceleration_scale,0.5,0,0.0,0.0,684f8c1a0e758e56fd17dc02bc76c6283944036aa91761c7322ca2624a2f12e3,,1.0,True,False,697,23.233333333333334,23.066666666666666,23.233333333333334,0.0001856611275021387,0.0009373910802428607,0.42206382779483237,4.7419737687162,0.017314170497112796,2.8400445481549077e-06,0.0,0.0,41.75035868005739,0.13062576562227968,3.5467685433202862,0.4435320248306604,3.705741433178655,,False,0.22000000000000006,0.34963787812700425,0,,0.0,1.5139404881252135e-15,0.0,0.0,0.0,3.25,True,458,4.7419737687162,0.6445361408885514,4.7419737687162,4.582143168437718,0.0009373910802428607,0.0002834948077784239,0.0,89.99792349058036,0.19736463868015217,3.5467685433202862,0,45,45,,,,,,,0.0,0.21999999999999997,0.3819718634205488,-0.1619718634205488,0.34963787812700425,159,0.0,0.0,0.0,0.0,3.3306690738754696e-16,0.0,0.0,0.0,2.7755575615628914e-17,0.0,0.0,0.0,2.7755575615628914e-16,0.0,0.0,0.0,success,0.6431311236698205,0.0002828773145705567,15.233333333333333,0.004318570905157991,9.818433879535599,0.0,4.582143168437718,697,0,291,0,291,0,0,0,0,0.11,0.16500000000000004,0,0,1.0,1.0,2.0,0.75,,adf836b28e103cb2cacab083ca5f931fffd14dd04c2afcf540095f382448ca20
acceleration-sweep,acceleration,gradual,dwvp,angular_acceleration_scale,0.5,0,0.0,0.0,0f9c87b2072e53684eb054086063ed5add6407bb811ef2a2416adc56b764a984,,1.0,True,False,685,22.833333333333332,22.666666666666668,22.833333333333332,0.00026169648876522904,0.0018862774883404041,0.42443672617413114,4.937892770889545,0.017456354445437725,2.6574948311016875e-06,0.0,0.0,55.47445255474452,0.10190260015490858,3.5106877552847737,2.039012754822812,2.982283224728085,,False,0.311038681006802,0.47632553820216367,37,,0.0,1.5139404881252135e-15,0.0,0.0,0.0,3.25,True,446,4.937892770889545,0.6542000624996684,4.937892770889545,4.300482051362838,0.0018862774883404041,0.0004033260011838135,0.0,89.99805277059006,0.15536711692290778,3.5106877552847737,37,37,37,,,,,,,0.0,0.18923328860058836,0.3819718634205488,-0.19273857481996043,0.47632553820216367,147,0.0,0.0,0.0,0.0,3.3306690738754696e-16,0.0,0.0,0.0,2.7755575615628914e-17,0.0,0.0,0.0,2.7755575615628914e-16,0.0,0.0,0.0,success,0.652735429208649,0.00040242368334920904,14.833333333333334,0.0059826690175599,9.703967593745082,0.0,4.296185777067513,685,0,380,0,380,0,0,0,0,0.11,0.2332790107551015,0,0,1.0,1.0,2.0,0.75,,6b194165b4b9313dfdebb4da16e7f41c6c7206cef9c66cc4b6263abe82c4ee06
acceleration-sweep,acceleration,rapid,vp,angular_acceleration_scale,0.5,0,0.0,0.0,f308ae9c972a80e7dd1c50afe3add97d7030f5eff284688f483ca9a39f0d3e29,,0.3,True,False,697,23.233333333333334,23.066666666666666,23.233333333333334,0.0002034108292539546,0.0014976957298307315,3.9771802627344135,51.61182772623482,0.017315187739106896,8.523886546322225e-12,0.0,0.0,57.96269727403156,5.0760538077956,39.994143023847066,0.44431651066814415,0.7717296768318483,,False,0.22000000000000006,0.6,0,,0.0,1.5139404881252135e-15,0.0,0.0,0.0,3.25,True,458,51.61182772623482,6.074412944109926,8.548740762501607,51.61182772623482,0.0014976957298307315,0.0003105881266280325,0.0,98.54874076250164,7.669458859920595,39.994143023847066,0,158,158,,,,,,,8.548740762501607,0.21999999999999997,0.11459155902616464,0.10540844097383534,0.6,63,0.0,0.0,0.0,0.0,3.3306690738754696e-16,0.0,0.0,0.0,2.7755575615628914e-17,0.0,0.0,0.0,2.7755575615628914e-16,0.0,0.0,0.0,success,6.061153478890114,0.00030991161454808116,15.233333333333333,0.004731292462300361,92.5335571819412,0.0,51.05642635370408,697,74,404,74,404,0,0,0,0,0.11,0.16500000000000004,0,0,1.0,1.0,2.0,0.75,,5aebb6e58b197e6fc866c3cccc7b74eaa63fc97b751af901c6ed9c277b796535
acceleration-sweep,acceleration,rapid,vp_scaled,angular_acceleration_scale,0.5,0,0.0,0.0,79654c780d586736fdabdb2b144c368fa0825d038deadf0c2c863b08d7e0d140,,0.3,True,False,733,24.433333333333334,24.266666666666666,24.433333333333334,0.00022621177765077887,0.002777940643858722,1.6733164442244188,14.278318713809844,0.01656471944387188,2.2142111035932607e-06,0.0,0.0,56.753069577080495,4.3388103192686485,40.258053144699694,1.0218794506725586,0.7416551507409646,,False,0.22000000000000006,0.6,0,,0.0,1.5139404881252135e-15,0.0,0.0,0.0,3.25,True,494,14.278318713809844,2.491232448397984,14.278318713809844,11.741556997986944,0.002777940643858722,0.0003367469798165717,0.0,104.27831871380984,6.394036177459108,40.258053144699694,0,142,142,,,,,,,14.278318713809844,0.09903901629127004,0.11459155902616464,-0.015552542734894592,0.6,99,0.0,0.0,0.0,0.0,3.3306690738754696e-16,0.0,0.0,0.0,2.7755575615628914e-17,0.0,0.0,0.0,2.7755575615628914e-16,0.0,0.0,0.0,success,2.4861910872785313,0.0003360662252159731,16.433333333333334,0.005533875368318995,40.93925323534021,0.0,11.741556997986944,733,79,416,79,416,0,0,0,0,0.11,0.16500000000000004,0,0,1.0,1.0,2.0,0.75,,25a34131b365cd37d1ffbb519ba7939e04be54d656507f198a8a91d404e3a2a7
acceleration-sweep,acceleration,rapid,dwvp,angular_acceleration_scale,0.5,0,0.0,0.0,249388600902cb4fa8226aa7ce6e24489c8f584cd227a868082b119de809c4ff,,0.3,True,False,768,25.6,25.433333333333334,25.6,0.001081984716699642,0.012460609860180457,1.458943113265548,12.515312763303351,0.01711912857220632,2.3281522868350703e-07,0.0,0.0,54.817708333333336,3.084771330740625,120.18573536925483,1.7281003843930205,0.5555548693564207,,False,0.22886706696710243,0.6,76,,0.0,1.5139404881252135e-15,0.0,0.0,0.0,3.25,True,529,12.515312763303351,2.124854863072306,12.515312763303351,10.330949114781237,0.012460609860180457,0.0015758415890019238,0.0,100.01028983645462,4.449301506336587,120.18573536925483,76,76,76,,,,,,,10.010289836454621,0.09639597982049056,0.11459155902616464,-0.01819557920567408,0.6,101,0.0,0.0,0.0,0.0,3.3306690738754696e-16,0.0,0.0,0.0,1.3877787807814457e-16,0.0,0.0,0.0,2.7755575615628914e-16,0.0,0.0,0.0,success,2.1208382846169345,0.0015728627702140505,17.6,0.02773481196643386,37.39744559007259,0.0,10.330949114781237,768,63,421,63,421,0,0,0,0,0.11,0.17165030022532682,0,0,1.0,1.0,2.0,0.75,,42824278c8f5d754c2e1e3114db603f3bd611ee191168f7c139fc2d7339847af
acceleration-sweep,acceleration,offset,dwpp,angular_acceleration_scale,1.0,0,0.0,0.0,09990f68231a27ccccdc9668f341ccbc684f27f1abbe09866bcc056a75c8a78a,0.5,,True,False,865,28.833333333333332,28.666666666666668,28.833333333333332,0.050207461441682824,0.5,12.13831966860413,89.05888370572626,0.01700113792106849,0.0009238375579172542,0.0,0.0,56.87861271676301,4.221844681480455,86.18328233246034,0.9537855219554984,2.5263046865389085,,False,0.22,0.6,474,,0.0,1.5139404881252135e-15,0.0,0.0,0.0,3.25,True,626,89.05888370572626,16.818364542506604,15.882683212843384,89.05888370572626,0.5,0.06916570379318526,0.0,89.05888370572626,5.796569340543326,86.18328233246034,294,93,93,0.023830889209309182,True,5.366666666666666,0.6503095604572994,7.366666666666666,0.8542646434482952,,,,,,0,0.0,0.0,0.0,0.0,3.3306690738754696e-16,0.0,0.0,0.0,0.0,0.0,0.0,0.0,5.551115123125783e-16,0.0,0.0,0.0,success,16.791498151985206,0.06945458631021935,20.833333333333332,1.4409521623580261,350.3825946355542,0.0,,865,215,492,215,492,0,0,0,0,0.11,0.165,0,0,1.0,1.0,1.0,0.75,,bbe70c248899b6b13ae0cdd21d87596c3fb3372a9f4b5412e96730d4f6301353
acceleration-sweep,acceleration,offset,vp,angular_acceleration_scale,1.0,0,0.0,0.0,0e927a57d725ad7ca2c9730282bb2fae22d434e6cdb31c09b87d7c54b68ccd75,0.5,,True,False,758,25.266666666666666,25.1,25.266666666666666,0.03379532797635652,0.5,0.0,0.0,0.017594268260272106,0.0,0.0,0.0,35.75197889182058,0.427404917795719,18.931366529720076,0.6644758744190438,0.0,,False,0.22000000000000006,0.0,0,,0.0,1.5139404881252135e-15,0.0,0.0,0.0,3.25,True,519,0.0,0.0,0.0,0.0,0.5,0.0490360114509889,0.0,0.0,0.6201077131024593,18.931366529720076,0,27,27,0.0,False,3.9,0.7204675815419951,3.9,0.7204675815419951,,,,,,0,0.0,0.0,0.0,0.0,3.3306690738754696e-16,0.0,0.0,0.0,3.3306690738754696e-16,0.0,0.0,0.0,0.0,0.0,0.0,0.0,success,0.0,0.04942322530187167,17.266666666666666,0.846688464387075,0.0,0.0,,758,0,271,0,271,0,0,0,0,0.11,0.16500000000000004,0,0,1.0,1.0,1.0,0.75,,67f65004afd8e4bac09418651f77ecd076f097e793bf09cdd899563518d8d2f4
acceleration-sweep,acceleration,offset,vp_scaled,angular_acceleration_scale,1.0,0,0.0,0.0,ab14f5638f962bb45ecbe3190929136b63745b1c0e4925b746fd88e4802b5ec3,0.5,,True,False,758,25.266666666666666,25.1,25.266666666666666,0.0337953279767045,0.5,0.0,0.0,0.017594268260272106,0.0,0.0,0.0,35.75197889182058,0.427404917795719,18.931366529720076,0.6644758744190438,0.0,,False,0.22000000000000006,0.0,0,,0.0,1.5139404881252135e-15,0.0,0.0,0.0,3.25,True,519,0.0,0.0,0.0,0.0,0.5,0.0490360114509889,0.0,0.0,0.6201077131024593,18.931366529720076,0,27,27,0.0,False,3.9,0.7204675815419951,3.9,0.7204675815419951,,,,,,0,0.0,0.0,0.0,0.0,3.3306690738754696e-16,0.0,0.0,0.0,3.3306690738754696e-16,0.0,0.0,0.0,0.0,0.0,0.0,0.0,success,0.0,0.04942322530187167,17.266666666666666,0.846688464387075,0.0,0.0,,758,0,271,0,271,0,0,0,0,0.11,0.16500000000000004,0,0,1.0,1.0,1.0,0.75,,d45de3ae0404b26f8498270de93dd0ba341b0cf6d15a857adff2037fb97ecf0f
acceleration-sweep,acceleration,offset,dwvp,angular_acceleration_scale,1.0,0,0.0,0.0,4566413b4e6a7bcd87fdb6e54055ff2d9322156ce623c43c79d32b6cae072f79,0.5,,True,False,758,25.266666666666666,25.1,25.266666666666666,0.0342047963886416,0.5,0.0,0.0,0.017313170547075263,0.0,0.0,0.0,35.75197889182058,0.17719612986005373,13.765736466143721,0.6164561169444589,0.0,,False,0.22700098532100424,0.0,15,,0.0,1.5139404881252135e-15,0.0,0.0,0.0,3.25,True,519,0.0,0.0,0.0,0.0,0.5,0.049635985435658045,0.0,0.0,0.2570880265599623,13.765736466143721,15,15,15,0.0,False,4.033333333333333,0.7455187635306016,4.033333333333333,0.7455187635306016,,,,,,0,0.0,0.0,0.0,0.0,3.3306690738754696e-16,0.0,0.0,0.0,3.3306690738754696e-16,0.0,0.0,0.0,0.0,0.0,0.0,0.0,success,0.0,0.050022043267327815,17.266666666666666,0.8570480151890288,0.0,0.0,,758,0,271,0,271,0,0,0,0,0.11,0.1702507389907532,0,0,1.0,1.0,1.0,0.75,,7d919d1410bfaa97cde356c613c7a58df876591c012ab9e51c23ecf89db2b065
acceleration-sweep,acceleration,gradual,vp,angular_acceleration_scale,1.0,0,0.0,0.0,5a98172899273fa02daae1aa233abe423bca8038a1b9c5f8a6e35997a0e65d68,,1.0,True,False,697,23.233333333333334,23.066666666666666,23.233333333333334,0.00018566344834352314,0.0009361375649566893,0.485041113687822,5.4315301380395455,0.01731414593829994,6.310220488023617e-12,0.0,0.0,35.00717360114778,8.425236409255064e-05,0.04557682727075657,0.44358244702600164,4.123360512407902,,False,0.22000000000000006,0.3495175650145466,0,,0.0,1.5139404881252135e-15,0.0,0.0,0.0,3.25,True,458,5.4315301380395455,0.7407231780056698,5.4315301380395455,5.158978428770642,0.0009361375649566893,0.0002834881961997808,0.0,89.99766352283703,9.972735432233e-05,0.04557682727075657,0,0,0,,,,,,,0.0,0.21999999999999997,0.3819718634205488,-0.1619718634205488,0.3495175650145466,159,0.0,0.0,0.0,0.0,3.3306690738754696e-16,0.0,0.0,0.0,2.7755575615628914e-17,0.0,0.0,0.0,1.1102230246251565e-16,0.0,0.0,0.0,success,0.7391084292296345,0.00028287084948815046,15.233333333333333,0.004318470188776661,11.28368307828637,0.0,5.158978428770642,697,0,244,0,244,0,0,0,0,0.11,0.16500000000000004,0,0,1.0,1.0,1.0,0.75,,e46f956d05d84447259ad9a62a7beb3efc30480d3a168fa5dc839e6f001fc8cf
acceleration-sweep,acceleration,gradual,vp_scaled,angular_acceleration_scale,1.0,0,0.0,0.0,d6df7cac406efc2aad0f6fb188649bf9286b2ce7534deb1ed14f08a3d3555649,,1.0,True,False,697,23.233333333333334,23.066666666666666,23.233333333333334,0.0001856613198259518,0.0009361375649566893,0.4850486804326678,5.4315301380395455,0.017314145938297387,3.195603819438767e-06,0.0,0.0,35.00717360114778,6.604823910726092e-05,0.04557682727075657,0.4435824470268982,4.12336051241344,,False,0.22000000000000006,0.3495175650145466,0,,0.0,1.5139404881252135e-15,0.0,0.0,0.0,3.25,True,458,5.4315301380395455,0.7407231780056698,5.4315301380395455,5.158978428770642,0.0009361375649566893,0.0002834881961997808,0.0,89.99766352283703,9.972735432233e-05,0.04557682727075657,0,0,0,,,,,,,0.0,0.21999999999999997,0.3819718634205488,-0.1619718634205488,0.3495175650145466,159,0.0,0.0,0.0,0.0,3.3306690738754696e-16,0.0,0.0,0.0,2.7755575615628914e-17,0.0,0.0,0.0,1.1102230246251565e-16,0.0,0.0,0.0,success,0.7391084292296345,0.00028287084948815046,15.233333333333333,0.004318470188776661,11.28368307828637,0.0,5.158978428770642,697,0,244,0,244,0,0,0,0,0.11,0.16500000000000004,0,0,1.0,1.0,1.0,0.75,,5f4a3ab4b0bcde61c65d4b5411b4d8c68bd02d738beb9b554b89c03d5730117e
acceleration-sweep,acceleration,gradual,dwvp,angular_acceleration_scale,1.0,0,0.0,0.0,167e51ef0d24d26339597c55a38f44b82138098a441a11230575fece3bb05f51,,1.0,True,False,683,22.766666666666666,22.6,22.766666666666666,0.0002127220334611372,0.0013864103335346962,0.4944078016151529,5.429242694934072,0.01723425353275111,3.2365977851726507e-06,0.0,0.0,48.31625183016106,1.4312679174835204e-07,1.7075472925031877e-06,0.5974728090666609,3.4566760910051375,,False,0.31001523899771183,0.4775468549092577,0,,0.0,1.5139404881252135e-15,0.0,0.0,0.0,3.25,True,444,5.429242694934072,0.7632524206924076,5.429242694934072,5.234528519256666,0.0013864103335346962,0.0003283587859624619,0.0,89.99763640466276,1.494388604161145e-07,1.7075472925031877e-06,0,0,0,,,,,,,0.0,0.21659855067155828,0.3819718634205488,-0.1653733127489905,0.4775468549092577,145,0.0,0.0,0.0,0.0,3.3306690738754696e-16,0.0,0.0,0.0,2.7755575615628914e-17,0.0,0.0,0.0,1.1102230246251565e-16,0.0,0.0,0.0,success,0.7615360454153272,0.00032762098175099613,14.766666666666666,0.00484876473937902,11.270694078891218,0.0,5.234528519256666,683,0,330,0,330,0,0,0,0,0.11,0.23251142924828389,0,0,1.0,1.0,1.0,0.75,,889279769a8ff78c1e6a7e0722e22e2707eab4d454d10a11cff84acae3fa87f9
acceleration-sweep,acceleration,rapid,vp,angular_acceleration_scale,1.0,0,0.0,0.0,6ad967f5009e25b8e130bf01848c4a998f85321e53d1fc3785db4c51446fd00a,,0.3,True,False,697,23.233333333333334,23.066666666666666,23.233333333333334,0.00018565821790120406,0.00151998763922851,2.1061314617191615,34.42309387231011,0.017315163113669207,5.597776239375789e-13,0.0,0.0,47.05882352941176,1.6739616261618346,22.012876382036634,0.4447939055996537,1.1036245662891278,,False,0.22000000000000006,0.6,0,,0.0,1.5139404881252135e-15,0.0,0.0,0.0,3.25,True,458,34.42309387231011,3.216795373035278,9.364284096221953,34.42309387231011,0.00151998763922851,0.00028355614430775923,0.0,89.99979280255897,2.529214707907566,22.012876382036634,0,81,81,,,,,,,0.0,0.21999999999999997,0.11459155902616464,0.10540844097383534,0.6,63,0.0,0.0,0.0,0.0,3.3306690738754696e-16,0.0,0.0,0.0,2.7755575615628914e-17,0.0,0.0,0.0,5.551115123125783e-16,0.0,0.0,0.0,success,3.209772028549874,0.00028293721361035486,15.233333333333333,0.004319505264954866,49.00251618257073,0.0,33.86662701240256,697,58,327,57,328,0,0,0,0,0.11,0.16500000000000004,0,0,1.0,1.0,1.0,0.75,,bbe58bdad2daa35dcea7398aaa0d55751f9d512780449b25b3f7d7076106d404
acceleration-sweep,acceleration,rapid,vp_scaled,angular_acceleration_scale,1.0,0,0.0,0.0,2a2c33824b1149541e95f1b456ae5e8c4662e856a931d67fc90a6393d0146ef6,,0.3,True,False,719,23.966666666666665,23.8,23.966666666666665,0.00020587231384236763,0.0028232617479266946,0.7551287073641617,10.931824271946349,0.017557503825323284,5.4291661301583006e-08,0.0,0.0,47.8442280945758,0.8002665739426961,21.712310604502672,1.1605628883423897,1.2488789536419385,,False,0.22000000000000006,0.6,0,,0.0,1.5139404881252135e-15,0.0,0.0,0.0,3.25,True,480,10.931824271946349,1.1350558612987487,10.70183246485673,10.931824271946349,0.0028232617479266946,0.00030945075041026535,0.0,89.99996015740224,1.1903964951233215,21.712310604502672,0,59,59,,,,,,,0.0,0.11900117166789755,0.11459155902616464,0.00440961264173291,0.6,85,0.0,0.0,0.0,0.0,3.3306690738754696e-16,0.0,0.0,0.0,2.7755575615628914e-17,0.0,0.0,0.0,5.551115123125783e-16,0.0,0.0,0.0,success,1.1326912030904155,0.0003088061120403793,15.966666666666669,0.004940896981550571,18.123058585403356,0.0,9.583936949232072,719,63,344,63,344,0,0,0,0,0.11,0.16500000000000004,0,0,1.0,1.0,1.0,0.75,,6b13774bc325bda9f809b70c91a537ac707407772815051c84a3b3b50f63e57d
acceleration-sweep,acceleration,rapid,dwvp,angular_acceleration_scale,1.0,0,0.0,0.0,437968bf5f272416e64d754249540e495666e3ad5c7db06326ff806d457cf18a,,0.3,True,False,721,24.03333333333333,23.866666666666667,24.03333333333333,0.00019249394572176548,0.0021797274229147052,1.0389277323623043,13.856715979845278,0.017351451575397636,9.836727918855539e-08,0.0,0.0,46.463245492371705,0.09496856295262572,7.394280420466147,2.1808026546694075,1.74749006940998,,False,0.2269253011718913,0.6,33,,0.0,1.5139404881252135e-15,0.0,0.0,0.0,3.25,True,482,13.856715979845278,1.5594681403337327,13.856715979845278,12.369294875107128,0.0021797274229147052,0.0002889374424264531,0.0,89.99992803776573,0.1410736024364638,7.394280420466147,33,33,33,,,,,,,0.0,0.12256616926542982,0.11459155902616464,0.007974610239265184,0.6,88,0.0,0.0,0.0,0.0,3.3306690738754696e-16,0.0,0.0,0.0,2.7755575615628914e-17,0.0,0.0,0.0,5.551115123125783e-16,0.0,0.0,0.0,success,1.556232803903823,0.00028833806088245366,16.03333333333333,0.00463263032690413,25.003472516684177,0.0,12.369294875107128,721,55,335,55,335,0,0,0,0,0.11,0.1701939758789185,0,0,1.0,1.0,1.0,0.75,,68576708a6f609eab106b7737132de1647f8c6a0d872ec77a466594a3e9e896e
acceleration-sweep,acceleration,offset,dwpp,angular_acceleration_scale,2.0,0,0.0,0.0,899b9c6c3d930f48776d4cfb7fc1376215562b8b42841efd40cce60f7581b06b,0.5,,True,False,803,26.766666666666666,26.599999999999998,26.766666666666666,0.04990854857070633,0.5,10.217698806473193,85.98773259297197,0.01749128542032143,0.0003987103241379243,0.0,0.0,47.57160647571607,1.234413983589256,66.62941747436363,0.6115434278334123,4.476824807455825,,False,0.22,0.6,473,,0.0,1.5139404881252135e-15,0.0,0.0,0.0,3.25,True,564,85.98773259297197,14.59105573656154,4.757317970490854,85.98773259297197,0.5,0.07082664647080159,0.0,85.98773259297197,1.742823290566891,66.62941747436363,268,40,40,0.016511517553133175,True,4.933333333333334,0.6591634629557352,6.5,0.8710944200433854,,,,,,0,0.0,0.0,0.0,0.0,3.3306690738754696e-16,0.0,0.0,0.0,0.0,0.0,0.0,0.0,1.1102230246251565e-15,0.0,0.0,0.0,success,14.56518516084432,0.0711443394891103,18.766666666666666,1.3291800654353763,273.8254793228049,0.0,,803,151,382,151,382,0,0,0,0,0.11,0.165,0,0,1.0,1.0,0.5,0.75,,26c363229f2091074b637c88e085c6a9459bfc97fe98896231ae4f1c4429d027
acceleration-sweep,acceleration,offset,vp,angular_acceleration_scale,2.0,0,0.0,0.0,3f621d1d1521981749940c96571fa06f5278eeed69a2a1cc1798cba986340bda,0.5,,True,False,758,25.266666666666666,25.1,25.266666666666666,0.03379532797635652,0.5,0.0,0.0,0.017594268260272106,0.0,0.0,0.0,35.75197889182058,0.427404917795719,18.931366529720076,0.6644758744190438,0.0,,False,0.22000000000000006,0.0,0,,0.0,1.5139404881252135e-15,0.0,0.0,0.0,3.25,True,519,0.0,0.0,0.0,0.0,0.5,0.0490360114509889,0.0,0.0,0.6201077131024593,18.931366529720076,0,27,27,0.0,False,3.9,0.7204675815419951,3.9,0.7204675815419951,,,,,,0,0.0,0.0,0.0,0.0,3.3306690738754696e-16,0.0,0.0,0.0,3.3306690738754696e-16,0.0,0.0,0.0,0.0,0.0,0.0,0.0,success,0.0,0.04942322530187167,17.266666666666666,0.846688464387075,0.0,0.0,,758,0,271,0,271,0,0,0,0,0.11,0.16500000000000004,0,0,1.0,1.0,0.5,0.75,,70e0266e5750ea782a7be4487bd234f368e626df024e9a2a555d6a3c99bfa7a1
acceleration-sweep,acceleration,offset,vp_scaled,angular_acceleration_scale,2.0,0,0.0,0.0,ec2a52ad87f2552e913c66c68f1028575a13209eac1140b30c3ac78473efadbd,0.5,,True,False,758,25.266666666666666,25.1,25.266666666666666,0.0337953279767045,0.5,0.0,0.0,0.017594268260272106,0.0,0.0,0.0,35.75197889182058,0.427404917795719,18.931366529720076,0.6644758744190438,0.0,,False,0.22000000000000006,0.0,0,,0.0,1.5139404881252135e-15,0.0,0.0,0.0,3.25,True,519,0.0,0.0,0.0,0.0,0.5,0.0490360114509889,0.0,0.0,0.6201077131024593,18.931366529720076,0,27,27,0.0,False,3.9,0.7204675815419951,3.9,0.7204675815419951,,,,,,0,0.0,0.0,0.0,0.0,3.3306690738754696e-16,0.0,0.0,0.0,3.3306690738754696e-16,0.0,0.0,0.0,0.0,0.0,0.0,0.0,success,0.0,0.04942322530187167,17.266666666666666,0.846688464387075,0.0,0.0,,758,0,271,0,271,0,0,0,0,0.11,0.16500000000000004,0,0,1.0,1.0,0.5,0.75,,ce26ac65b7dae358c9e8339cce891b6bca987e7319e37945cc4d6ecc10776744
acceleration-sweep,acceleration,offset,dwvp,angular_acceleration_scale,2.0,0,0.0,0.0,818138e6eb652107e4d017248a3cd7fd4911f66cec5512dabc853045bc816167,0.5,,True,False,758,25.266666666666666,25.1,25.266666666666666,0.0342047963886416,0.5,0.0,0.0,0.017313170547075263,0.0,0.0,0.0,35.75197889182058,0.17719612986005373,13.765736466143721,0.6164561169444589,0.0,,False,0.22700098532100424,0.0,15,,0.0,1.5139404881252135e-15,0.0,0.0,0.0,3.25,True,519,0.0,0.0,0.0,0.0,0.5,0.049635985435658045,0.0,0.0,0.2570880265599623,13.765736466143721,15,15,15,0.0,False,4.033333333333333,0.7455187635306016,4.033333333333333,0.7455187635306016,,,,,,0,0.0,0.0,0.0,0.0,3.3306690738754696e-16,0.0,0.0,0.0,3.3306690738754696e-16,0.0,0.0,0.0,0.0,0.0,0.0,0.0,success,0.0,0.050022043267327815,17.266666666666666,0.8570480151890288,0.0,0.0,,758,0,271,0,271,0,0,0,0,0.11,0.1702507389907532,0,0,1.0,1.0,0.5,0.75,,dfa91fbf46a30761b74e732e5d0dfdcaf86876cc662094fb07a0f80f10a99d87
acceleration-sweep,acceleration,gradual,vp,angular_acceleration_scale,2.0,0,0.0,0.0,336ccdcec5c37a4c6a80255a77dd8f0477047369b5429160b02c74d6b939fbe8,,1.0,True,False,697,23.233333333333334,23.066666666666666,23.233333333333334,0.0001856634483625551,0.000936136873035167,0.4850704614461653,5.431898285266969,0.017314145917755486,6.310220488023617e-12,0.0,0.0,34.86370157819225,1.837699067108567e-05,0.00026205566466101733,0.4435832068286896,4.129063052458546,,False,0.22000000000000006,0.3495175046554064,0,,0.0,1.5139404881252135e-15,0.0,0.0,0.0,3.25,True,458,5.431898285266969,0.7407680023869121,5.431898285266969,5.1589776800974585,0.000936136873035167,0.00028348819624088637,0.0,89.99766352317147,1.9463273304701626e-07,1.2074182697257333e-06,0,0,0,,,,,,,0.0,0.21999999999999995,0.3819718634205488,-0.16197186342054884,0.3495175046554064,159,0.0,0.0,0.0,0.0,3.3306690738754696e-16,0.0,0.0,0.0,2.7755575615628914e-17,0.0,0.0,0.0,0.0,0.0,0.0,0.0,success,0.7391531557406834,0.0002828708495288977,15.233333333333333,0.004318470189402835,11.284365903027293,0.0,5.1589776800974585,697,0,243,0,243,0,0,0,0,0.11,0.16500000000000004,0,0,1.0,1.0,0.5,0.75,,db226ad0c64ce834a0d604dcb595bd06a14d3ddd9f8926801c67e2eac3d06c20
acceleration-sweep,acceleration,gradual,vp_scaled,angular_acceleration_scale,2.0,0,0.0,0.0,a989de6ca039a46eb0722a2a006eb9cf9297181250c666a23addfa053c82cd3f,,1.0,True,False,697,23.233333333333334,23.066666666666666,23.233333333333334,0.000185661319845511,0.000936136873035167,0.485078028189955,5.431898285266969,0.017314145917752048,3.1956034886610803e-06,0.0,0.0,34.86370157819225,1.7777056234412652e-07,1.4787793334710982e-06,0.4435832068295858,4.129063052464076,,False,0.22000000000000006,0.3495175046554064,0,,0.0,1.5139404881252135e-15,0.0,0.0,0.0,3.25,True,458,5.431898285266969,0.7407680023869121,5.431898285266969,5.1589776800974585,0.000936136873035167,0.00028348819624088637,0.0,89.99766352317147,1.9463273304701626e-07,1.2074182697257333e-06,0,0,0,,,,,,,0.0,0.21999999999999995,0.3819718634205488,-0.16197186342054884,0.3495175046554064,159,0.0,0.0,0.0,0.0,3.3306690738754696e-16,0.0,0.0,0.0,2.7755575615628914e-17,0.0,0.0,0.0,0.0,0.0,0.0,0.0,success,0.7391531557406834,0.0002828708495288977,15.233333333333333,0.004318470189402835,11.284365903027293,0.0,5.1589776800974585,697,0,243,0,243,0,0,0,0,0.11,0.16500000000000004,0,0,1.0,1.0,0.5,0.75,,addf2435fbf1c8f4dd5831091607442e4f34d559abcd3db109dbf52db865d6d5
acceleration-sweep,acceleration,gradual,dwvp,angular_acceleration_scale,2.0,0,0.0,0.0,d7cc63cfadf0f5836ed1bf22fec2c7e04bd48fdc988152ff66e0f7c475fb90d0,,1.0,True,False,683,22.766666666666666,22.6,22.766666666666666,0.0002127240681266072,0.0013863121625318233,0.49368588501842003,5.432704068922592,0.017214154781578405,3.237547295245036e-06,0.0,0.0,47.58418740849194,1.9382301802368025e-07,1.7075472925031877e-06,0.5241894363917471,3.4721171277037723,,False,0.3100106817533746,0.47751190466806104,0,,0.0,1.5139404881252135e-15,0.0,0.0,0.0,3.25,True,444,5.432704068922592,0.7621377659139834,5.432704068922592,5.2456404797795395,0.0013863121625318233,0.00032836192627017785,0.0,89.99763642806629,2.1808396298762345e-07,1.7075472925031877e-06,0,0,0,,,,,,,0.0,0.22,0.3819718634205488,-0.16197186342054878,0.47751190466806104,145,0.0,0.0,0.0,0.0,3.3306690738754696e-16,0.0,0.0,0.0,2.7755575615628914e-17,0.0,0.0,0.0,0.0,0.0,0.0,0.0,success,0.7604239010942829,0.0003276241149630201,14.766666666666666,0.004848811111256293,11.254234343329822,0.0,5.2456404797795395,683,0,325,0,325,0,0,0,0,0.11,0.23250801131503096,0,0,1.0,1.0,0.5,0.75,,a2217175edf3a90917dc7857482ae833aa9fbfb82c6449660f5bb46a72ac51de
acceleration-sweep,acceleration,rapid,vp,angular_acceleration_scale,2.0,0,0.0,0.0,5e76a35db65f4d2eb4445827bce8be7ebb8c3aed60ac0391ecf49e8e03e5c4d0,,0.3,True,False,697,23.233333333333334,23.066666666666666,23.233333333333334,0.00018565795017959667,0.001525880609154174,1.6848428342771786,26.045151351648354,0.017315295128340846,4.0711099922733015e-13,0.0,0.0,43.6154949784792,0.8119543951563402,18.80131258938157,0.4456326235061768,1.8486053645346998,,False,0.22000000000000006,0.6,0,,0.0,1.5139404881252135e-15,0.0,0.0,0.0,3.25,True,458,26.045151351648354,2.573341681619094,16.673432997111185,26.045151351648354,0.001525880609154174,0.00028355808095808165,0.0,89.99984732966671,1.2267939508903059,18.80131258938157,0,58,58,,,,,,,0.0,0.21999999999999995,0.11459155902616464,0.10540844097383531,0.6,63,0.0,0.0,0.0,0.0,3.3306690738754696e-16,0.0,0.0,0.0,2.7755575615628914e-17,0.0,0.0,0.0,1.1102230246251565e-15,0.0,0.0,0.0,success,2.567723198329897,0.0002829390996777287,15.233333333333333,0.004319534766594777,39.2005716166642,0.0,25.488142921468445,697,48,302,46,304,0,0,0,0,0.11,0.16500000000000004,0,0,1.0,1.0,0.5,0.75,,56192ecf2d5083d91c6d92b2eee669e63bc4b8aca769f6a00841d13211f43827
acceleration-sweep,acceleration,rapid,vp_scaled,angular_acceleration_scale,2.0,0,0.0,0.0,0bfce925735ccca8eb0f7b696e7dc44f1c9797601d30d344f3b85c992ead3735,,0.3,True,False,713,23.766666666666666,23.6,23.766666666666666,0.00022109058294853811,0.0028516959809079083,1.1313759687762834,16.9723094476241,0.016840199146942236,9.416701323177722e-08,0.0,0.0,44.17952314165498,0.09966920262692387,5.9286792256611385,1.3187621362156545,2.0741491706383965,,False,0.22000000000000006,0.6,0,,0.0,1.5139404881252135e-15,0.0,0.0,0.0,3.25,True,474,16.9723094476241,1.7078242620028259,16.9723094476241,11.665448961954542,0.0028516959809079083,0.00033373578253754154,0.0,89.99993165196456,0.14887292414002204,5.9286792256611385,0,26,26,,,,,,,0.0,0.12638502483349034,0.11459155902616464,0.01179346580732571,0.6,79,0.0,0.0,0.0,0.0,3.3306690738754696e-16,0.0,0.0,0.0,2.7755575615628914e-17,0.0,0.0,0.0,1.1102230246251565e-15,0.0,0.0,0.0,success,1.7042213293277517,0.00033303177059272864,15.766666666666666,0.005261900838008571,26.926695864244554,0.0,11.386058246063781,713,52,314,51,315,0,0,0,0,0.11,0.16500000000000004,0,0,1.0,1.0,0.5,0.75,,5bbf697122087b12c832a442f6b353eb4fc52c91c78d98eb836ea9d16588bf5a
acceleration-sweep,acceleration,rapid,dwvp,angular_acceleration_scale,2.0,0,0.0,0.0,1733e8eb7c6d4e288602c704576af8ef2b15347750c4198541cc60d0bc9a2935,,0.3,True,False,714,23.8,23.633333333333333,23.8,0.00015449499268751756,0.001109415349782474,1.151083115982806,16.776612587171396,0.0166745877074006,1.0074124520279976e-07,0.0,0.0,44.397759103641455,0.022939786894421475,4.55618884764986,2.2196551686285217,2.7593109633052353,,False,0.2266223293136187,0.6,15,,0.0,1.5139404881252135e-15,0.0,0.0,0.0,3.25,True,475,16.776612587171396,1.7363349299332023,16.776612587171396,12.432878851904341,0.001109415349782474,0.00023304296732117011,0.0,89.9999270723227,0.03424062101037986,4.55618884764986,15,15,15,,,,,,,0.0,0.12556377128382445,0.11459155902616464,0.010972212257659819,0.6,80,0.0,0.0,0.0,0.0,3.3306690738754696e-16,0.0,0.0,0.0,2.7755575615628914e-17,0.0,0.0,0.0,1.1102230246251565e-15,0.0,0.0,0.0,success,1.7326795647414241,0.00023255241766667,15.8,0.003682078883674488,27.434091892944597,0.0,11.893347758547941,714,54,317,54,317,0,0,0,0,0.11,0.16996674698521402,0,0,1.0,1.0,0.5,0.75,,ee758a29c5c100263fe9f71fe60dcf9479a83da49b10cd9b3a8138b997fbad00
