part,scenario,method,parameter,value,noise_xy_m,noise_yaw_deg,n,success_count,timeout_count,failure_count,evaluation_complete_count,eval_max_position_error_m_n,eval_max_position_error_m_mean,eval_max_position_error_m_std,eval_mean_position_error_m_n,eval_mean_position_error_m_mean,eval_mean_position_error_m_std,eval_position_error_integral_m_s_n,eval_position_error_integral_m_s_mean,eval_position_error_integral_m_s_std,eval_max_heading_error_deg_n,eval_max_heading_error_deg_mean,eval_max_heading_error_deg_std,eval_mean_heading_error_deg_n,eval_mean_heading_error_deg_mean,eval_mean_heading_error_deg_std,eval_heading_error_integral_deg_s_n,eval_heading_error_integral_deg_s_mean,eval_heading_error_integral_deg_s_std,command_constraint_violation_pct_n,command_constraint_violation_pct_mean,command_constraint_violation_pct_std,travel_time_s_n,travel_time_s_mean,travel_time_s_std,crossing_m_n,crossing_m_mean,crossing_m_std,settling_2pct_time_s_n,settling_2pct_time_s_mean,settling_2pct_time_s_std,settling_2pct_distance_m_n,settling_2pct_distance_m_mean,settling_2pct_distance_m_std,eval_duration_s_n,eval_duration_s_mean,eval_duration_s_std,transition_heading_lag_deg_n,transition_heading_lag_deg_mean,transition_heading_lag_deg_std,eval_max_heading_lead_deg_n,eval_max_heading_lead_deg_mean,eval_max_heading_lead_deg_std,eval_max_heading_lag_deg_n,eval_max_heading_lag_deg_mean,eval_max_heading_lag_deg_std,post_transition_heading_overshoot_deg_n,post_transition_heading_overshoot_deg_mean,post_transition_heading_overshoot_deg_std,duration_s_n,duration_s_mean,duration_s_std,min_transition_speed_m_s_n,min_transition_speed_m_s_mean,min_transition_speed_m_s_std,eval_mean_direction_distortion_deg_n,eval_mean_direction_distortion_deg_mean,eval_mean_direction_distortion_deg_std,eval_projection_steps_n,eval_projection_steps_mean,eval_projection_steps_std,eval_nonintersection_steps_n,eval_nonintersection_steps_mean,eval_nonintersection_steps_std,jerk_xy_rms_m_s3_n,jerk_xy_rms_m_s3_mean,jerk_xy_rms_m_s3_std,jerk_yaw_rms_rad_s3_n,jerk_yaw_rms_rad_s3_mean,jerk_yaw_rms_rad_s3_std
c,offset,dwvp,fixed_lookahead,0.055,0.0,0.0,20,20,0,0,20,20,0.5,0.0,20,0.03223015287411822,0.0,20,0.8659167738846427,1.1390647892519134e-16,20,0.0,0.0,20,0.0,0.0,20,0.0,0.0,20,0.0,0.0,20,26.866666666666667,0.0,20,0.057333333333333715,7.119154932824459e-18,20,4.5,0.0,20,0.6538136424725491,1.1390647892519134e-16,20,26.866666666666667,0.0,0,,,20,0.0,0.0,20,0.0,0.0,0,,,20,26.866666666666667,0.0,0,,,20,4.033001505515545,0.0,20,30.0,0.0,20,30.0,0.0,20,0.7935565890798764,1.1390647892519134e-16,20,0.0,0.0
c,gradual,dwvp,fixed_lookahead,0.055,0.0,0.0,20,20,0,0,20,20,0.0007974245989702045,0.0,20,7.60588595978551e-05,0.0,20,0.0017493537707506674,0.0,20,1.3750987083139772,2.278129578503827e-16,20,0.09005460386116101,1.4238309865648918e-17,20,2.0712558888067036,0.0,20,0.0,0.0,20,23.0,0.0,0,,,0,,,0,,,20,23.0,0.0,20,0.5228081616503707,0.0,20,1.3750987083139772,2.278129578503827e-16,20,0.7186309759265724,0.0,20,1.1929132879268565,0.0,20,23.0,0.0,20,0.1586696165566,2.8476619731297836e-17,20,0.34246048556723596,5.695323946259567e-17,20,48.0,0.0,20,48.0,0.0,20,1.5490619619225126,2.278129578503827e-16,20,9.431926780088808,1.8225036628030615e-15
c,rapid,dwvp,fixed_lookahead,0.055,0.0,0.0,20,20,0,0,20,20,0.0016411198813993176,2.2247359165076434e-19,20,0.0001324817908216301,2.780919895634554e-20,20,0.003298796591458588,4.449471833015287e-19,20,5.513541050440029,9.112518314015307e-16,20,0.29291034360572954,5.695323946259567e-17,20,7.293467555782662,9.112518314015307e-16,20,0.0,0.0,20,24.899999999999995,3.645007325606123e-15,0,,,0,,,0,,,20,24.899999999999995,3.645007325606123e-15,20,5.513541050440029,9.112518314015307e-16,20,2.5470791587209716,4.556259157007654e-16,20,5.513541050440029,9.112518314015307e-16,20,2.5470791587209716,4.556259157007654e-16,20,24.899999999999995,3.645007325606123e-15,20,0.06114527922002897,1.4238309865648918e-17,20,1.2773334916439572,2.278129578503827e-16,20,52.0,0.0,20,52.0,0.0,20,1.8123507525706297,2.278129578503827e-16,20,1.274184770452854,4.556259157007654e-16
c,offset,dwvp,fixed_lookahead,0.08,0.0,0.0,20,20,0,0,20,20,0.5,0.0,20,0.031589640718828346,7.119154932824459e-18,20,0.8339665149770686,1.1390647892519134e-16,20,0.0,0.0,20,0.0,0.0,20,0.0,0.0,20,0.0,0.0,20,26.399999999999995,3.645007325606123e-15,20,0.028000000000000403,3.5595774664122295e-18,20,4.233333333333333,0.0,20,0.6278698822579754,1.1390647892519134e-16,20,26.399999999999995,3.645007325606123e-15,0,,,20,0.0,0.0,20,0.0,0.0,0,,,20,26.399999999999995,3.645007325606123e-15,0,,,20,1.783698175920397,2.278129578503827e-16,20,30.0,0.0,20,30.0,0.0,20,0.8936403376717553,0.0,20,0.0,0.0
c,gradual,dwvp,fixed_lookahead,0.08,0.0,0.0,20,20,0,0,20,20,0.0007092914288721918,1.1123679582538217e-19,20,0.00010099818809598902,0.0,20,0.0023027586885885497,0.0,20,2.557463153829652,0.0,20,0.1278721544632236,0.0,20,2.915485121761498,0.0,20,0.0,0.0,20,22.800000000000004,3.645007325606123e-15,0,,,0,,,0,,,20,22.800000000000004,3.645007325606123e-15,20,1.7163862032447263,2.278129578503827e-16,20,2.557463153829652,0.0,20,1.7273978600003903,2.278129578503827e-16,20,0.0,0.0,20,22.800000000000004,3.645007325606123e-15,20,0.19626071037499668,0.0,20,0.07133303451750332,1.4238309865648918e-17,20,23.0,0.0,20,23.0,0.0,20,1.41823199993535,2.278129578503827e-16,20,7.2935680256246584,9.112518314015307e-16
c,rapid,dwvp,fixed_lookahead,0.08,0.0,0.0,20,20,0,0,20,20,0.0010238003476385836,2.2247359165076434e-19,20,0.00011965126268175423,2.780919895634554e-20,20,0.0029234791848575296,4.449471833015287e-19,20,7.768243193913993,2.7337554942045924e-15,20,0.2965953796806622,5.695323946259567e-17,20,7.246813776864181,0.0,20,0.0,0.0,20,24.433333333333334,0.0,0,,,0,,,0,,,20,24.433333333333334,0.0,20,7.5066750021700015,9.112518314015307e-16,20,4.281781962090473,9.112518314015307e-16,20,7.768243193913993,2.7337554942045924e-15,20,0.015504401988201518,1.7797887332061147e-18,20,24.433333333333334,0.0,20,0.08128752234191863,2.8476619731297836e-17,20,0.5938619079418218,0.0,20,44.0,0.0,20,44.0,0.0,20,1.4052432334263583,0.0,20,1.0469929108019431,2.278129578503827e-16
c,offset,dwvp,fixed_lookahead,0.11,0.0,0.0,20,20,0,0,20,20,0.5,0.0,20,0.03180914964194738,0.0,20,0.811133315869658,1.1390647892519134e-16,20,0.0,0.0,20,0.0,0.0,20,0.0,0.0,20,0.0,0.0,20,25.5,0.0,20,0.0,0.0,20,3.0,0.0,20,0.5184133899665393,1.1390647892519134e-16,20,25.5,0.0,0,,,20,0.0,0.0,20,0.0,0.0,0,,,20,25.5,0.0,0,,,20,0.8426750555632274,1.1390647892519134e-16,20,29.0,0.0,20,29.0,0.0,20,0.6150989245538823,0.0,20,0.0,0.0
c,gradual,dwvp,fixed_lookahead,0.11,0.0,0.0,20,20,0,0,20,20,0.0008110464573471011,2.2247359165076434e-19,20,0.00012828530969680993,0.0,20,0.0029249050610872665,0.0,20,3.657913120257452,4.556259157007654e-16,20,0.23013290576303796,5.695323946259567e-17,20,5.247030251397264,0.0,20,0.0,0.0,20,22.800000000000004,3.645007325606123e-15,0,,,0,,,0,,,20,22.800000000000004,3.645007325606123e-15,20,3.179747454665327,4.556259157007654e-16,20,3.657913120257452,4.556259157007654e-16,20,3.3475145455166655,0.0,20,0.0,0.0,20,22.800000000000004,3.645007325606123e-15,20,0.2126669294240703,2.8476619731297836e-17,20,0.003788706920110657,0.0,20,8.0,0.0,20,8.0,0.0,20,1.1473805599624753,2.278129578503827e-16,20,5.416351370373798,1.8225036628030615e-15
c,rapid,dwvp,fixed_lookahead,0.11,0.0,0.0,20,20,0,0,20,20,0.0015282691285126372,2.2247359165076434e-19,20,0.00014916144098543315,0.0,20,0.0036146789198803304,0.0,20,10.555421839863698,0.0,20,0.6909208642650413,1.1390647892519134e-16,20,16.743315610689496,3.645007325606123e-15,20,0.0,0.0,20,24.233333333333338,3.645007325606123e-15,0,,,0,,,0,,,20,24.233333333333338,3.645007325606123e-15,20,10.555421839863698,0.0,20,10.136966317308339,1.8225036628030615e-15,20,10.555421839863698,0.0,20,0.0,0.0,20,24.233333333333338,3.645007325606123e-15,20,0.09827306597012808,0.0,20,0.3364857563339879,5.695323946259567e-17,20,35.0,0.0,20,35.0,0.0,20,1.0828206049283788,2.278129578503827e-16,20,1.1764206789049525,4.556259157007654e-16
c,offset,dwvp,fixed_lookahead,0.165,0.0,0.0,20,20,0,0,20,20,0.5,0.0,20,0.0340495965823037,7.119154932824459e-18,20,0.8603198069795402,1.1390647892519134e-16,20,0.0,0.0,20,0.0,0.0,20,0.0,0.0,20,0.0,0.0,20,25.266666666666662,3.645007325606123e-15,20,0.0,0.0,20,4.099999999999999,9.112518314015307e-16,20,0.7590382920159333,0.0,20,25.266666666666662,3.645007325606123e-15,0,,,20,0.0,0.0,20,0.0,0.0,0,,,20,25.266666666666662,3.645007325606123e-15,0,,,20,0.4902481471995663,1.7085971838778703e-16,20,21.0,0.0,20,21.0,0.0,20,0.6322139815747103,1.1390647892519134e-16,20,0.0,0.0
c,gradual,dwvp,fixed_lookahead,0.165,0.0,0.0,20,20,0,0,20,20,0.0011435634453355182,0.0,20,0.0001925592853765243,2.780919895634554e-20,20,0.00438393306373887,8.898943666030574e-19,20,5.434512484874718,9.112518314015307e-16,20,0.4842224814737895,5.695323946259567e-17,20,11.02413182821994,0.0,20,0.0,0.0,20,22.766666666666662,3.645007325606123e-15,0,,,0,,,0,,,20,22.766666666666662,3.645007325606123e-15,20,5.175172216989782,9.112518314015307e-16,20,5.434512484874718,9.112518314015307e-16,20,5.175172216989782,9.112518314015307e-16,20,0.0,0.0,20,22.766666666666662,3.645007325606123e-15,20,0.21659855067155828,0.0,20,1.6980771551092536e-07,0.0,20,0.0,0.0,20,0.0,0.0,20,0.6037717864921871,0.0,20,3.707946484837725,9.112518314015307e-16
c,rapid,dwvp,fixed_lookahead,0.165,0.0,0.0,20,20,0,0,20,20,0.0020362967977934202,4.449471833015287e-19,20,0.0002014969216595552,2.780919895634554e-20,20,0.00480905986360805,0.0,20,17.54048281316819,3.645007325606123e-15,20,1.354663067407833,4.556259157007654e-16,20,32.33129187546694,0.0,20,0.0,0.0,20,23.866666666666667,0.0,0,,,0,,,0,,,20,23.866666666666667,0.0,20,14.051040144062572,1.8225036628030615e-15,20,17.54048281316819,3.645007325606123e-15,20,14.24411971697993,1.8225036628030615e-15,20,0.0,0.0,20,23.866666666666667,0.0,20,0.12591756862419706,5.695323946259567e-17,20,0.13917954324723777,0.0,20,26.0,0.0,20,26.0,0.0,20,0.9228111183089187,1.1390647892519134e-16,20,1.0602437882068654,0.0
c,offset,dwvp,fixed_lookahead,0.22,0.0,0.0,20,20,0,0,20,20,0.5,0.0,20,0.036736141443046724,7.119154932824459e-18,20,0.9184035360761685,2.278129578503827e-16,20,0.0,0.0,20,0.0,0.0,20,0.0,0.0,20,0.0,0.0,20,25.0,0.0,20,0.0,0.0,20,4.866666666666665,9.112518314015307e-16,20,0.9397990569228687,0.0,20,25.0,0.0,0,,,20,0.0,0.0,20,0.0,0.0,0,,,20,25.0,0.0,0,,,20,0.28416340385284655,0.0,20,17.0,0.0,20,17.0,0.0,20,0.6780816418044764,1.1390647892519134e-16,20,0.0,0.0
c,gradual,dwvp,fixed_lookahead,0.22,0.0,0.0,20,20,0,0,20,20,0.001427955759394567,2.2247359165076434e-19,20,0.00025859112207644484,5.561839791269109e-20,20,0.005887257879273727,8.898943666030574e-19,20,7.2595520085075425,9.112518314015307e-16,20,0.8258821000503553,0.0,20,18.802582477813086,3.645007325606123e-15,20,0.0,0.0,20,22.766666666666662,3.645007325606123e-15,0,,,0,,,0,,,20,22.766666666666662,3.645007325606123e-15,20,6.701426480953384,9.112518314015307e-16,20,7.2595520085075425,9.112518314015307e-16,20,6.938161900828916,0.0,20,0.0,0.0,20,22.766666666666662,3.645007325606123e-15,20,0.22000000000000003,2.8476619731297836e-17,20,2.207837351034009e-07,2.7157420855806194e-23,20,0.0,0.0,20,0.0,0.0,20,0.5276757593178307,1.1390647892519134e-16,20,2.81099265893405,4.556259157007654e-16
c,rapid,dwvp,fixed_lookahead,0.22,0.0,0.0,20,20,0,0,20,20,0.0020525388818904847,0.0,20,0.0002477921907381484,0.0,20,0.00583963596172903,8.898943666030574e-19,20,24.174083388467132,0.0,20,1.9947108440213388,6.834388735511481e-16,20,47.00868555743621,7.290014651212246e-15,20,0.0,0.0,20,23.566666666666666,0.0,0,,,0,,,0,,,20,23.566666666666666,0.0,20,17.180771985695955,3.645007325606123e-15,20,24.174083388467132,0.0,20,17.180771985695955,3.645007325606123e-15,20,0.0,0.0,20,23.566666666666666,0.0,20,0.15334637926661587,0.0,20,0.027494617883828103,0.0,20,21.0,0.0,20,21.0,0.0,20,1.2086444078701453,2.278129578503827e-16,20,1.0648118696010591,2.278129578503827e-16
c,offset,dwvp,fixed_lookahead,0.33,0.0,0.0,20,20,0,0,20,20,0.5,0.0,20,0.04288571047324783,7.119154932824459e-18,20,1.0506999065945721,4.556259157007654e-16,20,0.0,0.0,20,0.0,0.0,20,0.0,0.0,20,0.0,0.0,20,24.5,0.0,20,0.0,0.0,20,6.4333333333333345,9.112518314015307e-16,20,1.3127275508587175,0.0,20,24.5,0.0,0,,,20,0.0,0.0,20,0.0,0.0,0,,,20,24.5,0.0,0,,,20,0.15727769086291762,0.0,20,13.0,0.0,20,13.0,0.0,20,0.6811745528391262,0.0,20,0.0,0.0
c,gradual,dwvp,fixed_lookahead,0.33,0.0,0.0,20,20,0,0,20,20,0.0018783326127447726,4.449471833015287e-19,20,0.00039384521974740493,1.1123679582538217e-19,20,0.008940286488266093,1.7797887332061147e-18,20,10.877346338163953,1.8225036628030615e-15,20,1.7157508346868358,2.278129578503827e-16,20,38.94754394739117,0.0,20,0.0,0.0,20,22.699999999999996,3.645007325606123e-15,0,,,0,,,0,,,20,22.699999999999996,3.645007325606123e-15,20,9.996432080332928,1.8225036628030615e-15,20,10.877346338163953,1.8225036628030615e-15,20,10.10156038699457,1.8225036628030615e-15,20,0.0,0.0,20,22.699999999999996,3.645007325606123e-15,20,0.22000000000000003,2.8476619731297836e-17,20,2.4527893198119346e-07,0.0,20,0.0,0.0,20,0.0,0.0,20,0.5034005514291564,1.1390647892519134e-16,20,1.9056267321937443,0.0
c,rapid,dwvp,fixed_lookahead,0.33,0.0,0.0,20,20,0,0,20,20,0.002469061691257055,4.449471833015287e-19,20,0.0003922404399038698,0.0,20,0.009060754161779394,1.7797887332061147e-18,20,35.78149907900354,0.0,20,3.11302769331249,0.0,20,71.91093971551851,1.4580029302424492e-14,20,0.0,0.0,20,23.100000000000005,3.645007325606123e-15,0,,,0,,,0,,,20,23.100000000000005,3.645007325606123e-15,20,20.075668263144713,3.645007325606123e-15,20,35.78149907900354,0.0,20,21.262647865321565,3.645007325606123e-15,20,0.0,0.0,20,23.100000000000005,3.645007325606123e-15,20,0.19193543491353998,2.8476619731297836e-17,20,0.007603435741051381,0.0,20,15.0,0.0,20,15.0,0.0,20,1.8001469456953085,2.278129578503827e-16,20,1.0730339616187137,2.278129578503827e-16
c,offset,dwvp,fixed_lookahead,0.44,0.0,0.0,20,20,0,0,20,20,0.5,0.0,20,0.05083453451580126,0.0,20,1.2183343438953702,2.278129578503827e-16,20,0.0,0.0,20,0.0,0.0,20,0.0,0.0,20,0.0,0.0,20,23.96666666666666,3.645007325606123e-15,20,0.0,0.0,20,8.099999999999998,1.8225036628030615e-15,20,1.7118828701109365,2.278129578503827e-16,20,23.96666666666666,3.645007325606123e-15,0,,,20,0.0,0.0,20,0.0,0.0,0,,,20,23.96666666666666,3.645007325606123e-15,0,,,20,0.022346889030161854,0.0,20,5.0,0.0,20,5.0,0.0,20,0.8000307936977388,0.0,20,0.0,0.0
c,gradual,dwvp,fixed_lookahead,0.44,0.0,0.0,20,20,0,0,20,20,0.0021281474060919096,8.898943666030574e-19,20,0.0005292159393107821,2.2247359165076434e-19,20,0.011977920759734037,1.7797887332061147e-18,20,14.449511809076848,1.8225036628030615e-15,20,2.7749156768164958,4.556259157007654e-16,20,62.80559148528001,0.0,20,0.0,0.0,20,22.633333333333333,0.0,0,,,0,,,0,,,20,22.633333333333333,0.0,20,12.45071150442727,1.8225036628030615e-15,20,14.449511809076848,1.8225036628030615e-15,20,12.896314956113685,0.0,20,0.0,0.0,20,22.633333333333333,0.0,20,0.22000000000000003,2.8476619731297836e-17,20,2.3318627986229975e-07,2.7157420855806194e-23,20,0.0,0.0,20,0.0,0.0,20,0.5359814848024823,0.0,20,1.4364615614810312,2.278129578503827e-16
c,rapid,dwvp,fixed_lookahead,0.44,0.0,0.0,20,20,0,0,20,20,0.002505843892978297,0.0,20,0.000525473658001319,1.1123679582538217e-19,20,0.011980799402430076,0.0,20,42.47906180319319,0.0,20,4.180594917333324,0.0,20,95.31756411519979,1.4580029302424492e-14,20,0.0,0.0,20,22.800000000000004,3.645007325606123e-15,0,,,0,,,0,,,20,22.800000000000004,3.645007325606123e-15,20,22.054137509088644,3.645007325606123e-15,20,42.47906180319319,0.0,20,23.706955906561742,0.0,20,0.0,0.0,20,22.800000000000004,3.645007325606123e-15,20,0.21266684830526575,2.8476619731297836e-17,20,0.0010742955958367058,0.0,20,4.0,0.0,20,4.0,0.0,20,1.451937081893454,2.278129578503827e-16,20,2.136861670215082,0.0
c,offset,dwvp,fixed_lookahead,0.6,0.0,0.0,20,20,0,0,20,20,0.5,0.0,20,0.06212480370896758,2.1357464798473378e-17,20,1.4495787532092428,2.278129578503827e-16,20,0.0,0.0,20,0.0,0.0,20,0.0,0.0,20,0.0,0.0,20,23.33333333333333,3.645007325606123e-15,20,0.0,0.0,20,10.666666666666664,1.8225036628030615e-15,20,2.336088746249173,4.556259157007654e-16,20,23.33333333333333,3.645007325606123e-15,0,,,20,0.0,0.0,20,0.0,0.0,0,,,20,23.33333333333333,3.645007325606123e-15,0,,,20,4.6732290119222704e-08,6.789355213951549e-24,20,0.0,0.0,20,0.0,0.0,20,0.4690700074625764,0.0,20,0.0,0.0
c,gradual,dwvp,fixed_lookahead,0.6,0.0,0.0,20,20,0,0,20,20,0.0023016200018218377,4.449471833015287e-19,20,0.0007133877352578394,1.1123679582538217e-19,20,0.01607500363447665,3.5595774664122295e-18,20,19.8276530532447,3.645007325606123e-15,20,4.435620785332555,9.112518314015307e-16,20,99.94932169616023,1.4580029302424492e-14,20,0.0,0.0,20,22.533333333333324,7.290014651212246e-15,0,,,0,,,0,,,20,22.533333333333324,7.290014651212246e-15,20,15.822600031855965,3.645007325606123e-15,20,19.8276530532447,3.645007325606123e-15,20,15.840135076784275,3.645007325606123e-15,20,0.0,0.0,20,22.533333333333324,7.290014651212246e-15,20,0.22000000000000003,2.8476619731297836e-17,20,2.4446618463071385e-07,1.0862968342322478e-22,20,0.0,0.0,20,0.0,0.0,20,0.5001212414775064,0.0,20,1.157531529828138,0.0
c,rapid,dwvp,fixed_lookahead,0.6,0.0,0.0,20,20,0,0,20,20,0.002513756265899209,4.449471833015287e-19,20,0.0007147186553913707,1.1123679582538217e-19,20,0.01615264161184498,3.5595774664122295e-18,20,47.11220414715965,7.290014651212246e-15,20,6.027189925582844,0.0,20,136.2144923181723,0.0,20,0.0,0.0,20,22.600000000000005,3.645007325606123e-15,0,,,0,,,0,,,20,22.600000000000005,3.645007325606123e-15,20,25.73603532528596,0.0,20,47.11220414715965,7.290014651212246e-15,20,25.73603532528596,0.0,20,0.0,0.0,20,22.600000000000005,3.645007325606123e-15,20,0.22000000000000003,2.8476619731297836e-17,20,3.1505132122866494e-07,5.431484171161239e-23,20,0.0,0.0,20,0.0,0.0,20,0.5232741895666206,0.0,20,2.3208725597660456,4.556259157007654e-16
c,offset,dwvp,lookahead_time,0.5,0.0,0.0,20,20,0,0,20,20,0.5,0.0,20,0.031809150281138274,7.119154932824459e-18,20,0.8111333321690258,1.1390647892519134e-16,20,0.0,0.0,20,0.0,0.0,20,0.0,0.0,20,0.0,0.0,20,25.5,0.0,20,0.0,0.0,20,3.0,0.0,20,0.5184133899665393,1.1390647892519134e-16,20,25.5,0.0,0,,,20,0.0,0.0,20,0.0,0.0,0,,,20,25.5,0.0,0,,,20,0.8426750555632274,1.1390647892519134e-16,20,29.0,0.0,20,29.0,0.0,20,0.6150975155368551,1.1390647892519134e-16,20,0.0,0.0
c,gradual,dwvp,lookahead_time,0.5,0.0,0.0,20,20,0,0,20,20,0.0010175120925592046,2.2247359165076434e-19,20,0.0001431326387739974,2.780919895634554e-20,20,0.00326342416404714,4.449471833015287e-19,20,3.6564308263315985,0.0,20,0.23379259332819768,2.8476619731297836e-17,20,5.330471127882907,9.112518314015307e-16,20,0.0,0.0,20,22.800000000000004,3.645007325606123e-15,0,,,0,,,0,,,20,22.800000000000004,3.645007325606123e-15,20,3.1847562486705554,4.556259157007654e-16,20,3.6564308263315985,0.0,20,3.3559420855919115,0.0,20,0.0,0.0,20,22.800000000000004,3.645007325606123e-15,20,0.2126669294240738,2.8476619731297836e-17,20,0.0046266035842873485,0.0,20,8.0,0.0,20,8.0,0.0,20,1.145737712820545,2.278129578503827e-16,20,5.322601614463155,9.112518314015307e-16
c,rapid,dwvp,lookahead_time,0.5,0.0,0.0,20,20,0,0,20,20,0.0016085979045264564,2.2247359165076434e-19,20,0.00015181630105137218,0.0,20,0.0036790150288115867,4.449471833015287e-19,20,10.557370770149852,1.8225036628030615e-15,20,0.6909372257679585,1.1390647892519134e-16,20,16.743712104443528,3.645007325606123e-15,20,0.0,0.0,20,24.233333333333338,3.645007325606123e-15,0,,,0,,,0,,,20,24.233333333333338,3.645007325606123e-15,20,10.557370770149852,1.8225036628030615e-15,20,10.136966317308339,1.8225036628030615e-15,20,10.557370770149852,1.8225036628030615e-15,20,0.0,0.0,20,24.233333333333338,3.645007325606123e-15,20,0.09827306597012808,0.0,20,0.34162471644526243,5.695323946259567e-17,20,35.0,0.0,20,35.0,0.0,20,1.0835221492567058,2.278129578503827e-16,20,1.1759968426136223,2.278129578503827e-16
c,offset,dwvp,lookahead_time,0.75,0.0,0.0,20,20,0,0,20,20,0.5,0.0,20,0.03392010614641015,7.119154932824459e-18,20,0.8570480152992964,0.0,20,0.0,0.0,20,0.0,0.0,20,0.0,0.0,20,0.0,0.0,20,25.266666666666662,3.645007325606123e-15,20,0.0,0.0,20,4.033333333333333,0.0,20,0.7455187635306015,1.1390647892519134e-16,20,25.266666666666662,3.645007325606123e-15,0,,,20,0.0,0.0,20,0.0,0.0,0,,,20,25.266666666666662,3.645007325606123e-15,0,,,20,0.17719612986005373,0.0,20,15.0,0.0,20,15.0,0.0,20,0.6164561169444589,0.0,20,0.0,0.0
c,gradual,dwvp,lookahead_time,0.75,0.0,0.0,20,20,0,0,20,20,0.0013864103335346964,2.2247359165076434e-19,20,0.00021303348442678656,2.780919895634554e-20,20,0.004850062328783172,8.898943666030574e-19,20,5.429242694934073,9.112518314015307e-16,20,0.49513167596847085,1.1390647892519134e-16,20,11.272497822882181,1.8225036628030615e-15,20,0.0,0.0,20,22.766666666666662,3.645007325606123e-15,0,,,0,,,0,,,20,22.766666666666662,3.645007325606123e-15,20,5.234528519256667,9.112518314015307e-16,20,5.429242694934073,9.112518314015307e-16,20,5.234528519256667,9.112518314015307e-16,20,0.0,0.0,20,22.766666666666662,3.645007325606123e-15,20,0.21659855067155828,0.0,20,1.4312679174835207e-07,2.7157420855806194e-23,20,0.0,0.0,20,0.0,0.0,20,0.5974728090666608,1.1390647892519134e-16,20,3.456676091005137,4.556259157007654e-16
c,rapid,dwvp,lookahead_time,0.75,0.0,0.0,20,20,0,0,20,20,0.002179727422914705,4.449471833015287e-19,20,0.00019276092755996787,2.780919895634554e-20,20,0.004632687625691229,8.898943666030574e-19,20,13.85671597984528,1.8225036628030615e-15,20,1.0403686861531205,2.278129578503827e-16,20,25.003527423879994,7.290014651212246e-15,20,0.0,0.0,20,24.033333333333324,7.290014651212246e-15,0,,,0,,,0,,,20,24.033333333333324,7.290014651212246e-15,20,12.369294875107128,0.0,20,13.85671597984528,1.8225036628030615e-15,20,12.369294875107128,0.0,20,0.0,0.0,20,24.033333333333324,7.290014651212246e-15,20,0.12256616926542978,4.2714929596946757e-17,20,0.09496856295262573,1.4238309865648918e-17,20,33.0,0.0,20,33.0,0.0,20,2.1808026546694075,0.0,20,1.7474900694099798,2.278129578503827e-16
c,offset,dwvp,lookahead_time,1.0,0.0,0.0,20,20,0,0,20,20,0.5,0.0,20,0.03623731636864523,0.0,20,0.9059329092161306,2.278129578503827e-16,20,0.0,0.0,20,0.0,0.0,20,0.0,0.0,20,0.0,0.0,20,25.0,0.0,20,0.0,0.0,20,4.799999999999999,9.112518314015307e-16,20,0.9308339440152192,0.0,20,25.0,0.0,0,,,20,0.0,0.0,20,0.0,0.0,0,,,20,25.0,0.0,0,,,20,0.06830325303170688,1.4238309865648918e-17,20,12.0,0.0,20,12.0,0.0,20,0.9968949679056431,0.0,20,0.0,0.0
c,gradual,dwvp,lookahead_time,1.0,0.0,0.0,20,20,0,0,20,20,0.0016847976689689803,2.2247359165076434e-19,20,0.00028405612949265844,0.0,20,0.006467011214782857,0.0,20,7.29913842111687,9.112518314015307e-16,20,0.8581910178292581,0.0,20,19.53814883924611,0.0,20,0.0,0.0,20,22.766666666666662,3.645007325606123e-15,0,,,0,,,0,,,20,22.766666666666662,3.645007325606123e-15,20,6.855791525638064,9.112518314015307e-16,20,7.29913842111687,9.112518314015307e-16,20,7.089793868209663,0.0,20,0.0,0.0,20,22.766666666666662,3.645007325606123e-15,20,0.22000000000000003,2.8476619731297836e-17,20,1.7165230804698475e-07,0.0,20,0.0,0.0,20,0.0,0.0,20,0.5039672571377732,1.1390647892519134e-16,20,2.524834754369402,0.0
c,rapid,dwvp,lookahead_time,1.0,0.0,0.0,20,20,0,0,20,20,0.0014415594340551458,2.2247359165076434e-19,20,0.00021231300044686902,0.0,20,0.005045972310620586,8.898943666030574e-19,20,20.47418117399443,7.290014651212246e-15,20,1.7663725704760629,0.0,20,41.98078809164777,7.290014651212246e-15,20,0.0,0.0,20,23.766666666666662,3.645007325606123e-15,0,,,0,,,0,,,20,23.766666666666662,3.645007325606123e-15,20,14.999739460772469,3.645007325606123e-15,20,20.47418117399443,7.290014651212246e-15,20,16.155191204045973,3.645007325606123e-15,20,0.0,0.0,20,23.766666666666662,3.645007325606123e-15,20,0.1364821214873651,2.8476619731297836e-17,20,0.04120863856903499,7.119154932824459e-18,20,24.0,0.0,20,24.0,0.0,20,2.553431082101318,4.556259157007654e-16,20,2.0234271417155165,4.556259157007654e-16
c,offset,dwvp,lookahead_time,1.5,0.0,0.0,20,20,0,0,20,20,0.5,0.0,20,0.041806570059831474,7.119154932824459e-18,20,1.0312287281425097,2.278129578503827e-16,20,0.0,0.0,20,0.0,0.0,20,0.0,0.0,20,0.0,0.0,20,24.66666666666667,3.645007325606123e-15,20,0.0,0.0,20,6.366666666666665,9.112518314015307e-16,20,1.286421130772932,2.278129578503827e-16,20,24.66666666666667,3.645007325606123e-15,0,,,20,0.0,0.0,20,0.0,0.0,0,,,20,24.66666666666667,3.645007325606123e-15,0,,,20,0.09906820590951286,1.4238309865648918e-17,20,13.0,0.0,20,13.0,0.0,20,1.7037687518449212,2.278129578503827e-16,20,0.0,0.0
c,gradual,dwvp,lookahead_time,1.5,0.0,0.0,20,20,0,0,20,20,0.0018783326127447726,4.449471833015287e-19,20,0.00039237081688365367,1.1123679582538217e-19,20,0.008906817543258939,3.5595774664122295e-18,20,10.877346338163953,1.8225036628030615e-15,20,1.712413167546849,0.0,20,38.871778903313476,7.290014651212246e-15,20,0.0,0.0,20,22.699999999999996,3.645007325606123e-15,0,,,0,,,0,,,20,22.699999999999996,3.645007325606123e-15,20,9.996432080332928,1.8225036628030615e-15,20,10.877346338163953,1.8225036628030615e-15,20,10.10156038699457,1.8225036628030615e-15,20,0.0,0.0,20,22.699999999999996,3.645007325606123e-15,20,0.22000000000000003,2.8476619731297836e-17,20,2.28089328735779e-07,2.7157420855806194e-23,20,0.0,0.0,20,0.0,0.0,20,0.5034005547695063,1.1390647892519134e-16,20,1.9056245574788249,2.278129578503827e-16
c,rapid,dwvp,lookahead_time,1.5,0.0,0.0,20,20,0,0,20,20,0.0020534110046785048,0.0,20,0.0003591374799945215,5.561839791269109e-20,20,0.008355932034539205,3.5595774664122295e-18,20,33.058282261406674,7.290014651212246e-15,20,3.0987673403803107,4.556259157007654e-16,20,72.0979867861819,2.9160058604848984e-14,20,0.0,0.0,20,23.266666666666662,3.645007325606123e-15,0,,,0,,,0,,,20,23.266666666666662,3.645007325606123e-15,20,21.885039131779635,3.645007325606123e-15,20,33.058282261406674,7.290014651212246e-15,20,21.885039131779635,3.645007325606123e-15,20,0.0,0.0,20,23.266666666666662,3.645007325606123e-15,20,0.17839166753581276,0.0,20,0.0263569169062955,3.5595774664122295e-18,20,15.0,0.0,20,15.0,0.0,20,2.8073749799522973,9.112518314015307e-16,20,2.9011733680799114,4.556259157007654e-16
c,offset,dwvp,fixed_lookahead,0.055,0.002,0.1,20,20,0,0,20,20,0.5,0.0,20,0.030837238430944613,0.0003164316663738802,20,0.868036903706073,0.009161011737494323,20,0.08011185568813414,0.012452481378544286,20,0.017148569869957234,0.0015669990512846676,20,0.48276082908338047,0.044484901858247716,20,0.0,0.0,20,28.15,0.25466409477896707,20,0.050619000115580494,0.005511667417464965,20,4.4783333333333335,0.1253183081699281,20,0.6409984330746707,0.011886200433686602,20,28.15,0.25466409477896707,0,,,20,0.07307863182076475,0.012036619618468808,20,0.0724494661941241,0.014436859962881902,0,,,20,28.15,0.25466409477896707,0,,,20,3.806517738300228,0.33474911432798393,20,278.4,12.816108285238048,20,278.4,12.816108285238048,20,10.082509451628406,0.17422803484912452,20,11.706454335719833,0.3562803895042699
c,gradual,dwvp,fixed_lookahead,0.055,0.002,0.1,20,20,0,0,20,20,0.0026152101380268744,0.0006433638589970898,20,0.0004924905196059151,4.453260162514313e-05,20,0.012083377859699219,0.0010846725790935154,20,1.4617571108018415,0.16852793482688463,20,0.09599193934137992,0.009557352262423921,20,2.355120618481185,0.23403213822321922,20,0.0,0.0,20,24.53833333333333,0.31701734968294715,0,,,0,,,0,,,20,24.53833333333333,0.31701734968294715,20,0.7124289462787834,0.1820843722817062,20,1.4617571108018415,0.16852793482688463,20,0.7854576979355162,0.14177031532794307,20,0.9095632323429422,0.34602291740757035,20,24.53833333333333,0.31701734968294715,20,0.14677696452794256,0.007921045698241806,20,0.7640009002354979,0.07676708608802407,20,267.9,12.834575013979764,20,267.9,12.834575013979764,20,10.260822061241878,0.22281893756518048,20,13.857700630253095,0.586816032185081
c,rapid,dwvp,fixed_lookahead,0.055,0.002,0.1,20,20,0,0,20,20,0.002140400263690589,0.0005561348571772183,20,0.0004757114212415683,4.696349818590379e-05,20,0.01258175915966599,0.0012658041091772466,20,5.233555149269982,0.5687842498448759,20,0.26242107571967777,0.050097075467902645,20,6.93502675835507,1.2968786512128214,20,0.0,0.0,20,26.445,0.3462877483803936,0,,,0,,,0,,,20,26.445,0.3462877483803936,20,5.101194707860357,0.6511197075673089,20,2.7059747012575457,0.3899635355841831,20,5.233555149269982,0.5687842498448759,20,2.6986414669675187,0.37419581897742527,20,26.445,0.3462877483803936,20,0.06342683215995491,0.0028504671557184947,20,1.5606473227429536,0.13592734024264502,20,278.35,13.235816639152386,20,278.35,13.235816639152386,20,10.210206701772353,0.22651444384781047,20,11.88332077272148,0.44577753310856355
c,offset,dwvp,fixed_lookahead,0.08,0.002,0.1,20,20,0,0,20,20,0.5,0.0,20,0.03140667933601792,0.0001554615920649982,20,0.841909819781662,0.005823402073920889,20,0.0648727315809897,0.009541289550197285,20,0.014465762349343724,0.0017331085091438967,20,0.38781711531523866,0.0468225313064908,20,0.0,0.0,20,26.806666666666665,0.11974632055537117,20,0.02887408526732107,0.004982467303359133,20,4.246666666666666,0.1561226088875277,20,0.6302728194604239,0.016367329045446414,20,26.806666666666665,0.11974632055537117,0,,,20,0.057161645740586686,0.010900011676790158,20,0.05852564456730073,0.011617053603133759,0,,,20,26.806666666666665,0.11974632055537117,0,,,20,2.0988156422844613,0.34134349046140056,20,178.0,8.052459578486433,20,178.0,8.052459578486433,20,8.83720346710153,0.13973171406255636,20,8.73458043181471,0.39363451256715404
c,gradual,dwvp,fixed_lookahead,0.08,0.002,0.1,20,20,0,0,20,20,0.002384050553094965,0.000499128884922162,20,0.0004567198569215701,4.4465188619454855e-05,20,0.010650714378437546,0.0010385052314441923,20,2.5464307894258695,0.05804530524461722,20,0.13864735940087497,0.006408333136956146,20,3.2334165189638684,0.15398163857811542,20,0.0,0.0,20,23.32,0.1249093238364795,0,,,0,,,0,,,20,23.32,0.1249093238364795,20,1.8043200717964776,0.11121495497226734,20,2.5464307894258695,0.05804530524461722,20,1.8667283010258235,0.11779082226979128,20,0.04923454585456245,0.011580649044071049,20,23.32,0.1249093238364795,20,0.17383731620510162,0.007516961503061464,20,0.2934039346062341,0.020657508999065394,20,174.6,10.429714635042565,20,174.6,10.429714635042565,20,9.038627323670724,0.282510820512805,20,11.4170857040444,0.35070910623817286
c,rapid,dwvp,fixed_lookahead,0.08,0.002,0.1,20,20,0,0,20,20,0.0017949661097866904,0.00036262277925214377,20,0.00040138020735461645,4.667609048774825e-05,20,0.009984729301683268,0.0011654063754776203,20,7.879680787604473,0.15755675318946452,20,0.2954661657191568,0.04522435601046058,20,7.3495217915061435,1.12309963716421,20,0.0,0.0,20,24.875,0.07937990671853426,0,,,0,,,0,,,20,24.875,0.07937990671853426,20,7.448041614791832,0.31250491112157064,20,4.203127303106539,0.9425382976717582,20,7.879680787604473,0.15755675318946452,20,0.1314877739926434,0.12257829365231783,20,24.875,0.07937990671853426,20,0.08113453292221094,0.0026753062266790034,20,0.7843973757333562,0.08118975435909288,20,180.5,10.605361107031024,20,180.5,10.605361107031024,20,9.01334889304388,0.23425950238093068,20,8.949932097810155,0.42889701710670475
c,offset,dwvp,fixed_lookahead,0.11,0.002,0.1,20,20,0,0,20,20,0.5,0.0,20,0.031800214507244656,6.828388262483659e-05,20,0.8169439795601608,0.0006680066133850534,20,0.054083006431157044,0.007428992374555352,20,0.012636772601613857,0.0018025565441947028,20,0.3246586125757858,0.046553656313394004,20,0.0,0.0,20,25.690000000000005,0.05833959866102792,20,0.0012215042363992409,0.001077373293765972,20,2.996666666666667,0.014907119849998643,20,0.5181747210447835,0.002340660227633365,20,25.690000000000005,0.05833959866102792,0,,,20,0.04730085475725579,0.009871755347687278,20,0.04809844396000661,0.009682415370321516,0,,,20,25.690000000000005,0.05833959866102792,0,,,20,0.9103387047345217,0.04955593747853544,20,110.15,8.06731547340058,20,110.15,8.06731547340058,20,7.551251869636117,0.17988388536922337,20,6.545681810524117,0.3246932356300733
c,gradual,dwvp,fixed_lookahead,0.11,0.002,0.1,20,20,0,0,20,20,0.002260729754228907,0.00034647891350068227,20,0.00041824099738854427,4.641718784018847e-05,20,0.009618816179856025,0.001060055179854339,20,3.55580170591943,0.05819583201587889,20,0.23867359902858648,0.004645560973831011,20,5.489597008883558,0.11331438056079612,20,0.0,0.0,20,23.0,0.06839855680567725,0,,,0,,,0,,,20,23.0,0.06839855680567725,20,3.203037391589059,0.14182349018903195,20,3.55580170591943,0.05819583201587889,20,3.3086097729939636,0.060594802068343535,20,0.03650372317112163,0.01005233888459392,20,23.0,0.06839855680567725,20,0.19541713774189512,0.006223849527142808,20,0.10706794060200472,0.0102553242025222,20,104.35,8.014953130506163,20,104.35,8.014953130506163,20,7.677054571259769,0.2160453526536407,20,9.306301161767042,0.30570035685823677
c,rapid,dwvp,fixed_lookahead,0.11,0.002,0.1,20,20,0,0,20,20,0.0019453629662283544,0.00028393899211675156,20,0.0003737585400328528,5.143978374194801e-05,20,0.00913785579373802,0.0012542836568288243,20,10.770389311669124,0.251695086379801,20,0.6956101302583378,0.02813260869292289,20,17.007883160429024,0.6949636037475165,20,0.0,0.0,20,24.45,0.05242650104380309,0,,,0,,,0,,,20,24.45,0.05242650104380309,20,10.249845790976607,0.4385479389102687,20,10.001018961530871,0.6822077982273982,20,10.694020386315223,0.1422519346252938,20,0.04206900117707163,0.009944129473525107,20,24.45,0.05242650104380309,20,0.09857486491161165,0.0027628805027298726,20,0.4102855158569237,0.06648834945137465,20,111.1,9.00233887737836,20,111.1,9.00233887737836,20,7.633878914358901,0.23688270848722356,20,6.665333241280203,0.3383881003918617
c,offset,dwvp,fixed_lookahead,0.165,0.002,0.1,20,20,0,0,20,20,0.5,0.0,20,0.03413683912899666,0.00013162468049481853,20,0.865420724751942,0.0024442108783317993,20,0.042965009136308865,0.005690299367223492,20,0.010687593204020792,0.0018511234922168733,20,0.2709850081515755,0.047256769641099636,20,0.0,0.0,20,25.351666666666667,0.05871429486123967,20,0.0006950920536616088,0.0001837624856400836,20,4.108333333333332,0.02621325052190165,20,0.7612868274020534,0.0059174428016312616,20,25.351666666666667,0.05871429486123967,0,,,20,0.03680556794792585,0.009619309841520781,20,0.037868831817998536,0.007943487477607918,0,,,20,25.351666666666667,0.05871429486123967,0,,,20,0.4688310769771521,0.05386353701465224,20,43.85,4.19617620421761,20,43.85,4.19617620421761,20,5.43234256513455,0.17680792229359343,20,4.4246218333816065,0.21931280011359192
c,gradual,dwvp,fixed_lookahead,0.165,0.002,0.1,20,20,0,0,20,20,0.0021106840943251434,0.0002571337413866061,20,0.00040221164463721685,5.218142571256582e-05,20,0.009188706033921646,0.0011998659622841409,20,5.392377198330141,0.053103747401814616,20,0.48743367774813134,0.005057166804254921,20,11.134591217108769,0.11499043659039984,20,0.0,0.0,20,22.843333333333334,0.0376192062431221,0,,,0,,,0,,,20,22.843333333333334,0.0376192062431221,20,5.04760315711823,0.1524139702258529,20,5.392377198330141,0.053103747401814616,20,5.190120770503576,0.041353108030185444,20,0.024013025442918712,0.007949433338587745,20,22.843333333333334,0.0376192062431221,20,0.21093826531796728,0.003336518034027883,20,0.027053641510580418,0.004856666084530366,20,37.45,3.940010686600522,20,37.45,3.940010686600522,20,5.618880899990876,0.2179076672266378,20,7.042726760507446,0.3465474216202319
c,rapid,dwvp,fixed_lookahead,0.165,0.002,0.1,20,20,0,0,20,20,0.0022111818999742414,0.00036672872988655487,20,0.00037426343821959717,5.4902465825784905e-05,20,0.008965656661252774,0.0013179452012888994,20,17.55956003302257,0.22740227994510942,20,1.364775073693226,0.011149233954002327,20,32.693060781482856,0.2617487862727162,20,0.0,0.0,20,23.955,0.056480602683860605,0,,,0,,,0,,,20,23.955,0.056480602683860605,20,14.182147797666753,0.46514573955812416,20,17.55956003302257,0.22740227994510942,20,14.475813315800314,0.20220217580331176,20,0.028033164123781873,0.00817914358239874,20,23.955,0.056480602683860605,20,0.125943579647624,0.002977087647605759,20,0.14884308187421594,0.017533079500608922,20,51.15,4.591468060148999,20,51.15,4.591468060148999,20,5.619105710840887,0.24063148064738535,20,4.661664707188274,0.2525062933159467
c,offset,dwvp,fixed_lookahead,0.22,0.002,0.1,20,20,0,0,20,20,0.5,0.0,20,0.036781833875422575,8.647282153824785e-05,20,0.9211986250462083,0.0014593565092834966,20,0.03633093710657815,0.005019281569655636,20,0.00953603109883197,0.0018998272221753831,20,0.23882396204799766,0.04752004582481339,20,0.0,0.0,20,25.044999999999998,0.03940344628262109,20,0.000575792482251573,0.00017338049496053395,20,4.8583333333333325,0.02621325052190177,20,0.937815715592629,0.0056607051926126336,20,25.044999999999998,0.03940344628262109,0,,,20,0.030539730871210397,0.00954813016311429,20,0.031212564012709804,0.0074186654999316886,0,,,20,25.044999999999998,0.03940344628262109,0,,,20,0.290591697808529,0.020382295243087142,20,23.2,2.647739850474263,20,23.2,2.647739850474263,20,4.14619221650489,0.11806657209295451,20,3.374864231155491,0.16416280837754957
c,gradual,dwvp,fixed_lookahead,0.22,0.002,0.1,20,20,0,0,20,20,0.0020430940159582417,0.00024136695581120378,20,0.00041641084936870735,5.8998606948727585e-05,20,0.009497880460000703,0.0013541469076355245,20,7.2766494913399855,0.025566034601724765,20,0.8276364924266195,0.004756824437107036,20,18.87558303868393,0.10687541268776077,20,0.0,0.0,20,22.806666666666665,0.04664159727637109,0,,,0,,,0,,,20,22.806666666666665,0.04664159727637109,20,6.71287425336646,0.16815234559708603,20,7.2766494913399855,0.025566034601724765,20,6.9811989006628306,0.03523223448161403,20,0.014990829983288304,0.0069077166624906955,20,22.806666666666665,0.04664159727637109,20,0.21589790926808244,0.003414715119941587,20,0.009620197156019996,0.003864928735246868,20,14.4,3.5600118273014654,20,14.4,3.5600118273014654,20,4.292149513677626,0.18264959487048266,20,5.434057824866173,0.3811970106741398
c,rapid,dwvp,fixed_lookahead,0.22,0.002,0.1,20,20,0,0,20,20,0.0023190005140588067,0.00026563118060668684,20,0.00039418784952669405,5.1665640601333055e-05,20,0.00933104181566872,0.001227349702631078,20,23.997875629133176,0.22955107808637285,20,1.9970892408184828,0.010912574511233173,20,47.271014059734824,0.2653499338487537,20,0.0,0.0,20,23.669999999999998,0.05609098706930856,0,,,0,,,0,,,20,23.669999999999998,0.05609098706930856,20,16.742288641205157,0.5009979439013901,20,23.997875629133176,0.22955107808637285,20,17.378852527927286,0.14706073466176442,20,0.019249483521249135,0.006797722734997283,20,23.669999999999998,0.05609098706930856,20,0.15024342332999457,0.0032015093781626045,20,0.049217020010044896,0.018391388338908715,20,28.7,2.5772282132473046,20,28.7,2.5772282132473046,20,4.430308832723005,0.15911624840698838,20,3.772104758555262,0.25405134758448544
c,offset,dwvp,fixed_lookahead,0.33,0.002,0.1,20,20,0,0,20,20,0.5,0.0,20,0.04287913129088357,8.392982383687306e-05,20,1.0527521990563091,0.0016216175960608657,20,0.028337127907123543,0.004818191276096483,20,0.008186394527294754,0.0019588910336624426,20,0.20100241636784172,0.04814397273609117,20,0.0,0.0,20,24.55166666666667,0.03819770055232938,20,0.00043207253033822346,0.00015947538716698571,20,6.418333333333334,0.03500208849240885,20,1.3088068530529342,0.00778051327722945,20,24.55166666666667,0.03819770055232938,0,,,20,0.023809006114455068,0.008655369185624439,20,0.024541732714876818,0.00509309219425904,0,,,20,24.55166666666667,0.03819770055232938,0,,,20,0.16733866600672492,0.020586024711973634,20,15.0,1.7471781760734562,20,15.0,1.7471781760734562,20,3.141049364448695,0.10379178953919478,20,2.3668346825307056,0.10560668082135563
c,gradual,dwvp,fixed_lookahead,0.33,0.002,0.1,20,20,0,0,20,20,0.002200041646611768,0.0001876359261056685,20,0.000497437053864145,5.944261824264097e-05,20,0.011314853114337636,0.0013561669132625082,20,10.87725552388345,0.020091543924043824,20,1.7139947968411662,0.006394708756538815,20,38.984582320603856,0.09643840429805392,20,0.0,0.0,20,22.744999999999997,0.04869645807694569,0,,,0,,,0,,,20,22.744999999999997,0.04869645807694569,20,9.976471504658274,0.02343407641626586,20,10.87725552388345,0.020091543924043824,20,10.107713282007406,0.018684393530911347,20,0.006766397697886076,0.006946499326502788,20,22.744999999999997,0.04869645807694569,20,0.21999963623096722,2.482675828456724e-06,20,0.0038778020354375436,0.0036097850048947768,20,6.0,1.5559732104309982,20,6.0,1.5559732104309982,20,3.1601912110248827,0.13410400259287214,20,3.8133761300811138,0.2602671047467535
c,rapid,dwvp,fixed_lookahead,0.33,0.002,0.1,20,20,0,0,20,20,0.002571826019331554,0.00020827427166227416,20,0.0004979831258828487,5.8834811849469784e-05,20,0.01153312010367372,0.0013682121432772162,20,35.81783910891041,0.1495433465567141,20,3.113447409743282,0.006518854014258776,20,72.10215309011924,0.15291317464453105,20,0.0,0.0,20,23.158333333333335,0.04028407895861407,0,,,0,,,0,,,20,23.158333333333335,0.04028407895861407,20,20.570007821895306,0.5508585643997058,20,35.81783910891041,0.1495433465567141,20,21.248599252255623,0.13041806372770892,20,0.010665736104245182,0.0063761500976613145,20,23.158333333333335,0.04028407895861407,20,0.18302178191495772,0.007286465674927828,20,0.013961370570496734,0.004248707336082069,20,17.35,2.3457688673327066,20,17.35,2.3457688673327066,20,3.5192123974744867,0.12047580997166772,20,3.0628647799684856,0.2926885440394561
c,offset,dwvp,fixed_lookahead,0.44,0.002,0.1,20,20,0,0,20,20,0.5,0.0,20,0.05113786018129478,0.0002452392970254959,20,1.2292632887368449,0.005371644603948655,20,0.024798176195720646,0.0045889232268533225,20,0.007446952918261911,0.001970679358944757,20,0.1790252353374712,0.04740364166882425,20,0.0,0.0,20,24.038333333333334,0.057506673907118847,20,0.00030524443291034227,0.00012556211861918076,20,8.141666666666664,0.037267799624996364,20,1.7147087968831383,0.007991946094682905,20,24.038333333333334,0.057506673907118847,0,,,20,0.020363288509885082,0.007978975696122092,20,0.021450113250143555,0.0046472337694144885,0,,,20,24.038333333333334,0.057506673907118847,0,,,20,0.030910974375636724,0.012747431198736916,20,7.75,1.6503588126605426,20,7.75,1.6503588126605426,20,2.854974016837112,0.13665838584766507,20,1.8969782316758887,0.07900609673038757
c,gradual,dwvp,fixed_lookahead,0.44,0.002,0.1,20,20,0,0,20,20,0.0023237079516108014,0.0001533320954940176,20,0.0005979776523265694,6.162926682111093e-05,20,0.013563104527435787,0.001406937190515702,20,14.455745423435065,0.017219468664098677,20,2.7702899802923295,0.006587589479979936,20,62.82995291446656,0.08630461237935262,20,0.0,0.0,20,22.68,0.04379644568878537,0,,,0,,,0,,,20,22.68,0.04379644568878537,20,12.701600893919963,0.22297948756054756,20,14.455745423435065,0.017219468664098677,20,12.898597197455313,0.018635738218330186,20,8.984551969542637e-06,4.018013790255391e-05,20,22.68,0.04379644568878537,20,0.22000008387676417,1.5455023288756044e-07,20,0.001830621544308022,0.0025063817737005388,20,3.7,1.8666040089734592,20,3.7,1.8666040089734592,20,2.69817177433131,0.10418700686624505,20,2.96801447572923,0.15078691687071516
c,rapid,dwvp,fixed_lookahead,0.44,0.002,0.1,20,20,0,0,20,20,0.002716846375331534,0.00021821458805668827,20,0.0006114990851132984,6.0895815942127956e-05,20,0.013967849109853148,0.0013923761742951955,20,42.23481659100562,0.12240912919538559,20,4.178032539587646,0.008160012599227643,20,95.43295158803531,0.09919902078358354,20,0.0,0.0,20,22.841666666666665,0.04171050325603024,0,,,0,,,0,,,20,22.841666666666665,0.04171050325603024,20,23.25747016346778,0.48579206764996413,20,42.23481659100562,0.12240912919538559,20,23.549674438686303,0.11657295029870758,20,0.0035900830175069716,0.005077877273903171,20,22.841666666666665,0.04171050325603024,20,0.20579130107887136,0.004605889301423551,20,0.006421188559719361,0.004483912924013692,20,9.4,2.257152374587339,20,9.4,2.257152374587339,20,3.0627584430828474,0.09900503645321371,20,3.085505703974002,0.20590821811185314
c,offset,dwvp,fixed_lookahead,0.6,0.002,0.1,20,20,0,0,20,20,0.5,0.0,20,0.06213525654010449,0.00012795352876860959,20,1.4528240222028095,0.002678499121485945,20,0.021485712237443038,0.003710565975411524,20,0.006677334947107741,0.001982521547184969,20,0.156127855398477,0.04633290004484982,20,0.0,0.0,20,23.381666666666664,0.03148377471294441,20,0.00021201242119087802,0.00017983250462133422,20,10.678333333333331,0.0486964580769459,20,2.337158674240905,0.010722884897954822,20,23.381666666666664,0.03148377471294441,0,,,20,0.017724256803789272,0.0064129508879931,20,0.0178733765256791,0.00454491106476326,0,,,20,23.381666666666664,0.03148377471294441,0,,,20,0.0017884019941294357,0.00447705275514693,20,0.85,1.1821033884786185,20,0.85,1.1821033884786185,20,2.364323106672437,0.14722327109448807,20,1.5479460039921982,0.07643618093898104
c,gradual,dwvp,fixed_lookahead,0.6,0.002,0.1,20,20,0,0,20,20,0.0024217202848284152,0.00014281741848174275,20,0.0007511568230291083,7.091057161218907e-05,20,0.016948813670421194,0.001602516939417737,20,19.835945090139,0.010204070767635047,20,4.430231171519999,0.010670590655669544,20,99.96031254681581,0.0836422836521501,20,0.0,0.0,20,22.563333333333333,0.04944132324730497,0,,,0,,,0,,,20,22.563333333333333,0.04944132324730497,20,15.818553663720968,0.019610169920917814,20,19.835945090139,0.010204070767635047,20,15.837238857418862,0.016341573528925374,20,0.0,0.0,20,22.563333333333333,0.04944132324730497,20,0.22000004060489536,6.866927325069433e-08,20,0.0015526243868607,0.002996743280457326,20,1.25,0.9665456669582609,20,1.25,0.9665456669582609,20,2.413030254515256,0.13644827365920975,20,2.253736734695909,0.11315301441580339
c,rapid,dwvp,fixed_lookahead,0.6,0.002,0.1,20,20,0,0,20,20,0.0026167247331146445,0.00016524986152156642,20,0.0007588462326660157,6.855955279388905e-05,20,0.017187364077382174,0.0015614241170289961,20,47.03325788035766,0.06748513745103184,20,6.0143303449745975,0.012530936353631795,20,136.21407726081137,0.11071275689383453,20,0.0,0.0,20,22.648333333333333,0.043896475767370005,0,,,0,,,0,,,20,22.648333333333333,0.043896475767370005,20,25.599316958288423,0.08310328752916998,20,47.03325788035766,0.06748513745103184,20,25.626015649192738,0.057749544490377114,20,0.0,0.0,20,22.648333333333333,0.043896475767370005,20,0.21525433003234004,0.0030761954127774996,20,0.0016980865784348626,0.002674674731644016,20,2.0,0.9733285267845752,20,2.0,0.9733285267845752,20,2.4741603381394652,0.1226975828402504,20,2.805117217226463,0.15272358202884062
c,offset,dwvp,lookahead_time,0.5,0.002,0.1,20,20,0,0,20,20,0.5,0.0,20,0.0318002052469752,6.828498442947545e-05,20,0.8169437416286479,0.0006680354505332035,20,0.054080625706587504,0.007428458549169763,20,0.012636384712820836,0.0018025564424177423,20,0.32464864905335933,0.04655366651066281,20,0.0,0.0,20,25.690000000000005,0.05833959866102792,20,0.0012214278891254716,0.0010773881748480695,20,2.996666666666667,0.014907119849998643,20,0.5181747210447835,0.002340660227633365,20,25.690000000000005,0.05833959866102792,0,,,20,0.04729829395983126,0.009871762175917268,20,0.048096075093978716,0.009682948489350088,0,,,20,25.690000000000005,0.05833959866102792,0,,,20,0.9103429341281606,0.04953462268747276,20,110.15,8.06731547340058,20,110.15,8.06731547340058,20,7.5510448334333145,0.17994622409030306,20,6.545158481445955,0.32464800175777564
c,gradual,dwvp,lookahead_time,0.5,0.002,0.1,20,20,0,0,20,20,0.0021790322187134744,0.00041238363909478783,20,0.00041671090771437495,4.795707430443311e-05,20,0.009581491896204206,0.001095071453908011,20,3.560975229503846,0.05883608260411459,20,0.24150706069376576,0.004560324918256944,20,5.553563293870389,0.11172787342242628,20,0.0,0.0,20,22.994999999999997,0.06331486341945791,0,,,0,,,0,,,20,22.994999999999997,0.06331486341945791,20,3.205147262793099,0.11317202400567634,20,3.560975229503846,0.05883608260411459,20,3.338552197168422,0.05731221815653624,20,0.036495833255629336,0.010054131378060271,20,22.994999999999997,0.06331486341945791,20,0.19508883454881554,0.006223251254265288,20,0.09500728965142939,0.008587002410561064,20,98.75,7.926471306225808,20,98.75,7.926471306225808,20,7.61616721764257,0.22157892922502623,20,9.042331867236328,0.36232251538369875
c,rapid,dwvp,lookahead_time,0.5,0.002,0.1,20,20,0,0,20,20,0.002011935112549186,0.0002890677042185025,20,0.00037601369662414576,5.127198169661411e-05,20,0.009192989806979714,0.001250085249575916,20,10.77100679323481,0.2514296449457242,20,0.6957551111511107,0.02828562317655897,20,17.011434638635137,0.6988512618424311,20,0.0,0.0,20,24.45,0.05242650104380309,0,,,0,,,0,,,20,24.45,0.05242650104380309,20,10.251280579114031,0.4393972417105255,20,10.000799557080407,0.6823974973784597,20,10.694999046767329,0.14244801951959324,20,0.04206552455086636,0.00994258439026775,20,24.45,0.05242650104380309,20,0.09857484739425151,0.002762877313609357,20,0.41523333687483455,0.06767101675884918,20,111.1,9.00233887737836,20,111.1,9.00233887737836,20,7.632198454817991,0.23713874894848713,20,6.664502421602721,0.33788758341822717
c,offset,dwvp,lookahead_time,0.75,0.002,0.1,20,20,0,0,20,20,0.5,0.0,20,0.03392872135798908,9.65088076181071e-05,20,0.8607681848576823,0.001928308933688174,20,0.04354499854814642,0.005483556643925701,20,0.011026106430315392,0.001882410839401552,20,0.27975715853696786,0.04799427199389819,20,0.0,0.0,20,25.369999999999997,0.05913608055486754,20,0.0006980616054502829,0.00018163503352650544,20,4.038333333333332,0.02483866067901973,20,0.7460133040484103,0.0071080725681405875,20,25.369999999999997,0.05913608055486754,0,,,20,0.03785213746100365,0.008657436601143587,20,0.03834577833910062,0.00813532844479525,0,,,20,25.369999999999997,0.05913608055486754,0,,,20,0.18408783666748846,0.051529186343153885,20,44.55,3.6051863226541614,20,44.55,3.6051863226541614,20,5.615042453133744,0.16250074576167597,20,4.596385389174462,0.21459096600304012
c,gradual,dwvp,lookahead_time,0.75,0.002,0.1,20,20,0,0,20,20,0.0020503926230622262,0.0002075419040413466,20,0.00041252460830738715,5.079773123925567e-05,20,0.009426072113285765,0.0011663362090928834,20,5.355140067072133,0.0368144947212394,20,0.49736660744006345,0.004969545898254681,20,11.363967563286618,0.11223349349423001,20,0.0,0.0,20,22.848333333333336,0.042543407485388665,0,,,0,,,0,,,20,22.848333333333336,0.042543407485388665,20,5.144341621541168,0.13905424955093834,20,5.351538756552826,0.04061930375706275,20,5.25820517668181,0.04596731146047066,20,0.02570579704449293,0.007871461071087308,20,22.848333333333336,0.042543407485388665,20,0.2102178588038238,0.0033946460959933724,20,0.02373853671501679,0.004796460964476967,20,36.3,4.378175539266508,20,36.3,4.378175539266508,20,5.7802760430513,0.2348499033118519,20,6.851601251602025,0.359087429165996
c,rapid,dwvp,lookahead_time,0.75,0.002,0.1,20,20,0,0,20,20,0.002458046336033298,0.00026766368298304703,20,0.00037878866043584785,5.34679817640662e-05,20,0.00915453524445214,0.0012818188652750256,20,13.354477359127637,0.3378202264084394,20,1.034323186771422,0.012410859986606355,20,25.001204524600855,0.30063589787311434,20,0.0,0.0,20,24.171666666666663,0.07435885802029145,0,,,0,,,0,,,20,24.171666666666663,0.07435885802029145,20,11.664266460661954,0.45329341792639527,20,13.354477359127637,0.3378202264084394,20,12.13819021276832,0.17782271297704128,20,0.028896953177679846,0.008086597625059703,20,24.171666666666663,0.07435885802029145,20,0.12097962853441654,0.0016941632510114586,20,0.13355093691978234,0.01782331238992756,20,63.3,5.22242129768619,20,63.3,5.22242129768619,20,6.177662643600452,0.23873167363339612,20,5.592813380945677,0.40482776764490913
c,offset,dwvp,lookahead_time,1.0,0.002,0.1,20,20,0,0,20,20,0.5,0.0,20,0.03619447100569091,8.788611017334754e-05,20,0.9077546937716606,0.0015758731759084133,20,0.036773561084559266,0.004928571186257975,20,0.009886219586736722,0.00189664569176626,20,0.24795621362768525,0.047631496289474475,20,0.0,0.0,20,25.080000000000002,0.04511194652526419,20,0.0005821054733504195,0.0001750098860662544,20,4.784999999999999,0.02751926491606312,20,0.9223576867002246,0.008558845593500898,20,25.080000000000002,0.04511194652526419,0,,,20,0.03180189239313576,0.0080743073370597,20,0.03210270634869454,0.007149210139056954,0,,,20,25.080000000000002,0.04511194652526419,0,,,20,0.11996598380622245,0.023813317647825436,20,23.35,3.4834193727307357,20,23.35,3.4834193727307357,20,4.423321892895383,0.12265016868361392,20,3.5499015098439144,0.15756782596285554
c,gradual,dwvp,lookahead_time,1.0,0.002,0.1,20,20,0,0,20,20,0.0021369959046971245,0.00023617926707082633,20,0.00043886024324830486,5.715366992992387e-05,20,0.010011214948550307,0.001311336340260822,20,7.2662842322952415,0.04607119859510142,20,0.856714636687288,0.0052709073890960636,20,19.541631281045003,0.12235979309274367,20,0.0,0.0,20,22.809999999999995,0.04848584528480885,0,,,0,,,0,,,20,22.809999999999995,0.04848584528480885,20,6.860602589389248,0.1193147640932958,20,7.2662842322952415,0.04607119859510142,20,7.12071946825016,0.04284326523734826,20,0.018290590829256426,0.006374016910731784,20,22.809999999999995,0.04848584528480885,20,0.21592030438150828,0.003405108178684483,20,0.007790204979375088,0.003963345073481511,20,13.55,3.471310991541956,20,13.55,3.471310991541956,20,4.45089131221469,0.20535911499706389,20,5.266252294270247,0.3313653146942085
c,rapid,dwvp,lookahead_time,1.0,0.002,0.1,20,20,0,0,20,20,0.0018060472911821759,0.00024961067962874986,20,0.0003724774871299193,5.088046741368887e-05,20,0.008900990937603121,0.0012168357342389276,20,19.268730059631064,1.0257912815444035,20,1.7286675472346555,0.043736719910061846,20,41.30663726777634,0.9387022284545815,20,0.0,0.0,20,23.89666666666667,0.08712429784425132,0,,,0,,,0,,,20,23.89666666666667,0.08712429784425132,20,15.536151606594084,0.5195830889693998,20,19.268730059631064,1.0257912815444035,20,16.299983244329468,0.1652732711957002,20,0.022088966521642397,0.006591144066544821,20,23.89666666666667,0.08712429784425132,20,0.13402936904756566,0.003356794249577754,20,0.06128921602010144,0.012761204249782583,20,36.5,4.123105625617661,20,36.5,4.123105625617661,20,5.151656676216649,0.14026554662162102,20,4.997746819805841,0.6263249654932033
c,offset,dwvp,lookahead_time,1.5,0.002,0.1,20,20,0,0,20,20,0.5,0.0,20,0.041826279729425424,0.0001042196828435557,20,1.0319847787291332,0.0028722263718806563,20,0.029123250130435357,0.0045539354313422695,20,0.00847333758320533,0.001936504060609395,20,0.20909308414866387,0.04786992663693968,20,0.0,0.0,20,24.673333333333336,0.1100770596642525,20,0.0004396627987205483,0.00015949299346421276,20,6.35,0.03823595564509374,20,1.2851655500873265,0.012304427308632434,20,24.673333333333336,0.1100770596642525,0,,,20,0.025114944757192798,0.007825166305841149,20,0.025133173782473716,0.005289236647006785,0,,,20,24.673333333333336,0.1100770596642525,0,,,20,0.11233081647262363,0.02207206845304143,20,17.35,3.4224491076912806,20,17.35,3.4224491076912806,20,3.6260565032079697,0.16664594798659554,20,2.4953916540113545,0.10204580167126227
c,gradual,dwvp,lookahead_time,1.5,0.002,0.1,20,20,0,0,20,20,0.0022001647056770655,0.00018769921513231327,20,0.0005028443910587186,5.738759662364562e-05,20,0.011437883703651727,0.0013101815437241806,20,10.877297102531735,0.02007128007226751,20,1.7111979806043194,0.006272784735267925,20,38.920969450628164,0.09255361254781365,20,0.0,0.0,20,22.744999999999997,0.04869645807694569,0,,,0,,,0,,,20,22.744999999999997,0.04869645807694569,20,9.976511689082827,0.023444147774567856,20,10.877297102531735,0.02007128007226751,20,10.10771084984141,0.018685802222317877,20,0.010753884588778259,0.007993533544952584,20,22.744999999999997,0.04869645807694569,20,0.21999963750829338,2.476530281720581e-06,20,0.0038765705733188245,0.0036078858969420275,20,6.0,1.5559732104309982,20,6.0,1.5559732104309982,20,3.3074538474384916,0.13797388870307223,20,3.910756888632392,0.2526100660574094
c,rapid,dwvp,lookahead_time,1.5,0.002,0.1,20,20,0,0,20,20,0.0023327669993100006,0.00020613417267355508,20,0.0004873155784010298,5.3300058427198024e-05,20,0.011355142338373151,0.0012325845581310614,20,32.73359576685134,0.9657704249916638,20,3.0889210141863543,0.017412091165014562,20,71.98129471136082,0.28039536564378775,20,0.0,0.0,20,23.303333333333335,0.06831300510639696,0,,,0,,,0,,,20,23.303333333333335,0.06831300510639696,20,21.24969975868929,0.5252532250594153,20,32.73359576685134,0.9657704249916638,20,21.778341402968213,0.26778579875285224,20,0.013201791646533359,0.006469068502844206,20,23.303333333333335,0.06831300510639696,20,0.17928509872472506,0.003252860582605353,20,0.04073774674821526,0.008153836710827507,20,22.75,2.8996370008747827,20,22.75,2.8996370008747827,20,4.191408708681687,0.11590396434339184,20,4.364382923061017,0.6019255864042612
c,offset,dwvp,fixed_lookahead,0.055,0.005,0.2,20,20,0,0,20,20,0.5,0.0,20,0.019491017531527963,0.0005498544535826718,20,0.8815514753071095,0.018187807468339517,20,0.11918512876222728,0.012683343938479134,20,0.02742088649304737,0.002379728201951229,20,1.2419036568641681,0.12461361286221029,20,0.0,0.0,20,45.258333333333326,1.4430261818149763,20,0.038422862460329305,0.012963753660765085,20,4.418333333333333,0.3513507768897809,20,0.6155800291574061,0.03225237259394844,20,45.258333333333326,1.4430261818149763,0,,,20,0.10409460373177652,0.01493651519445626,20,0.1127287845391209,0.01528481887067947,0,,,20,45.258333333333326,1.4430261818149763,0,,,20,3.2642024419377824,0.4730869642175419,20,609.05,19.27768003076151,20,609.05,19.27768003076151,20,11.80297251812917,0.11360694490683952,20,13.121033030729288,0.3157897041850543
c,gradual,dwvp,fixed_lookahead,0.055,0.005,0.2,20,20,0,0,20,20,0.004486187403425695,0.0010218523777350199,20,0.0008950040021644564,7.077429656162496e-05,20,0.0341152183287358,0.002657206600958636,20,1.8468156524293113,0.1217208313666023,20,0.10057697014196065,0.008336562749984441,20,3.8387872147367537,0.37608814009789243,20,0.0,0.0,20,38.145,1.2727588949515773,0,,,0,,,0,,,20,38.145,1.2727588949515773,20,0.9627339855860726,0.23944198954069598,20,1.8468156524293113,0.1217208313666023,20,1.0227480556797137,0.2232038977020606,20,0.5290385883003934,0.35216158319033075,20,38.145,1.2727588949515773,20,0.06852493529993942,0.01682533279919297,20,1.9741482620739614,0.059581053110199206,20,566.4,17.046067612579492,20,566.4,17.046067612579492,20,12.085535143180442,0.1218000715001764,20,15.290080181594908,0.4077304417599943
c,rapid,dwvp,fixed_lookahead,0.055,0.005,0.2,20,20,0,0,20,20,0.004096615457398465,0.0010263105804468034,20,0.0008497861747574244,7.424876251223929e-05,20,0.03559195317430202,0.0024370894790876193,20,5.879991155757032,0.47064030703629456,20,0.25867686731021017,0.029391991426915724,20,10.859379905201815,1.320584561517803,20,0.0,0.0,20,41.96499999999999,1.461573093085922,0,,,0,,,0,,,20,41.96499999999999,1.461573093085922,20,4.680217027366118,0.323999636227718,20,5.805333238440747,0.6710672893511979,20,5.009136100057009,0.20910455470860717,20,1.9329079927189632,0.9539800070397576,20,41.96499999999999,1.461573093085922,20,0.04896205229313339,0.008298956422941883,20,2.027583988008588,0.12139920355943248,20,597.5,20.61297496340849,20,597.5,20.61297496340849,20,12.011880854372071,0.10899171014955726,20,14.255511945373438,0.34965900807348704
c,offset,dwvp,fixed_lookahead,0.08,0.005,0.2,20,20,0,0,20,20,0.5,0.0,20,0.025099299677022135,0.0007754415520056663,20,0.8547037220097845,0.011790543180442916,20,0.11075297247902789,0.012629376952558993,20,0.025967086501009325,0.0028952058676002144,20,0.8859533936350689,0.11161434984477052,20,0.0,0.0,20,34.08166666666666,1.0904409216040876,20,0.024268608833175744,0.0102561768949139,20,4.08,0.5076490937046784,20,0.6090962815425132,0.046691716803302696,20,34.081666666666656,1.0904409216040873,0,,,20,0.09750741072107891,0.015407049427286369,20,0.1013381503850583,0.018364744227435063,0,,,20,34.08166666666666,1.0904409216040876,0,,,20,2.3952572339404115,0.4543363884903195,20,429.7,16.80570078715459,20,429.7,16.80570078715459,20,11.37020696124542,0.12657629983815274,20,12.422688472489284,0.4044841617592966
c,gradual,dwvp,fixed_lookahead,0.08,0.005,0.2,20,20,0,0,20,20,0.00459546546867673,0.000952890011605665,20,0.0009184254731014966,9.398547763982078e-05,20,0.02693632536495568,0.0024034606113691186,20,2.565290917731771,0.12161664921175676,20,0.14880096009250918,0.012079769428101792,20,4.373560530013337,0.404483752848038,20,0.0,0.0,20,29.380000000000003,0.9201703376508055,0,,,0,,,0,,,20,29.380000000000003,0.9201703376508055,20,1.7734010737909505,0.16691617320663893,20,2.565290917731771,0.12161664921175676,20,1.918048986431253,0.1201544718274049,20,0.08273979676397422,0.017864465749744266,20,29.380000000000003,0.9201703376508055,20,0.11168309986492952,0.019391721266202755,20,1.2399667727032038,0.05261957119430304,20,406.45,16.77866753382182,20,406.45,16.77866753382182,20,11.635162481409447,0.19521898897341045,20,14.713059498463902,0.4179337818795261
c,rapid,dwvp,fixed_lookahead,0.08,0.005,0.2,20,20,0,0,20,20,0.003539762872215819,0.000694227609239616,20,0.0008141348220132184,7.779284749210226e-05,20,0.02562880082621517,0.002257316618124637,20,8.27414238390799,0.4079809737103976,20,0.4121201526902186,0.06938628612602163,20,12.968573036633307,2.1098527288815885,20,0.0,0.0,20,31.513333333333332,0.9085944417885923,0,,,0,,,0,,,20,31.513333333333332,0.9085944417885925,20,7.4381533380244065,0.3964733837104938,20,7.5585360374257125,1.5461960271465622,20,7.87471521269799,0.2032665087023034,20,0.12191158488607831,0.09799098160029529,20,31.513333333333332,0.9085944417885923,20,0.0704082469885743,0.0066567035469513765,20,1.2788807026025375,0.11462604152453519,20,420.7,15.874839410708681,20,420.7,15.874839410708681,20,11.616631949248582,0.17569274658172832,20,13.528552287796206,0.47736021003951573
c,offset,dwvp,fixed_lookahead,0.11,0.005,0.2,20,20,0,0,20,20,0.5,0.0,20,0.029521084024649563,0.000553439492537886,20,0.8307537587494833,0.004212358024587904,20,0.10266899355399939,0.011379151562857294,20,0.02427367438366891,0.003250348512572286,20,0.6832934927847949,0.09207430588481451,20,0.0,0.0,20,28.15,0.5238744548500571,20,0.0035760922619795044,0.001393428587895469,20,3.0133333333333328,0.10225527052860016,20,0.521785373379435,0.017297371741095382,20,28.15,0.5238744548500571,0,,,20,0.09006716137242986,0.015768279390225477,20,0.09210144682762926,0.01753867751849369,0,,,20,28.15,0.5238744548500571,0,,,20,1.459364847862037,0.13093503497535708,20,319.9,13.973282777463117,20,319.9,13.973282777463117,20,10.893775521151479,0.17990363908966372,20,11.390092012946655,0.42457358652960137
c,gradual,dwvp,fixed_lookahead,0.11,0.005,0.2,20,20,0,0,20,20,0.004559049359794682,0.0011131094233819165,20,0.0009365896497868488,0.00012722538633004702,20,0.023706341248928474,0.0030836135587406855,20,3.549362994461216,0.11731152915824708,20,0.24367995338640572,0.01306776151311247,20,6.171283190978441,0.3196440529935095,20,0.0,0.0,20,25.333333333333336,0.5408462072373633,0,,,0,,,0,,,20,25.333333333333336,0.5408462072373633,20,3.125374293967294,0.14767080876232644,20,3.549362994461216,0.11731152915824708,20,3.2666815732127423,0.06730287431802444,20,0.06851397141354622,0.01811492406888301,20,25.333333333333336,0.5408462072373633,20,0.1531211897921831,0.014136213828124918,20,0.7869718963666122,0.037200831642155915,20,307.2,11.505605041388353,20,307.2,11.505605041388353,20,11.100408436832842,0.1857865802724393,20,13.533262754988645,0.46828934480035395
c,rapid,dwvp,fixed_lookahead,0.11,0.005,0.2,20,20,0,0,20,20,0.00342880342111999,0.0007268339436926445,20,0.0007980354591095252,0.00011732664761601325,20,0.021421840103461064,0.003150910531651437,20,11.072946710722809,0.4114867509612562,20,0.7265537359115192,0.052905615366899354,20,19.496507049960982,1.3574830648274887,20,0.0,0.0,20,26.846666666666664,0.607400751164023,0,,,0,,,0,,,20,26.846666666666664,0.607400751164023,20,10.048871662486569,0.3268452946600318,20,10.600899519460109,1.0280566844272327,20,10.695126083245949,0.19366580414321488,20,0.0774519521795551,0.012413316031711502,20,26.846666666666664,0.607400751164023,20,0.09249628348889231,0.005621609200779851,20,0.9112375574605878,0.08761691642064245,20,316.5,14.64851348664502,20,316.5,14.64851348664502,20,11.06578809663277,0.21531995937187853,20,12.170210302449503,0.5725087097788978
c,offset,dwvp,fixed_lookahead,0.165,0.005,0.2,20,20,0,0,20,20,0.5,0.0,20,0.033574855287594595,0.00029336590594205886,20,0.8730799588044282,0.004689334529055815,20,0.08447226659991616,0.011055576849838947,20,0.021145459337216274,0.003626919912817664,20,0.5498399064509792,0.09375997719406742,20,0.0,0.0,20,26.005000000000003,0.15343055651503906,20,0.001865972661310575,0.0004930146729636516,20,4.076666666666667,0.07342896475844582,20,0.7514875691438289,0.015598329365137253,20,26.005000000000003,0.15343055651503906,0,,,20,0.07255995474823326,0.01802547809406039,20,0.07474053516286376,0.0157305219301823,0,,,20,26.005000000000003,0.15343055651503906,0,,,20,0.7782364601585614,0.08927534669004387,20,214.95,8.198042128267097,20,214.95,8.198042128267097,20,9.912770867717379,0.16382556059338785,20,8.591705010860958,0.39826382698379464
c,gradual,dwvp,fixed_lookahead,0.165,0.005,0.2,20,20,0,0,20,20,0.004416731728801977,0.0009216673334074843,20,0.0009051344632248825,0.00012152406429748345,20,0.02134582299822043,0.00285882690327245,20,5.37927536777348,0.08189975172991205,20,0.4874342361918965,0.01110875776957001,20,11.494599318685149,0.2414480028016405,20,0.0,0.0,20,23.583333333333332,0.17786912857656023,0,,,0,,,0,,,20,23.583333333333332,0.17786912857656023,20,4.989989786916241,0.10796514955636694,20,5.37927536777348,0.08189975172991205,20,5.1534337643581525,0.06897344113463151,20,0.04843905803722885,0.01626634488396741,20,23.583333333333332,0.17786912857656023,20,0.18797700779133303,0.010493339538946017,20,0.3885193355892779,0.02925140785209019,20,203.35,11.895487866369642,20,203.35,11.895487866369642,20,9.994361866895101,0.2804145495248956,20,11.230087910792133,0.5543956914362006
c,rapid,dwvp,fixed_lookahead,0.165,0.005,0.2,20,20,0,0,20,20,0.0031654256618161743,0.0005499998776071985,20,0.0007439161249756237,0.00011416851863311194,20,0.01844568999839935,0.0027832535919444946,20,17.41356365465409,0.5450348232389123,20,1.3912128881229109,0.0307810668629099,20,34.50439464514397,0.6933520889768283,20,0.0,0.0,20,24.803333333333335,0.18603275822957333,0,,,0,,,0,,,20,24.803333333333335,0.18603275822957333,20,14.175936034815887,0.49414055150598235,20,17.41356365465409,0.5450348232389123,20,14.704394764567265,0.22270118941792275,20,0.05493982401746024,0.016098230754838638,20,24.803333333333335,0.18603275822957333,20,0.12034209838895746,0.005770635692954114,20,0.4717244126152106,0.05195383777939142,20,210.9,13.054138283157164,20,210.9,13.054138283157164,20,10.04308673244696,0.24893320952937348,20,9.464636838701374,0.5142627105180426
c,offset,dwvp,fixed_lookahead,0.22,0.005,0.2,20,20,0,0,20,20,0.5,0.0,20,0.03643370872411507,0.00024158313503011604,20,0.9273490381239592,0.00522346626034702,20,0.07235717135769756,0.009697085102084533,20,0.01897438342773993,0.0037415628616523935,20,0.4829962729376027,0.09550414425879561,20,0.0,0.0,20,25.45333333333333,0.08474247193531498,20,0.0014604851011340895,0.0004859637307291127,20,4.835,0.07212318896142156,20,0.927653484788834,0.016372690026152905,20,25.45333333333333,0.08474247193531498,0,,,20,0.06085763034595776,0.018902843711854543,20,0.06223707150241816,0.014642923657075967,0,,,20,25.45333333333333,0.08474247193531498,0,,,20,0.4793773153482152,0.04882738136928493,20,149.55,9.4950125412184,20,149.55,9.4950125412184,20,8.939774854276653,0.17917448900973,20,6.6518476079391275,0.3186149718231467
c,gradual,dwvp,fixed_lookahead,0.22,0.005,0.2,20,20,0,0,20,20,0.004095968290798366,0.0005898885335950701,20,0.0008562366807623569,0.0001290755207501553,20,0.019888463531487332,0.0029748598060619393,20,7.210311168594973,0.09470140035289244,20,0.8232694275395458,0.011836260301592535,20,19.12379934863391,0.25179811848365036,20,0.0,0.0,20,23.23,0.16362130003322106,0,,,0,,,0,,,20,23.23,0.16362130003322106,20,6.8357712314046095,0.12766499909333226,20,7.210311168594973,0.09470140035289244,20,6.924018226527716,0.07031277095180542,20,0.03177355593667152,0.012709589813941408,20,23.23,0.16362130003322106,20,0.20087193034744497,0.006149826185416724,20,0.22260410290440363,0.022457003339118434,20,140.0,10.457935793101408,20,140.0,10.457935793101408,20,9.006370997470443,0.2482131453292177,20,9.453537971376983,0.5147732182887647
c,rapid,dwvp,fixed_lookahead,0.22,0.005,0.2,20,20,0,0,20,20,0.003266168545464316,0.000630171846966364,20,0.000727813327719268,0.00012760269821083037,20,0.01759372381639767,0.0030674639316152505,20,23.789750896680196,0.28871456364444487,20,2.0178307979173757,0.024820282002290073,20,48.782030804551816,0.4900643577926519,20,0.0,0.0,20,24.17666666666667,0.1740807099228731,0,,,0,,,0,,,20,24.17666666666667,0.1740807099228731,20,16.96875837040784,0.5033616208524685,20,23.789750896680196,0.28871456364444487,20,17.49804369334878,0.19635432711508777,20,0.040799591466381166,0.013905798389251944,20,24.17666666666667,0.1740807099228731,20,0.13884389522720877,0.006476735252807063,20,0.2615606642467629,0.02381333462671696,20,148.2,7.6474970105463775,20,148.2,7.6474970105463775,20,9.05570249982037,0.22372597883593745,20,7.7666812599451465,0.4101998637524846
c,offset,dwvp,fixed_lookahead,0.33,0.005,0.2,20,20,0,0,20,20,0.5,0.0,20,0.042749456163150006,0.0002698444854689751,20,1.0585221567136713,0.0034806540479043638,20,0.05661913445291635,0.009573145083631525,20,0.01635655695894044,0.003871293451567422,20,0.4051326767517291,0.09675298329982485,20,0.0,0.0,20,24.761666666666667,0.11611397909102433,20,0.001060486865454059,0.0004095727907561773,20,6.421666666666667,0.07668192067928617,20,1.3045802077529214,0.017769578731482678,20,24.761666666666667,0.11611397909102433,0,,,20,0.047439413855004234,0.017308822316221915,20,0.048797848658911916,0.0105568647083653,0,,,20,24.761666666666667,0.11611397909102433,0,,,20,0.2587142725246941,0.03885673114891141,20,77.7,7.167910948694958,20,77.7,7.167910948694958,20,7.31899121584005,0.22155598330178694,20,4.691759339685765,0.20187942039599485
c,gradual,dwvp,fixed_lookahead,0.33,0.005,0.2,20,20,0,0,20,20,0.0034960848469480187,0.0004537761125599296,20,0.0008137126379693523,0.00014888102436679709,20,0.01865261680889552,0.0034093447630858783,20,10.868336191435422,0.05941686798178207,20,1.7066169716357866,0.013437723996148166,20,39.120410438424464,0.21692825033030927,20,0.0,0.0,20,22.92333333333333,0.1009313355847631,0,,,0,,,0,,,20,22.92333333333333,0.1009313355847631,20,9.973033433033308,0.12841937939675976,20,10.868336191435422,0.05941686798178207,20,10.139344448785526,0.06931604847425935,20,0.018475365720415016,0.014411983422893649,20,22.92333333333333,0.1009313355847631,20,0.20974273068278038,0.004438995435722744,20,0.11672749838964973,0.02629829339247579,20,69.7,6.224738421897953,20,69.7,6.224738421897953,20,7.365730318837388,0.21792198302163737,20,7.3324336456752945,0.40011704498207495
c,rapid,dwvp,fixed_lookahead,0.33,0.005,0.2,20,20,0,0,20,20,0.003397011970019715,0.000530709190381677,20,0.0007751095101275646,0.00013931065817781603,20,0.018244865533820827,0.00332641556294679,20,35.65559425229926,0.2151472707097761,20,3.1314125972087767,0.03423228612478499,20,73.67434342700487,0.6782946117125022,20,0.0,0.0,20,23.528333333333332,0.14600929234227691,0,,,0,,,0,,,20,23.528333333333332,0.14600929234227691,20,20.744765965651546,0.5249268090766503,20,35.65559425229926,0.2151472707097761,20,21.28105454628362,0.11313066623114103,20,0.021928603296461745,0.012023357945392917,20,23.528333333333332,0.14600929234227691,20,0.1733710096750988,0.007949209867741586,20,0.11595120254711755,0.025111800081075424,20,79.35,6.491087006527935,20,79.35,6.491087006527935,20,7.511916263661808,0.2349353583795948,20,6.265578052381376,0.5122010610560678
c,offset,dwvp,fixed_lookahead,0.44,0.005,0.2,20,20,0,0,20,20,0.5,0.0,20,0.0515748387627639,0.0005688860079805666,20,1.2554758244250068,0.012539679207817168,20,0.04908915489445469,0.008817841968871112,20,0.01468334888267445,0.00380121475048413,20,0.3575121882340226,0.09295867223382588,20,0.0,0.0,20,24.343333333333337,0.12096106376585952,20,0.0008323667404925882,0.0003625271619012704,20,8.216666666666665,0.08950807732508159,20,1.714135627981518,0.019922376854713125,20,24.343333333333337,0.12096106376585952,0,,,20,0.04023556539861111,0.01576081772230423,20,0.04252676622577281,0.009151513746989427,0,,,20,24.343333333333337,0.12096106376585952,0,,,20,0.11411314779151813,0.0240153126346563,20,40.6,4.8709666175692155,20,40.6,4.8709666175692155,20,6.333706200864016,0.20754678093738835,20,3.759878216862524,0.1655312696941479
c,gradual,dwvp,fixed_lookahead,0.44,0.005,0.2,20,20,0,0,20,20,0.0031915815102631336,0.0004141152030011159,20,0.0008335060338412583,0.00015380620029177878,20,0.019026349993091864,0.0035245877206358596,20,14.519067934815638,0.04454623142629286,20,2.757517018075063,0.012441394387691396,20,62.9350301141835,0.18483858249014437,20,0.0,0.0,20,22.82333333333333,0.07806130444376362,0,,,0,,,0,,,20,22.82333333333333,0.07806130444376362,20,12.705440549851632,0.09440357895127033,20,14.519067934815638,0.04454623142629286,20,12.794966149404292,0.05695534148270045,20,0.005450922316962578,0.008722399361193874,20,22.82333333333333,0.07806130444376362,20,0.21258297368327028,0.002209893895643731,20,0.08716614370952283,0.031010215808310187,20,35.75,3.725799101852973,20,35.75,3.725799101852973,20,6.220943069091259,0.2040291711550994,20,5.933910740489052,0.2868742989552084
c,rapid,dwvp,fixed_lookahead,0.44,0.005,0.2,20,20,0,0,20,20,0.003565947877706683,0.0005791619707091031,20,0.000868658857605643,0.00014798802400696324,20,0.020039517034378708,0.003405964847569876,20,42.249735953709596,0.19759574901841281,20,4.168150286845284,0.02621493865329062,20,96.16407377035384,0.37099176848958265,20,0.0,0.0,20,23.071666666666665,0.10666392540337231,0,,,0,,,0,,,20,23.071666666666665,0.10666392540337231,20,22.919264450967393,0.6254013160377501,20,42.249735953709596,0.19759574901841281,20,23.631564025581017,0.11136709315271429,20,0.013577082463978641,0.012863259807794156,20,23.071666666666665,0.10666392540337231,20,0.19544705884836575,0.0071789955833658405,20,0.09125521574650183,0.028950975877472092,20,47.75,4.327087266340524,20,47.75,4.327087266340524,20,6.466393177776834,0.17177723559880595,20,5.556530117830329,0.3410743577676064
c,offset,dwvp,fixed_lookahead,0.6,0.005,0.2,20,20,0,0,20,20,0.5,0.0,20,0.0622704924099064,0.0004429029675418836,20,1.4681997489920744,0.007139203347396577,20,0.04332713527477056,0.007704500239138107,20,0.013368365440959804,0.003896236112707161,20,0.31508808063564275,0.09109469953166621,20,0.0,0.0,20,23.578333333333337,0.11253329591751322,20,0.0006648710152378705,0.0005274628064710284,20,10.726666666666667,0.11777667438521029,20,2.339861366498797,0.025994672175782833,20,23.578333333333337,0.11253329591751322,0,,,20,0.03542433751595284,0.012930050512634616,20,0.03592224503087261,0.009658931734832687,0,,,20,23.578333333333337,0.11253329591751322,0,,,20,0.05105123924997799,0.02684270099158646,20,14.9,3.768288736283354,20,14.9,3.768288736283354,20,5.348505034109237,0.18111703103935095,20,3.078634858859473,0.13761914728217658
c,gradual,dwvp,fixed_lookahead,0.6,0.005,0.2,20,20,0,0,20,20,0.0029010080540705038,0.00034769083764331506,20,0.0009027040948238936,0.0001557167677665716,20,0.020544690109602047,0.0035364920408685737,20,19.846684621414056,0.02693628590110117,20,4.3943491006658135,0.023694036654725678,20,100.01286465044936,0.19661536353535616,20,0.0,0.0,20,22.759999999999998,0.12023369058162173,0,,,0,,,0,,,20,22.759999999999998,0.12023369058162173,20,15.758053266270277,0.051465047161295886,20,19.846684621414056,0.02693628590110117,20,15.8587707560392,0.03347834130411993,20,0.0,0.0,20,22.759999999999998,0.12023369058162173,20,0.21752882300450843,0.0031196774925337078,20,0.07426457357955996,0.03300024999846103,20,18.55,3.4713109915419564,20,18.55,3.4713109915419564,20,5.412170554013951,0.20739280530201332,20,4.578403410604643,0.23130951265762853
c,rapid,dwvp,fixed_lookahead,0.6,0.005,0.2,20,20,0,0,20,20,0.003047582950330995,0.0004052692059039099,20,0.0009188130325605054,0.00015184962494626484,20,0.020946334610797934,0.0034702311504156494,20,46.772939570885626,0.1774328105939624,20,5.983173621446224,0.02588156215384709,20,136.3843362582473,0.23089585464136836,20,0.0,0.0,20,22.794999999999998,0.0932047987118899,0,,,0,,,0,,,20,22.794999999999998,0.0932047987118899,20,24.643029510845654,0.45212873310348456,20,46.772939570885626,0.1774328105939624,20,25.76964650758037,0.08037612606185497,20,0.0014349610409861145,0.003687536635218991,20,22.794999999999998,0.0932047987118899,20,0.20815688521964879,0.005127099404512809,20,0.07698787772483949,0.030487762951823625,20,23.5,3.9135392515834324,20,23.5,3.9135392515834324,20,5.579484449269982,0.17277275228821842,20,4.75161671973759,0.258702755096055
c,offset,dwvp,lookahead_time,0.5,0.005,0.2,20,20,0,0,20,20,0.5,0.0,20,0.029521074508496448,0.0005534532837880371,20,0.8307534875053854,0.004213130311593826,20,0.10266880551729625,0.01138024902546779,20,0.02427344431083303,0.0032506003171233243,20,0.6832872789472006,0.09208340505016221,20,0.0,0.0,20,28.15,0.5238744548500571,20,0.0035761135859894897,0.001393425155603691,20,3.0133333333333328,0.10225527052860016,20,0.5217853733465685,0.017297371765533653,20,28.15,0.5238744548500571,0,,,20,0.09006636721799359,0.015771237551698226,20,0.09209967657101817,0.017538601451443314,0,,,20,28.15,0.5238744548500571,0,,,20,1.4596168192928507,0.1309152912933828,20,319.95,14.06179969016469,20,319.95,14.06179969016469,20,10.89373552606182,0.17997645859420636,20,11.389691031493626,0.42463456686743123
c,gradual,dwvp,lookahead_time,0.5,0.005,0.2,20,20,0,0,20,20,0.0044755005906246,0.0010322252924609588,20,0.0009360145428515144,0.00012145893115499967,20,0.023724474239578228,0.003008509053957018,20,3.5491857263734596,0.11737230475132328,20,0.24528851759944206,0.012890304596482846,20,6.218224362326671,0.30775915659329317,20,0.0,0.0,20,25.36,0.5378753959054714,0,,,0,,,0,,,20,25.36,0.5378753959054714,20,3.1340806054470542,0.14811322316415146,20,3.5491857263734596,0.11737230475132328,20,3.2735028408434665,0.0609308662832205,20,0.06851203387535124,0.018142466782987362,20,25.36,0.5378753959054714,20,0.15312256611338151,0.014137559178267348,20,0.7687064462030683,0.031425886127654803,20,303.85,12.175363390232365,20,303.85,12.175363390232365,20,11.062220724788908,0.20363102053078325,20,13.431011129757039,0.5296374027995386
c,rapid,dwvp,lookahead_time,0.5,0.005,0.2,20,20,0,0,20,20,0.0034584942981611016,0.000753966085418336,20,0.0007991026514772128,0.00011730295241862515,20,0.021450533489774458,0.0031510969689634537,20,11.072901804813412,0.41179114079225254,20,0.7268563835058364,0.05328990481343263,20,19.504537977552467,1.366542259900439,20,0.0,0.0,20,26.846666666666664,0.607400751164023,0,,,0,,,0,,,20,26.846666666666664,0.607400751164023,20,10.04259367415972,0.3323977297689942,20,10.600263383382353,1.0299210811121955,20,10.699745749285622,0.19587924805714907,20,0.07744357639774353,0.012410182674116015,20,26.846666666666664,0.607400751164023,20,0.09249766764992921,0.005620336984735154,20,0.9135286243057339,0.0887158904073025,20,316.65,14.597314100455893,20,316.65,14.597314100455893,20,11.06382820299961,0.21567206623143725,20,12.165958194378613,0.5761988654363899
c,offset,dwvp,lookahead_time,0.75,0.005,0.2,20,20,0,0,20,20,0.5,0.0,20,0.03293316127334315,0.00029202191113598453,20,0.8655972564750917,0.0030406170005025227,20,0.08727492762257814,0.011247061449012068,20,0.022001203800295143,0.003639335537788348,20,0.5783382568125762,0.09564117145693674,20,0.0,0.0,20,26.285000000000004,0.1995535953745274,20,0.0019360889458936992,0.00046525999644955697,20,3.983333333333333,0.055672391763587424,20,0.728369093758799,0.012352354574067467,20,26.285000000000004,0.1995535953745274,0,,,20,0.07613501972909245,0.016857667873295082,20,0.07709105748529958,0.016556137793002076,0,,,20,26.285000000000004,0.1995535953745274,0,,,20,0.6493035775409863,0.05304843942545492,20,237.2,12.224220995522309,20,237.2,12.224220995522309,20,10.196755829957754,0.18808283343025262,20,9.155506621878832,0.40875431018854186
c,gradual,dwvp,lookahead_time,0.75,0.005,0.2,20,20,0,0,20,20,0.004413203242600983,0.0008962301929639463,20,0.0009293118106676823,0.00012364081346795993,20,0.022252026056692145,0.002883117411126924,20,5.227000413639937,0.04928732155354238,20,0.45870555453954714,0.014006415463823826,20,10.987620439275819,0.32222609774569627,20,0.0,0.0,20,23.956666666666667,0.3357979063635278,0,,,0,,,0,,,20,23.956666666666667,0.3357979063635278,20,5.0929676646603355,0.14512232590716725,20,4.861005883408459,0.21055912049156533,20,5.220847584479514,0.05150718091617444,20,0.053301721413751134,0.016725238308980442,20,23.956666666666667,0.3357979063635278,20,0.18466399363994768,0.010967442571040908,20,0.44998707123252457,0.03970269307779587,20,222.0,15.821371289293612,20,222.0,15.821371289293612,20,10.320979776158202,0.2929873322729875,20,11.537559030987449,0.5556672524784217
c,rapid,dwvp,lookahead_time,0.75,0.005,0.2,20,20,0,0,20,20,0.003331553588819288,0.0006609621293810509,20,0.0007715203394793649,0.00011455404548772023,20,0.019718108794805143,0.0028866325629993833,20,12.643912387291047,0.3730316374509888,20,1.0105453229526558,0.025207489025477012,20,25.832955966080657,0.6551428852564309,20,0.0,0.0,20,25.564999999999998,0.3219957865403017,0,,,0,,,0,,,20,25.564999999999998,0.3219957865403017,20,11.623475712864554,0.4638389425772263,20,12.612490393922737,0.4018378316211485,20,12.121071659423547,0.20196872192177914,20,0.06007366410844943,0.015179211248270475,20,25.564999999999998,0.3219957865403017,20,0.10728457114882459,0.008076752277753839,20,0.563074063464537,0.035304860134947595,20,254.1,16.5748700082225,20,254.1,16.5748700082225,20,10.559426129125322,0.2504119013894178,20,10.805695992258384,0.49196260003408726
c,offset,dwvp,lookahead_time,1.0,0.005,0.2,20,20,0,0,20,20,0.5,0.0,20,0.03558090426840456,0.00023478705843722985,20,0.9110870997397644,0.003357893840209562,20,0.0736922152250236,0.009689597000326632,20,0.019811907776335368,0.0037049047660807502,20,0.5074417764831263,0.09575009236347261,20,0.0,0.0,20,25.606666666666673,0.11218197413861787,20,0.0014771506166234934,0.0004644572171733607,20,4.738333333333334,0.0660276390824858,20,0.9017208131133815,0.020017485622144074,20,25.606666666666673,0.11218197413861787,0,,,20,0.06375729280378203,0.016230423433575454,20,0.06464074499657821,0.013899930475316421,0,,,20,25.606666666666673,0.11218197413861787,0,,,20,0.39584666106077776,0.040057248465893626,20,168.6,6.931241249816507,20,168.6,6.931241249816507,20,9.325258073611742,0.16964151737876315,20,7.081151585500601,0.3024259212611203
c,gradual,dwvp,lookahead_time,1.0,0.005,0.2,20,20,0,0,20,20,0.003939646924936615,0.0006212563934349423,20,0.0008716851061000986,0.0001286694219880753,20,0.02042468404276655,0.003017807437126915,20,7.102540965251606,0.048488115600521214,20,0.8228310370870437,0.018300345258373672,20,19.279144991901195,0.396748379561815,20,0.0,0.0,20,23.431666666666665,0.17047405523648448,0,,,0,,,0,,,20,23.431666666666665,0.17047405523648448,20,6.954338832836228,0.10136073074674248,20,6.985422886846865,0.20374215066934293,20,7.0751179716114025,0.04158767890804592,20,0.0376963594671111,0.012738911242425047,20,23.431666666666665,0.17047405523648448,20,0.20051601515866418,0.010027269661603529,20,0.2610219333002174,0.03077249206709535,20,157.4,12.877561063624137,20,157.4,12.877561063624137,20,9.423226716870007,0.26051615325163874,20,9.625237719263568,0.40454424902541136
c,rapid,dwvp,lookahead_time,1.0,0.005,0.2,20,20,0,0,20,20,0.002729710628305005,0.00047499619223250193,20,0.0007235151006286316,0.00012294339721647163,20,0.01787438685108861,0.0030328893525602674,20,17.28932694565941,0.862629622280358,20,1.6377519873386763,0.047445313951283284,20,40.46458531597028,0.9790556412838873,20,0.0,0.0,20,24.711666666666666,0.2580346320652118,0,,,0,,,0,,,20,24.711666666666666,0.2580346320652118,20,15.401045011571203,0.6560429417063519,20,17.160197819340006,1.0358810329533326,20,16.329641047077242,0.2950181957108242,20,0.04710202029660501,0.013045342329262327,20,24.711666666666666,0.2580346320652118,20,0.12641062205210113,0.004563919500296432,20,0.3605390309754223,0.025637695855801026,20,187.4,11.717732850594212,20,187.4,11.717732850594212,20,9.747566843422431,0.22071682631835415,20,9.331746450366072,0.5010862196816858
c,offset,dwvp,lookahead_time,1.5,0.005,0.2,20,20,0,0,20,20,0.5,0.0,20,0.04143700249148886,0.0003477729257729244,20,1.0363981661863764,0.005483466861150788,20,0.05823644317660215,0.009134902240700037,20,0.016967477442208466,0.0038368071144219734,20,0.4243689481270546,0.09589334132127181,20,0.0,0.0,20,25.013333333333332,0.27410673637102834,20,0.0010944671362850696,0.0004195672938862389,20,6.338333333333333,0.07514119263366378,20,1.2661772552823014,0.032405819642812674,20,25.013333333333332,0.27410673637102834,0,,,20,0.05032312252942821,0.015395857839605833,20,0.050031511372606904,0.010794027727285561,0,,,20,25.013333333333332,0.27410673637102834,0,,,20,0.2594222450437436,0.05354994440360433,20,91.65,10.291923251294012,20,91.65,10.291923251294012,20,7.815401598182623,0.2589887977187989,20,4.96053090616005,0.1974191207148
c,gradual,dwvp,lookahead_time,1.5,0.005,0.2,20,20,0,0,20,20,0.003517332330352111,0.0004593286473320319,20,0.0008321026691719125,0.00013295669354754502,20,0.019182024325877043,0.003070982366998211,20,10.81357583986078,0.05521886475125292,20,1.6881929299729808,0.012484673957512753,20,38.91463116771536,0.21628796466899586,20,0.0,0.0,20,23.051666666666666,0.13044010074758838,0,,,0,,,0,,,20,23.051666666666666,0.13044010074758838,20,10.020498312643245,0.12141495322463769,20,10.81357583986078,0.05521886475125292,20,10.139582568310558,0.048135456436940074,20,0.023834048687885145,0.015044707910127046,20,23.051666666666666,0.13044010074758838,20,0.20945639364085364,0.004256206070164677,20,0.1258780300174424,0.0249958211487519,20,80.95,7.6052267345694915,20,80.95,7.6052267345694915,20,7.805126685094542,0.24653379773633818,20,7.667815608045707,0.4597624830815201
c,rapid,dwvp,lookahead_time,1.5,0.005,0.2,20,20,0,0,20,20,0.00326168377019394,0.0004500256692370408,20,0.000781710959645988,0.00013406119433442858,20,0.018623167327361197,0.0032146830446052968,20,29.821232122386732,1.2036136324485736,20,3.0521724684983744,0.04427213038053613,20,72.7025726754689,0.7953883674956398,20,0.0,0.0,20,23.821666666666665,0.18520574934554085,0,,,0,,,0,,,20,23.821666666666665,0.18520574934554085,20,21.684249884686018,0.7896536613540915,20,29.821232122386732,1.2036136324485736,20,22.54580407459648,0.33040334824499945,20,0.02809942219939965,0.011604174772833866,20,23.821666666666665,0.18520574934554085,20,0.16481062934798235,0.007940604402066153,20,0.17824937229383936,0.031802160212107654,20,99.35,7.314549307985241,20,99.35,7.314549307985241,20,8.136453757121542,0.22570212880271925,20,7.663346072306891,0.45730691823543795
c,offset,dwvp,fixed_lookahead,0.055,0.01,0.5,20,20,0,0,20,20,0.5,0.0,20,0.011111676565265868,0.00031687662754548797,20,0.9466291131311377,0.024191238927816845,20,0.22846485614046866,0.037492478097804205,20,0.052431414239120164,0.004543348400936349,20,4.467257570441896,0.3891447322710629,20,0.0,0.0,20,85.215,1.6955902558665155,20,0.026787940228299577,0.01479464841418938,20,4.276666666666666,0.8423095512440536,20,0.5804743567086039,0.05542604573302242,20,85.215,1.6955902558665155,0,,,20,0.19643608746098729,0.03148599257528274,20,0.22366067342147153,0.03687613490910084,0,,,20,85.215,1.6955902558665155,0,,,20,4.189427672814974,0.30792665525582336,20,1181.25,19.1637678967368,20,1181.25,19.1637678967368,20,12.370740869234819,0.054782421713451754,20,15.546304510055228,0.3033689813351149
c,gradual,dwvp,fixed_lookahead,0.055,0.01,0.5,20,20,0,0,20,20,0.006109978671032827,0.000922150303454167,20,0.001270129418285144,0.00012265696605364155,20,0.09250752695753105,0.009334164728572413,20,1.88448516361322,0.10461157054694052,20,0.12425004436886752,0.012388358044713424,20,9.055435776162405,1.0106156210944781,20,0.0,0.0,20,72.83666666666667,2.248063494139837,0,,,0,,,0,,,20,72.83666666666667,2.248063494139839,20,1.566464996203379,0.17085265984747583,20,1.8819149759280251,0.10869922622863573,20,1.6386607580234167,0.15166455228841746,20,0.17245211543354708,0.039178155333000016,20,72.83666666666667,2.248063494139837,20,0.02179317246662918,0.007999384626067361,20,3.9488215022212123,0.1051957688963125,20,1102.5,28.270311747764463,20,1102.5,28.270311747764463,20,12.515930175156381,0.0769004133121931,20,17.116954994735686,0.40413951855636066
c,rapid,dwvp,fixed_lookahead,0.055,0.01,0.5,20,20,0,0,20,20,0.0061523951097418785,0.001755096116111628,20,0.0012362954705393296,0.0001377358911924835,20,0.09867259665454499,0.010104362695130417,20,6.158459120306469,0.35651311735722185,20,0.2398957593946837,0.02457007123924969,20,19.166955371581246,2.045705010268218,20,0.0,0.0,20,79.89166666666667,2.046588232110421,0,,,0,,,0,,,20,79.89166666666667,2.046588232110421,20,5.186615089280055,0.3888725032417672,20,6.158459120306469,0.35651311735722185,20,5.396615681144139,0.3645226272557435,20,0.24161084414049042,0.21710238700322926,20,79.89166666666667,2.046588232110421,20,0.017580580766226504,0.007742113519388974,20,3.731285535729113,0.11339158984081549,20,1156.55,19.165415672370294,20,1156.55,19.165415672370294,20,12.464670983217568,0.07731896765781841,20,16.405987507900598,0.3742514483095594
c,offset,dwvp,fixed_lookahead,0.08,0.01,0.5,20,20,0,0,20,20,0.5,0.0,20,0.014945459753799925,0.00043752766701450087,20,0.9036441757183319,0.018193767282026905,20,0.20672819638413187,0.030420384526757115,20,0.05036489438536351,0.004589872071847789,20,3.04745369543339,0.2951381453385274,20,0.0,0.0,20,60.49499999999999,1.5438341804119335,20,0.01715307514757614,0.011831353334805231,20,3.825,0.7680669896466031,20,0.5717891073031967,0.061328553876318095,20,60.49499999999999,1.5438341804119335,0,,,20,0.18054902113056143,0.029952014027883018,20,0.19900289915262806,0.03267590896670028,0,,,20,60.49499999999999,1.5438341804119335,0,,,20,2.9819258808742846,0.293111746171672,20,841.3,24.161953563402115,20,841.3,24.161953563402115,20,12.224625862141306,0.08876035409315901,20,15.422327963816144,0.28838947997855746
c,gradual,dwvp,fixed_lookahead,0.08,0.01,0.5,20,20,0,0,20,20,0.006201380653501945,0.0016165834791941724,20,0.0012790821359908683,0.00012138857217130824,20,0.06480403639913057,0.005939043787013133,20,2.6463977524403517,0.12273179602512212,20,0.16150875001351297,0.011287502826537127,20,8.191145358882874,0.6607453436828401,20,0.0,0.0,20,50.7,1.5371424844639037,0,,,0,,,0,,,20,50.7,1.5371424844639037,20,2.030328035921257,0.34314099151609634,20,2.6463977524403517,0.12273179602512212,20,2.1699111894571073,0.2778442865520328,20,0.15685901616594153,0.025555677793303325,20,50.7,1.5371424844639037,20,0.04441179466567498,0.011492428543229355,20,2.7264545987272735,0.06334570945025167,20,777.0,20.468203839639976,20,777.0,20.468203839639976,20,12.380660513649158,0.10937586325259498,20,16.9920180481534,0.4103412861064971
c,rapid,dwvp,fixed_lookahead,0.08,0.01,0.5,20,20,0,0,20,20,0.005310862216846217,0.0008906508343681444,20,0.0012223175481000889,0.0001418599507200893,20,0.06845851699424567,0.007503823319094724,20,8.907212004747567,0.20991181238467413,20,0.39578943104423286,0.040491584855859415,20,22.194687692543724,2.3609638603142438,20,0.0,0.0,20,56.07333333333334,1.7048125893810966,0,,,0,,,0,,,20,56.07333333333334,1.7048125893810966,20,7.5779629665962815,0.3800384128103556,20,8.907212004747567,0.20991181238467413,20,7.846566411317444,0.1970484167112198,20,0.16754208848301638,0.03171273723892855,20,56.07333333333334,1.7048125893810966,20,0.03249664240837181,0.008724655716588226,20,2.5926088718345817,0.08237605393330821,20,821.65,22.827211370366033,20,821.65,22.827211370366033,20,12.364613526715512,0.09635329675756346,20,16.43658840176851,0.3987434529928938
c,offset,dwvp,fixed_lookahead,0.11,0.01,0.5,20,20,0,0,20,20,0.5,0.0,20,0.019303221884167367,0.0008064194514264141,20,0.8790727104329406,0.013656565452077165,20,0.20034985113644468,0.030253754295593342,20,0.05049764137121847,0.006202260977298402,20,2.300890709662604,0.27644602920587524,20,0.0,0.0,20,45.60333333333333,1.7070510806103212,20,0.0043248061078109724,0.0012486461751428242,20,3.328333333333334,0.2964260802504253,20,0.558278914788615,0.04184855542517287,20,45.60333333333333,1.7070510806103212,0,,,20,0.17868082120482318,0.036410134171344435,20,0.18333972923696878,0.03863319925627964,0,,,20,45.60333333333333,1.7070510806103212,0,,,20,2.166597135236727,0.1265611531079516,20,632.1,20.42160878244312,20,632.1,20.42160878244312,20,12.048312336643662,0.11640341956556383,20,15.262382655040321,0.3147151858230153
c,gradual,dwvp,fixed_lookahead,0.11,0.01,0.5,20,20,0,0,20,20,0.006480312587962332,0.0021140532966407166,20,0.0012727900199701048,0.0001676292758758995,20,0.050028724746310906,0.006371395828698879,20,3.6517020351171654,0.12208917983488426,20,0.25528811460421785,0.016151152080166292,20,10.046669770315718,0.7400354450343583,20,0.0,0.0,20,39.35166666666667,1.3117763947950583,0,,,0,,,0,,,20,39.35166666666667,1.3117763947950583,20,3.0899693808288418,0.1847120704005731,20,3.6517020351171654,0.12208917983488426,20,3.1871463239887903,0.18733724509930821,20,0.1394134455816805,0.036348356198187,20,39.35166666666667,1.3117763947950583,20,0.06342237637541956,0.016565271660604754,20,1.9832594168957978,0.06269774723224385,20,587.3,14.779430941256447,20,587.3,14.779430941256447,20,12.256382771694378,0.10438932182645454,20,16.71635363702906,0.38361869763863404
c,rapid,dwvp,fixed_lookahead,0.11,0.01,0.5,20,20,0,0,20,20,0.005476128521279554,0.001233279185641821,20,0.0012061046198776622,0.00014188433280230638,20,0.05123447099941336,0.0053267419223228885,20,12.044640959902159,0.3512134501364585,20,0.6795190430590965,0.05110696628069996,20,28.906457550375205,2.1477561607282096,20,0.0,0.0,20,42.56666666666667,1.5206954395548895,0,,,0,,,0,,,20,42.56666666666667,1.5206954395548895,20,10.215493643915332,0.4120482077384333,20,12.044640959902159,0.3512134501364585,20,10.66124749281599,0.19166862250581973,20,0.1475654856887359,0.030965475134773945,20,42.56666666666667,1.5206954395548895,20,0.04739201156817908,0.011469520823096166,20,1.9187733576513224,0.0680688934380238,20,615.0,19.150374463839164,20,615.0,19.150374463839164,20,12.20803922392204,0.1224073225524179,20,16.155564749958913,0.4304945829415326
c,offset,dwvp,fixed_lookahead,0.165,0.01,0.5,20,20,0,0,20,20,0.5,0.0,20,0.027379807405471596,0.0010522751316642037,20,0.9042504609846927,0.012716591906479459,20,0.1811187702132993,0.02901560472063713,20,0.04746320964855425,0.006781404532884686,20,1.5698443012793928,0.23476845246634473,20,0.0,0.0,20,33.06666666666667,1.1914902948857866,20,0.003530363446910442,0.0009812900845663582,20,4.166666666666667,0.17471781760734562,20,0.7452469919248494,0.02916845467152703,20,33.06666666666667,1.191490294885786,0,,,20,0.16306614874652764,0.0402066129297203,20,0.1612016028375048,0.035662063891794396,0,,,20,33.06666666666667,1.1914902948857866,0,,,20,1.5606429026201434,0.12740190799848755,20,438.95,17.98383777319601,20,438.95,17.98383777319601,20,11.762508061619382,0.151573785296648,20,14.71836178788829,0.4386641230399661
c,gradual,dwvp,fixed_lookahead,0.165,0.01,0.5,20,20,0,0,20,20,0.006513883136952987,0.0014902361752343156,20,0.0014003633862338487,0.00016552214670605478,20,0.04165192657938281,0.004508605905929779,20,5.409271611309174,0.1140916807854077,20,0.48345507134964383,0.02763598133562103,20,14.399325239927762,0.8508423643765798,20,0.0,0.0,20,29.79333333333333,0.8875750524232924,0,,,0,,,0,,,20,29.79333333333333,0.8875750524232924,20,4.968939775543884,0.17587708064550556,20,5.409271611309174,0.1140916807854077,20,5.084968746064523,0.132449015395714,20,0.11089218883747128,0.030509712563077662,20,29.79333333333333,0.8875750524232924,20,0.11232572046797118,0.02144416081960661,20,1.3567461093178268,0.08698229668495149,20,422.85,12.58769240170731,20,422.85,12.58769240170731,20,11.99566086147623,0.17266591346062835,20,16.11958291109597,0.5013300909454863
c,rapid,dwvp,fixed_lookahead,0.165,0.01,0.5,20,20,0,0,20,20,0.005610535823899708,0.0015363087617255337,20,0.0012477708553597494,0.00015016782216777897,20,0.039396106123459916,0.004242283080810217,20,17.708646728453502,0.2869678517075491,20,1.3184084543847867,0.06910867057112045,20,41.68164187526692,2.0693532410539492,20,0.0,0.0,20,31.635,0.9723351647012565,0,,,0,,,0,,,20,31.635,0.9723351647012565,20,14.106528391441932,0.6575879731123176,20,17.708646728453502,0.2869678517075491,20,14.699690687658531,0.16788632023417252,20,0.12498469362351754,0.03254266667794929,20,31.635,0.9723351647012565,20,0.08358117028553647,0.01182434593475739,20,1.3787598748238596,0.07817790077815537,20,432.2,14.777650265465788,20,432.2,14.777650265465788,20,11.920508295424778,0.17340486797286828,20,15.49989798126417,0.5013617013652423
c,offset,dwvp,fixed_lookahead,0.22,0.01,0.5,20,20,0,0,20,20,0.5,0.0,20,0.033430159336550594,0.0007970385899559026,20,0.9458081481347808,0.010413958686229874,20,0.16526074218862424,0.027399079125375612,20,0.04608076148787629,0.007705587150006147,20,1.3055592960678104,0.22891402813477849,20,0.0,0.0,20,28.305,0.6400178177344314,20,0.002944390130398197,0.000927217974059423,20,4.821666666666666,0.17109041418081097,20,0.9075477771385394,0.03467883389663637,20,28.305,0.6400178177344314,0,,,20,0.1477994859273974,0.04032340171682796,20,0.14639443780459285,0.03266464180005596,0,,,20,28.305,0.6400178177344314,0,,,20,1.252275013192412,0.11845646536975998,20,343.75,15.694031718425554,20,343.75,15.694031718425554,20,11.434478562022779,0.17960367723471307,20,13.782397519166466,0.38504586871925894
c,gradual,dwvp,fixed_lookahead,0.22,0.01,0.5,20,20,0,0,20,20,0.007070292869343578,0.001947915860186192,20,0.0015216895598328347,0.00022791971007012893,20,0.03933065893689041,0.005678796573682494,20,7.181033177344385,0.14305944809520235,20,0.805818252951237,0.030872885081701034,20,20.84067714293312,0.7289676672073541,20,0.0,0.0,20,25.87166666666667,0.5725979576043139,0,,,0,,,0,,,20,25.87166666666667,0.5725979576043139,20,6.763752579331299,0.1293272422798176,20,7.161929250389607,0.16564271527683658,20,6.917636145441054,0.119644886019092,20,0.08585438640004396,0.02803447942386223,20,25.87166666666667,0.5725979576043139,20,0.15668574923354395,0.015659780434875165,20,1.0642707097459525,0.09827448795918459,20,334.2,14.38054240979804,20,334.2,14.38054240979804,20,11.585292198420621,0.22390334891812955,20,15.155326398951853,0.5746267073812522
c,rapid,dwvp,fixed_lookahead,0.22,0.01,0.5,20,20,0,0,20,20,0.005425652986394584,0.0011206247354920648,20,0.0012877202187641416,0.0002243859665370486,20,0.034970500091889144,0.0057900905763163734,20,23.684591019955683,0.49993309913267825,20,1.9957672083789475,0.07448387650720546,20,54.25947365017547,1.8019250273867662,20,0.0,0.0,20,27.198333333333334,0.6506384628629983,0,,,0,,,0,,,20,27.198333333333334,0.6506384628629983,20,16.91161750583543,0.4932292346616091,20,23.684591019955683,0.49993309913267825,20,17.628429617151603,0.2099646325745039,20,0.09791664967604037,0.02929326904387492,20,27.198333333333334,0.6506384628629983,20,0.11104290597293287,0.010267459283421697,20,1.104435065659607,0.11974480720946747,20,341.0,15.30737696255254,20,341.0,15.30737696255254,20,11.57097012801258,0.20140811914718953,20,14.457153851778864,0.486747613715898
c,offset,dwvp,fixed_lookahead,0.33,0.01,0.5,20,20,0,0,20,20,0.5,0.0,20,0.041857823165640226,0.0007196045956801859,20,1.0770866154201377,0.013958498168440872,20,0.13941929271946782,0.0223322755888136,20,0.04069766146192524,0.009023642016383102,20,1.0479826633516165,0.2366342915301437,20,0.0,0.0,20,25.734999999999996,0.2768821819656485,20,0.0023009741865920932,0.001023713613367368,20,6.443333333333333,0.158612404107756,20,1.2886613376499334,0.03405689378175919,20,25.734999999999996,0.2768821819656485,0,,,20,0.11708624427645871,0.03923015507673675,20,0.12116724295627349,0.027345654675560743,0,,,20,25.734999999999996,0.2768821819656485,0,,,20,0.8694891480642359,0.09387824317309398,20,242.65,9.707701771491054,20,242.65,9.707701771491054,20,10.696525612341762,0.2135994128686206,20,11.106315289773026,0.4508106423905069
c,gradual,dwvp,fixed_lookahead,0.33,0.01,0.5,20,20,0,0,20,20,0.006390029783290283,0.001230567035956691,20,0.0015187827321432271,0.0002761072895931902,20,0.036412680105346616,0.0064806715668136,20,10.847350995677706,0.10517646370414756,20,1.6654590289476878,0.0321442460958679,20,39.94294450812185,0.5101128153829132,20,0.0,0.0,20,23.988333333333337,0.37576821896744406,0,,,0,,,0,,,20,23.988333333333337,0.37576821896744406,20,9.96368193905333,0.16415675188741702,20,10.847350995677706,0.10517646370414756,20,10.132797103288803,0.07063547276111985,20,0.0477297318575089,0.03201099815609458,20,23.988333333333337,0.37576821896744406,20,0.18820850554906,0.010967799527536862,20,0.7042287288624924,0.08659160627287298,20,232.75,12.665223832875679,20,232.75,12.665223832875679,20,10.729389484823946,0.22628261367025757,20,12.97628512663305,0.4573485728286492
c,rapid,dwvp,fixed_lookahead,0.33,0.01,0.5,20,20,0,0,20,20,0.005697073773063066,0.0010669597153406785,20,0.001384191216689014,0.0002613472073980919,20,0.03419347861521568,0.00637915915763966,20,35.49292434335263,0.33913316443607183,20,3.180744636198366,0.07580775033002304,20,78.60036306075474,2.0574884958416835,20,0.0,0.0,20,24.711666666666666,0.30286642299112404,0,,,0,,,0,,,20,24.711666666666666,0.30286642299112404,20,20.599332538463695,0.6452552909770948,20,35.49292434335263,0.33913316443607183,20,21.419918608884185,0.19183591625471122,20,0.05598260001767012,0.03097188574270177,20,24.711666666666666,0.30286642299112404,20,0.14344483176064932,0.011459117649255753,20,0.715477815342956,0.10100944933983359,20,239.0,12.384200460773863,20,239.0,12.384200460773863,20,10.763175675181472,0.21749123789385855,20,12.151418855929043,0.4991127933205374
c,offset,dwvp,fixed_lookahead,0.44,0.01,0.5,20,20,0,0,20,20,0.5,0.0,20,0.05173700407780877,0.0010077662141989312,20,1.2982288048192432,0.02300521631786887,20,0.12008567507768808,0.02071548233352117,20,0.03649777908155557,0.009119178564682858,20,0.9161285788053602,0.2308375765314854,20,0.0,0.0,20,25.095,0.269562131409548,20,0.001798937814564344,0.0009459136355875523,20,8.313333333333334,0.18141742116388512,20,1.7019229520755446,0.038714235879972615,20,25.095,0.269562131409548,0,,,20,0.09973428219341059,0.039047068125543,20,0.10328207611736592,0.021098752084124046,0,,,20,25.095,0.269562131409548,0,,,20,0.6262829582967504,0.12307977837582833,20,183.55,10.215957589657673,20,183.55,10.215957589657673,20,10.076902435256077,0.17225280725915104,20,9.100603635097098,0.36352933851452246
c,gradual,dwvp,fixed_lookahead,0.44,0.01,0.5,20,20,0,0,20,20,0.0055019028906388035,0.0010534359275075561,20,0.0014728413587737359,0.0003009281598376113,20,0.03477051827944745,0.007059613984941053,20,14.508369024833701,0.07797691032283866,20,2.6913616895959325,0.04288442822054339,20,63.531966634482956,0.49734110963499023,20,0.0,0.0,20,23.61,0.31121343346583025,0,,,0,,,0,,,20,23.61,0.31121343346583025,20,12.611465886950857,0.13027802666632946,20,14.508369024833701,0.07797691032283866,20,12.827768950784684,0.08148530939339751,20,0.027357707306073016,0.02542046850538128,20,23.61,0.31121343346583025,20,0.1992526907909041,0.008703317823485834,20,0.5775338883795388,0.10882343755834499,20,175.45,11.905217785757461,20,175.45,11.905217785757461,20,9.9500086430915,0.24064423749353905,20,11.236795351403785,0.3848685210179219
c,rapid,dwvp,fixed_lookahead,0.44,0.01,0.5,20,20,0,0,20,20,0.005359265942789693,0.0008399778738975565,20,0.001452252428243294,0.00028911204042528953,20,0.034940824787624565,0.006927030368240354,20,42.15481042381106,0.2658723145877885,20,4.219441983424749,0.08424855406815114,20,101.52391465129213,2.0790280662459883,20,0.0,0.0,20,24.061666666666664,0.21255202321572814,0,,,0,,,0,,,20,24.061666666666664,0.21255202321572814,20,22.9769853208988,0.6236670361581031,20,42.15481042381106,0.2658723145877885,20,23.68671494353108,0.12080209648663433,20,0.04279001417244509,0.030428562932229297,20,24.061666666666664,0.21255202321572814,20,0.16430151096467388,0.009130070943710215,20,0.5829926565922418,0.08356910801236492,20,185.45,9.965598722341616,20,185.45,9.965598722341616,20,10.025070024405807,0.2014442839861621,20,10.486595946442792,0.4134998407268553
c,offset,dwvp,fixed_lookahead,0.6,0.01,0.5,20,20,0,0,20,20,0.5,0.0,20,0.06243366562328066,0.0010152758814307736,20,1.5092549113295988,0.016399931090008174,20,0.10814293441195266,0.018520206496943234,20,0.03317585655997211,0.009311466441937564,20,0.8024458443216306,0.22595444670981457,20,0.0,0.0,20,24.17666666666667,0.2529590956925,20,0.001328104231628759,0.0007095252043874181,20,10.854999999999999,0.27599368583335926,20,2.339580731729435,0.06188453908599552,20,24.17666666666667,0.2529590956925,0,,,20,0.08842822361318416,0.032887799800037,20,0.08764690166909184,0.023741253099137168,0,,,20,24.17666666666667,0.2529590956925,0,,,20,0.44966293557008985,0.09757854927639989,20,123.55,11.33450716315354,20,123.55,11.33450716315354,20,9.201311841992435,0.2148077358352742,20,7.4670852859335834,0.32898625224230754
c,gradual,dwvp,fixed_lookahead,0.6,0.01,0.5,20,20,0,0,20,20,0.00476612191260732,0.0008463801488283278,20,0.0015010383128761522,0.000342959213142027,20,0.0350189656670542,0.007978096173070916,20,19.825603697623894,0.08850580116990174,20,4.309998411165084,0.05167952215528977,20,100.54862854723866,0.5091083590379781,20,0.0,0.0,20,23.33166666666667,0.24048561980570393,0,,,0,,,0,,,20,23.33166666666667,0.24048561980570393,20,15.771011236868398,0.16751107211590405,20,19.825603697623894,0.08850580116990174,20,15.899099054545289,0.07948404215872225,20,0.002371257635914774,0.006276138611274621,20,23.33166666666667,0.24048561980570393,20,0.20440556024351791,0.007178792165112258,20,0.4874058887611518,0.12537511343348964,20,123.9,10.666721491087177,20,123.9,10.666721491087177,20,9.060144794617681,0.2527382267470008,20,9.545035645969394,0.3695253093719228
c,rapid,dwvp,fixed_lookahead,0.6,0.01,0.5,20,20,0,0,20,20,0.004935518185739606,0.0007660635849129401,20,0.0015390173087279102,0.00030616661109830084,20,0.03615787455061685,0.007169040372854223,20,46.76264204988719,0.1887389373434459,20,5.860923757460528,0.09045871772170179,20,137.6876636798426,0.8101751149081386,20,0.0,0.0,20,23.496666666666666,0.3070135338083983,0,,,0,,,0,,,20,23.496666666666666,0.3070135338083983,20,24.994205174325273,0.6121635232340343,20,46.76264204988719,0.1887389373434459,20,25.79480275016711,0.13068638465133542,20,0.01644965266687946,0.01928290925110581,20,23.496666666666666,0.3070135338083983,20,0.1894769473622556,0.0072605548135266955,20,0.5280358689015715,0.12364814303641275,20,134.85,11.939650880904967,20,134.85,11.939650880904967,20,9.20067726148764,0.2619169859057823,20,9.145283004841398,0.34239673258939973
c,offset,dwvp,lookahead_time,0.5,0.01,0.5,20,20,0,0,20,20,0.5,0.0,20,0.019303221884754578,0.0008064194515290166,20,0.8790727104592083,0.013656565432666058,20,0.2003498496787443,0.03025375493182775,20,0.05049764248823004,0.006202263258114883,20,2.300890759630255,0.27644612362013427,20,0.0,0.0,20,45.60333333333333,1.7070510806103212,20,0.004324806189438745,0.0012486463780286019,20,3.328333333333334,0.2964260802504253,20,0.5582789149376824,0.04184855524976061,20,45.60333333333333,1.7070510806103212,0,,,20,0.17868081974712283,0.036410133786810156,20,0.18333975822502124,0.038633198248317596,0,,,20,45.60333333333333,1.7070510806103212,0,,,20,2.1665975482043103,0.12656197408471911,20,632.1,20.42160878244312,20,632.1,20.42160878244312,20,12.04831233554542,0.11640341952994109,20,15.262383000346379,0.31471500938249514
c,gradual,dwvp,lookahead_time,0.5,0.01,0.5,20,20,0,0,20,20,0.0064301883365669886,0.0020768767472303363,20,0.0012721349057048094,0.00016555263961058934,20,0.04995018264556537,0.006355678919075066,20,3.6517020351171654,0.12208917983488426,20,0.2561481450349671,0.01583378956001825,20,10.067863975763029,0.7251642891520272,20,0.0,0.0,20,39.303333333333335,1.3207697560657616,0,,,0,,,0,,,20,39.303333333333335,1.3207697560657616,20,3.125370127328642,0.16860855541331857,20,3.6517020351171654,0.12208917983488426,20,3.2208640267620994,0.16605362463558546,20,0.13943961621629397,0.03635596798656401,20,39.303333333333335,1.3207697560657616,20,0.06342237637541956,0.016565271660604754,20,1.9788658053561625,0.06019812084443727,20,587.45,14.720107980153148,20,587.45,14.720107980153148,20,12.260603439362628,0.10316007890983175,20,16.715481137363497,0.38942572441346424
c,rapid,dwvp,lookahead_time,0.5,0.01,0.5,20,20,0,0,20,20,0.005481079333978325,0.0012423745735357316,20,0.0012061816029695653,0.00014179104250290633,20,0.0512379101709982,0.005324055914283739,20,12.044640959902159,0.3512134501364585,20,0.679794640690768,0.050843544949132825,20,28.9182597140945,2.1374579877059277,20,0.0,0.0,20,42.56666666666667,1.5206954395548895,0,,,0,,,0,,,20,42.56666666666667,1.5206954395548895,20,10.215493643915332,0.4120482077384333,20,12.044640959902159,0.3512134501364585,20,10.66124749281599,0.19166862250581973,20,0.14756157861348881,0.0309653014315465,20,42.56666666666667,1.5206954395548895,20,0.04739201156817908,0.011469520823096166,20,1.9186278133515677,0.06839490733178291,20,615.1,19.196765078358492,20,615.1,19.196765078358492,20,12.208056727406566,0.12252319803660042,20,16.15599320864286,0.4307903021211664
c,offset,dwvp,lookahead_time,0.75,0.01,0.5,20,20,0,0,20,20,0.5,0.0,20,0.020418555515879767,0.0008493976536155152,20,0.9011405153556769,0.011128836639397082,20,0.1977664768878348,0.02990624545573844,20,0.05065673748220604,0.006369962560809661,20,2.2374958244077807,0.2797730320012722,20,0.0,0.0,20,44.19833333333334,1.7146931254950197,20,0.003967573305175549,0.0009196326151330668,20,3.925,0.11939173323522984,20,0.6791296694342425,0.021627588740069325,20,44.19833333333334,1.7146931254950197,0,,,20,0.1775564136119784,0.03679208841226247,20,0.1805466635563868,0.03921819634522123,0,,,20,44.19833333333334,1.7146931254950197,0,,,20,1.9891966489369488,0.09770180632426456,20,615.2,21.724591934875143,20,615.2,21.724591934875143,20,12.038836674291847,0.11990478886032346,20,15.297105499949868,0.3277000798805113
c,gradual,dwvp,lookahead_time,0.75,0.01,0.5,20,20,0,0,20,20,0.005847466927761768,0.0015778842995319393,20,0.0012644826513127229,0.00016706934414260956,20,0.048897896050390494,0.006249549749648667,20,5.155615326773101,0.11367893059717643,20,0.3295060883943558,0.01722049618496183,20,12.752284374788584,0.727638639504648,20,0.0,0.0,20,38.711666666666666,1.2011824096641395,0,,,0,,,0,,,20,38.711666666666666,1.2011824096641395,20,4.988884292171544,0.1649287928718828,20,3.65360848894222,0.1232239548817412,20,5.155615326773101,0.11367893059717643,20,0.13954624517502084,0.03497362246645906,20,38.711666666666666,1.2011824096641395,20,0.06342535199323138,0.016568245644262142,20,1.8690964639763539,0.0959534144324068,20,569.8,17.142130310406213,20,569.8,17.142130310406213,20,12.206591866357456,0.1268989883885068,20,16.592841666777215,0.40647377742245755
c,rapid,dwvp,lookahead_time,0.75,0.01,0.5,20,20,0,0,20,20,0.00509632930621087,0.0011121722106556921,20,0.0011948508805410605,0.00013767883996649945,20,0.049751977835897,0.005141986732921831,20,12.140163949756378,0.2420497714036979,20,0.7730326976680211,0.04710245250258512,20,32.23216042149934,1.9889759321108231,20,0.0,0.0,20,41.723333333333336,1.6484655278443736,0,,,0,,,0,,,20,41.723333333333336,1.6484655278443736,20,11.084740035588798,0.5231816486265101,20,12.045284866566437,0.350519909176643,20,11.73573202982316,0.32686610812570455,20,0.14634608085570006,0.03321381827839018,20,41.723333333333336,1.6484655278443736,20,0.04739317370689253,0.01146833092387476,20,1.8643567988406349,0.07211118585856681,20,603.5,21.541880873752582,20,603.5,21.541880873752582,20,12.184947528791758,0.12606698442753123,20,16.154497876350305,0.39966694112237605
c,offset,dwvp,lookahead_time,1.0,0.01,0.5,20,20,0,0,20,20,0.5,0.0,20,0.02436137774592733,0.0014613998401648467,20,0.9362154984194098,0.008297033684966489,20,0.1781474449138434,0.02457704296114109,20,0.0487602040112192,0.006061348249377971,20,1.8796677592559927,0.2497769739477509,20,0.0,0.0,20,38.55833333333333,2.262557549912635,20,0.00374906824349752,0.0008137486436364005,20,4.65,0.11871633102257667,20,0.8557356568862712,0.02827694021870519,20,38.55833333333332,2.2625575499126356,0,,,20,0.16542638798489384,0.030600433481586167,20,0.16127045336408247,0.03314391001755325,0,,,20,38.55833333333333,2.262557549912635,0,,,20,1.7248196979737191,0.10928395174817745,20,529.4,31.043941692212247,20,529.4,31.043941692212247,20,11.914703482985935,0.17157857493474085,20,15.000520886332685,0.3888637931213016
c,gradual,dwvp,lookahead_time,1.0,0.01,0.5,20,20,0,0,20,20,0.005905712533671334,0.001539656836715472,20,0.0013358886825516245,0.0001877102067395792,20,0.04661437509829639,0.0063599085940151566,20,7.142833263144382,0.09808613931240388,20,0.49722236696868494,0.03731185796236601,20,17.33710518051759,0.7615798223501504,20,0.0,0.0,20,35.01833333333333,2.5887402386859546,0,,,0,,,0,,,20,35.01833333333333,2.5887402386859546,20,6.926838552238803,0.1463644742669234,20,3.8303335213822707,0.24882761067566955,20,7.142833263144382,0.09808613931240388,20,0.1206777314318245,0.038287294811691075,20,35.01833333333333,2.5887402386859546,20,0.06809375562647832,0.018875017451021416,20,1.634170977544016,0.07968564589116273,20,495.1,34.249702265321346,20,495.1,34.249702265321346,20,12.046920996882688,0.17793551326146587,20,16.266672352747072,0.47991891804155684
c,rapid,dwvp,lookahead_time,1.0,0.01,0.5,20,20,0,0,20,20,0.004644613685023091,0.0010330391406585938,20,0.0011776147074896504,0.00014474650463605016,20,0.04417024015991428,0.0047378582516491114,20,14.73013859243309,1.0591189537803518,20,1.0357891161415973,0.07527981746153145,20,38.85122497306235,1.4948075868600175,20,0.0,0.0,20,37.67166666666667,2.7409665559467737,0,,,0,,,0,,,20,37.67166666666667,2.740966555946774,20,14.05283990309604,1.1890927713504136,20,12.044074797539423,0.3394334723388228,20,14.73013859243309,1.0591189537803518,20,0.14114754280554803,0.02761640489838561,20,37.67166666666667,2.7409665559467737,20,0.05011058733618516,0.008285623046271368,20,1.714897169844787,0.08719128609767832,20,537.9,38.58947224854277,20,537.9,38.58947224854277,20,12.089293939551155,0.14646433257935784,20,16.137685424915396,0.5296813403290466
c,offset,dwvp,lookahead_time,1.5,0.01,0.5,20,20,0,0,20,20,0.5,0.0,20,0.039716197248063655,0.000554080260437206,20,1.0472240932000085,0.009316547436042362,20,0.14623376623120046,0.022182795217286534,20,0.04227613610077714,0.008907357700133924,20,1.1152484443528263,0.2365343803531574,20,0.0,0.0,20,26.369999999999997,0.22055220437302642,20,0.002451256439244205,0.0010515138541021675,20,6.293333333333333,0.1617159447414686,20,1.233873135309763,0.041085932862538345,20,26.369999999999997,0.22055220437302642,0,,,20,0.1252103851287591,0.036517609148298436,20,0.12713833761566024,0.026989411566565317,0,,,20,26.369999999999997,0.22055220437302642,0,,,20,0.9956964083832835,0.12571632833508864,20,280.3,13.262928151727834,20,280.3,13.262928151727834,20,11.051417066870496,0.20648529416845912,20,11.95078624740825,0.4175420644545876
c,gradual,dwvp,lookahead_time,1.5,0.01,0.5,20,20,0,0,20,20,0.006404494157387222,0.0014607051133558786,20,0.0015451184449024435,0.00025151895752650253,20,0.038675178293088926,0.0059810946032594825,20,10.392391853867421,0.21079642923269282,20,1.5220287181973493,0.08330787047912061,20,38.105175719798474,1.4814972805456075,20,0.0,0.0,20,25.065,0.7391693615330922,0,,,0,,,0,,,20,25.065,0.7391693615330922,20,10.023471374478984,0.1534675024800204,20,10.022632473196753,0.872514560562071,20,10.158683209746515,0.09718108581785864,20,0.06045808738332712,0.028249770129544504,20,25.065,0.7391693615330922,20,0.18256898898763638,0.020764043114888563,20,0.8585260733749737,0.07135728994563272,20,275.5,16.722188222459657,20,275.5,16.722188222459657,20,11.166845493066907,0.23091834096340802,20,13.758771662594762,0.5185959082855223
c,rapid,dwvp,lookahead_time,1.5,0.01,0.5,20,20,0,0,20,20,0.00487828494998086,0.0010534664978137979,20,0.0013476404471652519,0.00021544291801479373,20,0.03536262402117417,0.005540890913820413,20,25.450326564993702,1.7989824293011714,20,2.7902079588103996,0.15165197009500553,20,73.18998193686569,2.632616117977641,20,0.0,0.0,20,26.261666666666667,0.699814093943435,0,,,0,,,0,,,20,26.261666666666667,0.699814093943435,20,21.952506049767358,1.075839962075348,20,24.658598797780733,3.4744397171090036,20,22.533926505718323,0.795681511022581,20,0.08671975948853954,0.026948132171299936,20,26.261666666666667,0.699814093943435,20,0.12416894736394116,0.023038067522688527,20,1.0093408210040873,0.1009370017828458,20,299.95,14.961265778142254,20,299.95,14.961265778142254,20,11.312275372461588,0.20804100471189235,20,13.73442761169037,0.6072984018331581
c,offset,dwvp,fixed_lookahead,0.055,0.02,1.0,20,0,20,0,0,20,0.5,0.0,20,0.009295802798933411,0.00032940875373431775,20,1.1154963358720094,0.03952905044811813,20,0.3473270085826738,0.07688544530634593,20,0.07968284039443453,0.008762587128440998,20,9.561940847332142,1.0515104554129198,20,0.0,0.0,0,,,20,0.007432423725702059,0.002576988969344606,0,,,0,,,20,120.0,0.0,0,,,20,0.31027145436255243,0.07849118643536708,20,0.32375839802175893,0.06165125643416206,0,,,20,120.0,0.0,0,,,20,8.209169328101611,0.2579719698578644,20,1560.15,23.113620955709436,20,1560.15,23.113620955709436,20,12.509896818379824,0.05379513108370007,20,15.72673448420466,0.29692232892109505
c,gradual,dwvp,fixed_lookahead,0.055,0.02,1.0,20,0,20,0,0,20,0.007930409017646618,0.001109341651885879,20,0.0019443369656956928,0.00021464181915606382,20,0.2333204358834831,0.025757018298727657,20,2.123005082340039,0.1969760722876534,20,0.1934773002164219,0.018608654304244278,20,23.21727602597063,2.233038516509313,20,0.0,0.0,0,,,0,,,0,,,0,,,20,120.0,0.0,20,1.919257497361882,0.16859114065348998,20,2.038113543066095,0.26719221263717274,20,1.9391341695470543,0.1605054163301894,20,0.24013695622735037,0.050751499498430226,20,120.0,0.0,20,0.0009883476171009269,0.0011203070955647933,20,8.586292587797633,0.21692582868553484,20,1697.85,23.233992791869234,20,1697.85,23.233992791869234,20,12.504609386749033,0.053599718492316574,20,17.796781180198476,0.2953119062800298
c,rapid,dwvp,fixed_lookahead,0.055,0.02,1.0,20,0,20,0,0,20,0.007421239481650415,0.0011262888047621287,20,0.001825053518436227,0.00020159372061713236,20,0.21900642221234728,0.024191246474055884,20,6.623737835161312,0.45086163064750256,20,0.41017473331350446,0.04407636142211335,20,49.22096799762053,5.289163370653601,20,0.0,0.0,0,,,0,,,0,,,0,,,20,120.0,0.0,20,6.031201965578668,0.226748985274504,20,6.588329494121128,0.49668259381602636,20,6.0997197630301265,0.21186167742487047,20,0.26464193540436876,0.05394955579151213,20,120.0,0.0,20,0.00043087330644769943,0.0007282829053754579,20,8.381345478817172,0.24322222868970647,20,1619.65,26.34842450098697,20,1619.65,26.34842450098697,20,12.484065046367347,0.060826742044373994,20,16.89556682492119,0.3324373782906907
c,offset,dwvp,fixed_lookahead,0.08,0.02,1.0,20,20,0,0,20,20,0.5,0.0,20,0.009608907528037032,0.000438864114557666,20,1.1007653631451615,0.04319074956487007,20,0.3335465921656775,0.06402454629217351,20,0.07783943201439344,0.00807069155183627,20,8.917428612093708,0.9100114443373146,20,0.0,0.0,20,114.59833333333333,1.7461226888292953,20,0.006847800873637781,0.0018651671146708252,20,4.226666666666667,0.7737355275975549,20,0.5456026327543222,0.02715316297684372,20,114.59833333333333,1.7461226888292953,0,,,20,0.2926505077642053,0.0699691558961247,20,0.31067537509732673,0.057571972757503295,0,,,20,114.59833333333333,1.7461226888292953,0,,,20,5.371233568264609,0.14375187667577127,20,1559.4,17.886778416060928,20,1559.4,17.886778416060928,20,12.509339999291603,0.04769492175890647,20,15.779377634162069,0.2817084292892741
c,gradual,dwvp,fixed_lookahead,0.08,0.02,1.0,20,20,0,0,20,20,0.007943159968875336,0.0013768053869961695,20,0.0018513381004462502,0.0002573798022273708,20,0.18846407606749022,0.024003135098847293,20,2.7848685849882444,0.12291483509615443,20,0.2275269476777654,0.02117582332567096,20,23.22366349940798,2.4483005274333083,20,0.0,0.0,20,101.99000000000001,3.2704972170579216,0,,,0,,,0,,,20,101.99000000000001,3.2704972170579216,20,2.556644660661041,0.19015346478562958,20,2.76816343933259,0.1340595786984399,20,2.5792085312048205,0.1922941435918141,20,0.2394437530638404,0.06349564457164066,20,101.99000000000001,3.2704972170579216,20,0.007964554676044275,0.0034699069088128974,20,5.643072112101049,0.15556656198444357,20,1491.65,40.98301959027473,20,1491.65,40.98301959027473,20,12.565256779277306,0.064156487965745,20,17.210979407652793,0.28762836377966405
c,rapid,dwvp,fixed_lookahead,0.08,0.02,1.0,20,20,0,0,20,20,0.0075904111953920715,0.001121103031230097,20,0.0018029048840553913,0.00021051638421215013,20,0.19926148485737089,0.02246463150390183,20,8.928564379689687,0.4642988748581613,20,0.44036766284398804,0.03878948168042065,20,48.69862073101706,4.395635866555469,20,0.0,0.0,20,110.58500000000001,1.8030991838128778,0,,,0,,,0,,,20,110.58500000000001,1.8030991838128778,20,8.269175934662135,0.4142444058715375,20,8.887581281358917,0.48283193341764313,20,8.41632479984852,0.41858914037659767,20,0.2607582110594104,0.05230008988203289,20,110.58500000000001,1.8030991838128778,20,0.005190554169443708,0.004011277158724506,20,5.487823730974613,0.11604536727752027,20,1554.4,20.7957485533639,20,1554.4,20.7957485533639,20,12.538227730107746,0.05814715526568281,20,16.602198346842634,0.32177187006409524
c,offset,dwvp,fixed_lookahead,0.11,0.02,1.0,20,20,0,0,20,20,0.5,0.0,20,0.012489400839088376,0.0006676268895391342,20,1.0547239226379514,0.041616907060182694,20,0.3163898070484056,0.05780548128924357,20,0.07679301777636444,0.009775699846613613,20,6.487811889057101,0.8212090279315983,20,0.0,0.0,20,84.52333333333333,2.0041506637578252,20,0.005985687170485063,0.0011611108584215558,20,4.535,0.6295338477771278,20,0.604322074502224,0.03761852280166502,20,84.52333333333333,2.0041506637578252,0,,,20,0.2847271691965941,0.07471841510311726,20,0.28671301487037676,0.04751661723907676,0,,,20,84.52333333333333,2.0041506637578252,0,,,20,4.075465157077323,0.13241832038986484,20,1185.8,20.914865023407835,20,1185.8,20.914865023407835,20,12.481633821914778,0.07987469151461975,20,15.824348218416409,0.30744751547255866
c,gradual,dwvp,fixed_lookahead,0.11,0.02,1.0,20,20,0,0,20,20,0.00836844034349832,0.0019518192879282293,20,0.0018430117476455447,0.00025741071785909017,20,0.1352628684402187,0.018868900852760027,20,3.7123342418433785,0.15367483981069305,20,0.3060109580441429,0.026803377668988132,20,22.500687594237483,2.449721909174478,20,0.0,0.0,20,73.42333333333333,2.3806751217013473,0,,,0,,,0,,,20,73.42333333333333,2.3806751217013504,20,3.493105998610961,0.18623869304000806,20,3.6668382348143496,0.17277496884624383,20,3.5476079558231506,0.17733847033961836,20,0.21792379924073355,0.0683057641608422,20,73.42333333333333,2.3806751217013473,20,0.02056321751270207,0.006873792049958259,20,4.328856057383327,0.16166348018630136,20,1110.9,30.048907502690728,20,1110.9,30.048907502690728,20,12.56784978313949,0.07127836741879558,20,17.200629996645382,0.39543862169799515
c,rapid,dwvp,fixed_lookahead,0.11,0.02,1.0,20,20,0,0,20,20,0.008052310203102094,0.0016534051127806888,20,0.0017911196896770408,0.0002879614677577008,20,0.143065620161735,0.02194499701789893,20,12.08638365426128,0.5803835529960725,20,0.6341976046909019,0.05770920152695179,20,50.726745562293196,4.98866780563274,20,0.0,0.0,20,79.965,2.224727462117946,0,,,0,,,0,,,20,79.965,2.224727462117946,20,10.65435685035552,0.3954464200830422,20,12.083711768625308,0.5847923634572363,20,10.984132900247554,0.31102425245602316,20,0.2335141213130552,0.06116519603892871,20,79.965,2.224727462117946,20,0.016763205936089248,0.005261283289265286,20,4.152930452698846,0.17823358850748067,20,1166.55,20.76301113949871,20,1166.55,20.76301113949871,20,12.520785728504285,0.06950741114974193,20,16.674113942805945,0.3260365531123969
c,offset,dwvp,fixed_lookahead,0.165,0.02,1.0,20,20,0,0,20,20,0.5,0.0,20,0.017943994049219588,0.0008686584349879079,20,1.0431435742537203,0.041455329781868264,20,0.2982986917456652,0.062251758825977686,20,0.07543713561710268,0.010141354557744914,20,4.386552820954084,0.583260940895647,20,0.0,0.0,20,58.17333333333333,1.534957187432751,20,0.005449679632721066,0.001500997878881657,20,5.053333333333333,0.663007501743699,20,0.7394052939991174,0.049683952406124124,20,58.17333333333333,1.534957187432751,0,,,20,0.26668880159115615,0.07975194686456744,20,0.2576101141825355,0.05006194521918822,0,,,20,58.17333333333333,1.534957187432751,0,,,20,3.1705023893120456,0.17827999244877915,20,837.7,21.267964542698337,20,837.7,21.267964542698337,20,12.400713953254632,0.09998817182835974,20,15.876991863563243,0.28796652007933293
c,gradual,dwvp,fixed_lookahead,0.165,0.02,1.0,20,20,0,0,20,20,0.008505580557275221,0.0018136086427637081,20,0.0019162486271378006,0.0002066737228846777,20,0.09595792295585809,0.010332620463266736,20,5.512033634476444,0.1687378263741331,20,0.47889301094795034,0.02950968716256528,20,24.001049392368934,1.8512924090238565,20,0.0,0.0,20,50.10166666666666,1.8933084690732067,0,,,0,,,0,,,20,50.10166666666666,1.8933084690732067,20,5.0071880865977745,0.23142252418430334,20,5.504037626260715,0.16649702408263173,20,5.136089834548137,0.23661639006061555,20,0.18874356651892282,0.051092295833792836,20,50.10166666666666,1.8933084690732067,20,0.04063163500695703,0.010935937730813607,20,3.303853140670333,0.18204368705553323,20,779.15,23.163662559230456,20,779.15,23.163662559230456,20,12.50020518966807,0.10056924408437952,20,17.302218198096043,0.40949202531141893
c,rapid,dwvp,fixed_lookahead,0.165,0.02,1.0,20,20,0,0,20,20,0.007303894364135778,0.0012082998288787824,20,0.0017817392867125214,0.0002726229800474112,20,0.09696268236636806,0.014379557726464548,20,18.09894008706375,0.4347248808903258,20,1.1268045123577946,0.07755582280460699,20,61.36161111157893,4.1700324459271405,20,0.0,0.0,20,54.489999999999995,1.9679329851186829,0,,,0,,,0,,,20,54.489999999999995,1.9679329851186829,20,14.528460047494477,0.44499676490002127,20,18.09894008706375,0.4347248808903258,20,14.875339904623965,0.2673503940653161,20,0.2004210248708138,0.05056222174164341,20,54.489999999999995,1.9679329851186829,20,0.02817603794774335,0.012050677716947825,20,3.1457735583428916,0.2057896999260264,20,815.45,22.41116967754672,20,815.45,22.41116967754672,20,12.46471527621389,0.10358470339765287,20,16.836970128234544,0.42733344171242055
c,offset,dwvp,fixed_lookahead,0.22,0.02,1.0,20,20,0,0,20,20,0.5,0.0,20,0.02348889202880468,0.001501623540674433,20,1.0607549379488512,0.049177386998562674,20,0.27994022689044795,0.05838331196265419,20,0.07556652516894855,0.012607754110663182,20,3.4115395150474144,0.5435364498667904,20,0.0,0.0,20,45.22666666666667,1.5362900554592298,20,0.004994418335453443,0.0014355974354459194,20,5.393333333333333,0.5469318997132794,20,0.8845441840301518,0.06537552245568382,20,45.22666666666667,1.5362900554592298,0,,,20,0.24421039517344334,0.07598958433177719,20,0.2373304769497882,0.0598577126134939,0,,,20,45.22666666666667,1.5362900554592298,0,,,20,2.817807780826148,0.25464592943582365,20,657.4,19.990524070958696,20,657.4,19.990524070958696,20,12.311173233429727,0.13592016834483944,20,15.840538780853857,0.3389526105046131
c,gradual,dwvp,fixed_lookahead,0.22,0.02,1.0,20,20,0,0,20,20,0.00906479889470134,0.003265897708730054,20,0.0019450398883146078,0.000373902191790271,20,0.07778467128968085,0.014692754109706748,20,7.290121660098332,0.22483425240914962,20,0.7678355916079667,0.0401871895161656,20,30.751556540005716,1.8887728010427856,20,0.0,0.0,20,40.05166666666666,1.3282127550987521,0,,,0,,,0,,,20,40.05166666666666,1.3282127550987521,20,6.72356185301012,0.2580312965189239,20,7.282411367668206,0.23660428410490392,20,6.8928518059255355,0.1871370446353414,20,0.16382753585758986,0.046734958033099995,20,40.05166666666666,1.3282127550987521,20,0.059564631192096526,0.018320480870248783,20,2.877038855663828,0.29026652927082747,20,617.6,16.509646303074806,20,617.6,16.509646303074806,20,12.408521629146872,0.12963611789076843,20,17.23487662418407,0.37884724343169696
c,rapid,dwvp,fixed_lookahead,0.22,0.02,1.0,20,20,0,0,20,20,0.007827246258477435,0.002310109656418888,20,0.0018166614307140645,0.000301422037481028,20,0.077138897632064,0.011718914557118213,20,24.04175079335878,0.6316975865097937,20,1.736713446052406,0.10081172249549515,20,73.89556605975855,4.296842856463649,20,0.0,0.0,20,42.57,1.4110217773444704,0,,,0,,,0,,,20,42.57,1.4110217773444704,20,17.21559256604692,0.4933490474985702,20,24.04175079335878,0.6316975865097937,20,17.61872447236316,0.24667991489670546,20,0.18845797231779077,0.052897824468281486,20,42.57,1.4110217773444704,20,0.049222770898523116,0.013835345639038278,20,2.7397050229566755,0.22828563793116613,20,640.45,15.31932044665717,20,640.45,15.31932044665717,20,12.379722327916028,0.11839671297609375,20,16.7979883313785,0.46111265504477306
c,offset,dwvp,fixed_lookahead,0.33,0.02,1.0,20,20,0,0,20,20,0.5,0.0,20,0.03474661116797588,0.0022960688378725054,20,1.1705264927407746,0.05281791254290848,20,0.24638670556306086,0.04993112639407303,20,0.07181585286626659,0.014296228498721185,20,2.425500770008635,0.5027456165492186,20,0.0,0.0,20,33.74333333333333,1.1594564162945282,20,0.00457241654615023,0.0015235157839334627,20,6.8566666666666665,0.38602790554524563,20,1.263758027342909,0.0626256449391558,20,33.74333333333333,1.1594564162945278,0,,,20,0.21376401749533191,0.06892791355215443,20,0.21143109247669117,0.049750821446368304,0,,,20,33.74333333333333,1.1594564162945282,0,,,20,2.655804758391805,0.285931561757044,20,485.8,18.679005946727862,20,485.8,18.679005946727862,20,12.198441768238204,0.1710461895601701,20,15.419908785262866,0.41417005666256657
c,gradual,dwvp,fixed_lookahead,0.33,0.02,1.0,20,20,0,0,20,20,0.009959140217065319,0.0031797156353552247,20,0.0023272551885008272,0.0003525070041821234,20,0.07107314850756088,0.010823159974925067,20,10.791762463906203,0.21172461855898111,20,1.529274546403656,0.07336955570120618,20,46.68573092866525,1.7177966502712911,20,0.0,0.0,20,30.564999999999998,1.2316239932782707,0,,,0,,,0,,,20,30.564999999999998,1.2316239932782707,20,10.011385677198858,0.22864630135486239,20,10.791762463906203,0.21172461855898111,20,10.107660510627305,0.19849551169602617,20,0.12021909309435179,0.05336405418543396,20,30.564999999999998,1.2316239932782707,20,0.11488887488887949,0.017933097390431283,20,2.5526516868925007,0.3510069734460596,20,458.05,16.863148859975237,20,458.05,16.863148859975237,20,12.225418376149014,0.1507103830330447,20,16.811279629957156,0.5781800495098408
c,rapid,dwvp,fixed_lookahead,0.33,0.02,1.0,20,20,0,0,20,20,0.00916161077714931,0.002549236116120625,20,0.002141606797668745,0.00037609638276675685,20,0.06922629545861239,0.011711897220878653,20,35.26307532099034,0.621174517224246,20,2.9150324811677804,0.14747000508872943,20,94.33860064608923,4.519711975196347,20,0.0,0.0,20,32.38333333333333,1.0417877122652677,0,,,0,,,0,,,20,32.38333333333333,1.041787712265267,20,20.435912125126904,0.5430795029067391,20,35.26307532099034,0.621174517224246,20,21.451418999149986,0.29614960015303055,20,0.136773737034497,0.05335080552830763,20,32.38333333333333,1.0417877122652677,20,0.09218613002069784,0.011505728847262609,20,2.570569208168911,0.2857068842006231,20,472.6,19.43518242233588,20,472.6,19.43518242233588,20,12.191752831379663,0.173285676291963,20,16.39901543370795,0.4544390383852065
c,offset,dwvp,fixed_lookahead,0.44,0.02,1.0,20,20,0,0,20,20,0.5,0.0,20,0.04839146715214278,0.002116800321883551,20,1.4127841555685812,0.05370611369610528,20,0.22861083526634424,0.04948893882304006,20,0.06938858884318802,0.017163021999360633,20,2.0264383162634765,0.5010452330539615,20,0.0,0.0,20,29.208333333333332,0.6577362382173634,20,0.0035557223396267697,0.0019050356435589048,20,8.794999999999998,0.5813148033422126,20,1.6949753620892611,0.10150124147452656,20,29.208333333333332,0.6577362382173634,0,,,20,0.19409263837446766,0.06305467232018794,20,0.19510685981674963,0.057370691144386594,0,,,20,29.208333333333332,0.6577362382173634,0,,,20,2.5589256154961877,0.28132200193564144,20,398.3,13.553403146151348,20,398.3,13.553403146151348,20,12.07013564643512,0.17124306431991682,20,14.629703895900994,0.4830527933230904
c,gradual,dwvp,fixed_lookahead,0.44,0.02,1.0,20,20,0,0,20,20,0.01003737108252357,0.0026130788949598294,20,0.002583439901059025,0.0005365216309976547,20,0.07025323806139161,0.014211573339762803,20,14.455009707760492,0.1934616583409714,20,2.4773958796058206,0.08759300505643806,20,67.40771212059639,1.4044455986782955,20,0.0,0.0,20,27.235000000000003,0.9433345731812572,0,,,0,,,0,,,20,27.235000000000003,0.9433345731812572,20,12.731255772834052,0.13864325125254384,20,14.455009707760492,0.1934616583409714,20,12.808771998624232,0.14386242747010822,20,0.060207512549176154,0.050607193195272855,20,27.235000000000003,0.9433345731812572,20,0.14664528840786953,0.017778276685182788,20,2.514266332635385,0.2641574852689064,20,382.4,19.159716512571507,20,382.4,19.159716512571507,20,11.96569590110291,0.20545179309156628,20,16.148295754216843,0.5115755821817145
c,rapid,dwvp,fixed_lookahead,0.44,0.02,1.0,20,20,0,0,20,20,0.008830089480899578,0.0018510404056882267,20,0.002377660504601909,0.00048466224885434454,20,0.06699687474628921,0.01325028998483146,20,42.01142420356537,0.382996025573752,20,4.058932796397134,0.15174424710271914,20,114.4379281604143,3.40676937351457,20,0.0,0.0,20,28.21333333333333,0.8665586977280806,0,,,0,,,0,,,20,28.21333333333333,0.8665586977280806,20,22.647532195286242,0.6645794769061488,20,42.01142420356537,0.382996025573752,20,23.831264292686555,0.19929028385470499,20,0.09985076453659192,0.046091776174513904,20,28.21333333333333,0.8665586977280806,20,0.11838558490361462,0.012031628845113536,20,2.611261846201134,0.37723288963833723,20,391.2,16.155820199413878,20,391.2,16.155820199413878,20,11.930633913071615,0.1856742602430362,20,15.707177340815559,0.4450316558347298
c,offset,dwvp,fixed_lookahead,0.6,0.02,1.0,20,20,0,0,20,20,0.5,0.0,20,0.05959850212470572,0.0014946987550474074,20,1.6004326547711378,0.027829039076609673,20,0.20634616819969204,0.035379972963398926,20,0.06457524601009057,0.016705881331978704,20,1.7321163188994746,0.435448387732798,20,0.0,0.0,20,26.861666666666668,0.4667011265472454,20,0.0032066809404712364,0.0021389455827401193,20,11.193333333333333,0.6565548929719282,20,2.3324852393237285,0.13554729973417715,20,26.861666666666668,0.4667011265472454,0,,,20,0.17244610294891494,0.056033943000951096,20,0.16890319045426982,0.045497346586120285,0,,,20,26.861666666666668,0.4667011265472454,0,,,20,2.2787583353497984,0.3143710937840512,20,323.2,13.83207561392988,20,323.2,13.83207561392988,20,11.659297263422319,0.17459070940832336,20,13.231380998702525,0.4719526084077104
c,gradual,dwvp,fixed_lookahead,0.6,0.02,1.0,20,20,0,0,20,20,0.00912781900963161,0.0019649379004698943,20,0.0027159304000161917,0.0006321130660218695,20,0.06955364035271802,0.01597852164615436,20,19.772595417294294,0.15376967419069362,20,4.023941805735534,0.12187015743058087,20,103.07344218954754,1.2044940213565085,20,0.0,0.0,20,25.635,0.7477431932427978,0,,,0,,,0,,,20,25.635,0.7477431932427978,20,15.736380805368233,0.20193781987735895,20,19.772595417294294,0.15376967419069362,20,15.909514504880494,0.15873938219580327,20,0.028634845032844698,0.037575642301004686,20,25.635,0.7477431932427978,20,0.17955178263054297,0.01687741689465904,20,2.2588123946794063,0.3166097235724955,20,318.55,12.914598023371195,20,318.55,12.914598023371195,20,11.472857775418984,0.21843461854068916,20,14.905717843572043,0.4634259517646121
c,rapid,dwvp,fixed_lookahead,0.6,0.02,1.0,20,20,0,0,20,20,0.008425441750036445,0.001876271774128492,20,0.0026778384409730975,0.0005934716594003907,20,0.0700924127180512,0.015162385773795813,20,46.61988026470549,0.2966419062727173,20,5.563244938024487,0.1633853039021981,20,145.72274198925584,3.3564490713218493,20,0.0,0.0,20,26.205000000000002,0.6158030937665038,0,,,0,,,0,,,20,26.205000000000002,0.6158030937665038,20,25.131952323591694,0.6666927807687796,20,46.61988026470549,0.2966419062727173,20,25.894997044676018,0.17347978381823254,20,0.06140695396899485,0.058131965996197264,20,26.205000000000002,0.6158030937665038,20,0.14655158148671524,0.015774454903689547,20,2.3119688592435503,0.29063928591277965,20,326.3,13.864380715761484,20,326.3,13.864380715761484,20,11.480458301687625,0.193557281729536,20,14.396064924966637,0.41204668511073844
c,offset,dwvp,lookahead_time,0.5,0.02,1.0,20,20,0,0,20,20,0.5,0.0,20,0.012489400839088376,0.0006676268895391342,20,1.0547239226379514,0.041616907060182694,20,0.3163898070484056,0.05780548128924357,20,0.07679301777636444,0.009775699846613613,20,6.487811889057101,0.8212090279315983,20,0.0,0.0,20,84.52333333333333,2.0041506637578252,20,0.005985687170485063,0.0011611108584215558,20,4.535,0.6295338477771278,20,0.604322074502224,0.03761852280166502,20,84.52333333333333,2.0041506637578252,0,,,20,0.2847271691965941,0.07471841510311726,20,0.28671301487037676,0.04751661723907676,0,,,20,84.52333333333333,2.0041506637578252,0,,,20,4.075465157077323,0.13241832038986484,20,1185.8,20.914865023407835,20,1185.8,20.914865023407835,20,12.481633821914778,0.07987469151461975,20,15.824348218416409,0.30744751547255866
c,gradual,dwvp,lookahead_time,0.5,0.02,1.0,20,20,0,0,20,20,0.00836844034349832,0.0019518192879282293,20,0.0018430117476455447,0.00025741071785909017,20,0.1352628684402187,0.018868900852760027,20,3.7123342418433785,0.15367483981069305,20,0.3060109580441429,0.026803377668988132,20,22.500687594237483,2.449721909174478,20,0.0,0.0,20,73.42333333333333,2.3806751217013473,0,,,0,,,0,,,20,73.42333333333333,2.3806751217013504,20,3.493105998610961,0.18623869304000806,20,3.6668382348143496,0.17277496884624383,20,3.5476079558231506,0.17733847033961836,20,0.21792379924073355,0.0683057641608422,20,73.42333333333333,2.3806751217013473,20,0.02056321751270207,0.006873792049958259,20,4.328856057383327,0.16166348018630136,20,1110.9,30.048907502690728,20,1110.9,30.048907502690728,20,12.56784978313949,0.07127836741879558,20,17.200629996645382,0.39543862169799515
c,rapid,dwvp,lookahead_time,0.5,0.02,1.0,20,20,0,0,20,20,0.008052310203102094,0.0016534051127806888,20,0.0017911196896770408,0.0002879614677577008,20,0.143065620161735,0.02194499701789893,20,12.08638365426128,0.5803835529960725,20,0.6341976046909019,0.05770920152695179,20,50.726745562293196,4.98866780563274,20,0.0,0.0,20,79.965,2.224727462117946,0,,,0,,,0,,,20,79.965,2.224727462117946,20,10.65435685035552,0.3954464200830422,20,12.083711768625308,0.5847923634572363,20,10.984132900247554,0.31102425245602316,20,0.2335141213130552,0.06116519603892871,20,79.965,2.224727462117946,20,0.016763205936089248,0.005261283289265286,20,4.152930452698846,0.17823358850748067,20,1166.55,20.76301113949871,20,1166.55,20.76301113949871,20,12.520785728504285,0.06950741114974193,20,16.674113942805945,0.3260365531123969
c,offset,dwvp,lookahead_time,0.75,0.02,1.0,20,20,0,0,20,20,0.5,0.0,20,0.012648479525564402,0.0006369701991135314,20,1.067435489517291,0.043272886656016925,20,0.31301641096307764,0.057302548967064,20,0.07681189289601989,0.009732819095043992,20,6.483189196719115,0.8110896693210771,20,0.0,0.0,20,84.44999999999999,2.012112444976192,20,0.0059817284922104195,0.001166382620101899,20,4.736666666666666,0.5104636122342165,20,0.6110232137739454,0.02712113396835382,20,84.44999999999999,2.012112444976192,0,,,20,0.283913533774556,0.07275638483414969,20,0.2828019954111832,0.047763950314615146,0,,,20,84.44999999999999,2.012112444976192,0,,,20,4.07760489271716,0.12666085406869806,20,1187.1,20.985960219055723,20,1187.1,20.985960219055723,20,12.493191223465722,0.07728590230986669,20,15.828376200824845,0.3044063126828744
c,gradual,dwvp,lookahead_time,0.75,0.02,1.0,20,20,0,0,20,20,0.008350730514353016,0.0017312981587707715,20,0.001844848445481073,0.0002571792522247834,20,0.13494705777195576,0.018941062506716757,20,3.872266464593584,0.3370492746574153,20,0.3075634384250093,0.028561960098107422,20,22.531325386015833,2.5022309249274515,20,0.0,0.0,20,73.17666666666666,2.5986298684080533,0,,,0,,,0,,,20,73.17666666666666,2.598629868408055,20,3.6933957730559435,0.37528970955248364,20,3.6668382348143496,0.17277496884624383,20,3.7562338369704045,0.4009245485838641,20,0.21785104471704958,0.06831142562968409,20,73.17666666666666,2.5986298684080533,20,0.02056321751270207,0.006873792049958259,20,4.307589308969704,0.16967384728433396,20,1107.8,33.13068223359063,20,1107.8,33.13068223359063,20,12.567202099851857,0.07278666275928768,20,17.200621163696734,0.39108725533906713
c,rapid,dwvp,lookahead_time,0.75,0.02,1.0,20,20,0,0,20,20,0.007820173533413143,0.0016225457513453722,20,0.0017887619620052682,0.00028917346178501267,20,0.1424373967838342,0.022379836677626396,20,12.08638365426128,0.5803835529960725,20,0.6385169220684359,0.05412081952325441,20,50.90350668225939,4.802418544363582,20,0.0,0.0,20,79.69,2.313047153540741,0,,,0,,,0,,,20,79.69,2.313047153540741,20,10.75286833405519,0.4821727170795599,20,12.083711768625308,0.5847923634572363,20,11.022765281867562,0.3459744865277839,20,0.23373045670378717,0.06067380754490268,20,79.69,2.313047153540741,20,0.016763205936089248,0.005261283289265286,20,4.156336814203191,0.17787520995200717,20,1162.05,23.78295497553702,20,1162.05,23.78295497553702,20,12.512921177451036,0.07497786835767817,20,16.6732160663177,0.32247064350325877
c,offset,dwvp,lookahead_time,1.0,0.02,1.0,20,20,0,0,20,20,0.5,0.0,20,0.013032923589420448,0.0005795720673870251,20,1.0867202032046972,0.05033780179581204,20,0.30885282780160306,0.05467980375788695,20,0.07634450192679927,0.010085253570146835,20,6.361711227271922,0.8187685532704684,20,0.0,0.0,20,83.405,2.294317286877621,20,0.005983672488466404,0.0011624183657602937,20,5.02,0.5663466588686614,20,0.6574004865811323,0.049608700753715006,20,83.405,2.294317286877621,0,,,20,0.27834045557497356,0.06879232251698847,20,0.2787564863209936,0.048533912876591666,0,,,20,83.405,2.294317286877621,0,,,20,4.09160815513618,0.16521788204700721,20,1176.05,27.664293916432005,20,1176.05,27.664293916432005,20,12.49180276993306,0.07819950210700682,20,15.84035862145646,0.2966631009445781
c,gradual,dwvp,lookahead_time,1.0,0.02,1.0,20,20,0,0,20,20,0.007999679848596166,0.001533254608628238,20,0.001830398993560234,0.00027146189584337016,20,0.12921885761937427,0.020128544335330442,20,5.33800812572638,1.1034266786915112,20,0.3356817610105766,0.027841877500190793,20,23.66252780120377,1.8635017214013372,20,0.0,0.0,20,70.57999999999998,3.2047004950787352,0,,,0,,,0,,,20,70.57999999999998,3.2047004950787366,20,5.221854201303719,1.091046231077749,20,3.666837561148153,0.17277493088433554,20,5.3252885575809685,1.123476362841714,20,0.21103570874379218,0.06452549291824233,20,70.57999999999998,3.2047004950787352,20,0.020563274832055743,0.00687376310689219,20,4.2442010077028645,0.17668064281787985,20,1074.05,47.48348743455316,20,1074.05,47.48348743455316,20,12.55844354673802,0.07585117977403616,20,17.238297644141465,0.39894449467771165
c,rapid,dwvp,lookahead_time,1.0,0.02,1.0,20,20,0,0,20,20,0.007445629311593463,0.0012440075583113508,20,0.0017784097577043002,0.0002861285024187257,20,0.13862812661116913,0.021837358967510614,20,12.469844795677407,0.5413822863998575,20,0.6819099780935783,0.04709053079970491,20,53.18152635627338,3.916775185189407,20,0.0,0.0,20,78.00666666666666,2.5905722007860312,0,,,0,,,0,,,20,78.00666666666666,2.5905722007860312,20,11.713703689251874,0.6708289471617286,20,12.083766500776921,0.5848332613830173,20,12.084388570088242,0.6413067318518908,20,0.23032191150925724,0.05114916801850369,20,78.00666666666666,2.5905722007860312,20,0.016763207447552126,0.005261283926258277,20,4.092759573630767,0.16287745887198374,20,1141.5,28.487300956557355,20,1141.5,28.487300956557355,20,12.50726635374636,0.07630761599685923,20,16.71687839322035,0.33867326886161225
c,offset,dwvp,lookahead_time,1.5,0.02,1.0,20,20,0,0,20,20,0.5,0.0,20,0.0160729497785398,0.0007503149913320225,20,1.1780337003164676,0.0541026599668273,20,0.29518664338915823,0.04299406687660054,20,0.07703386055679567,0.01003277089423237,20,5.655377382510546,0.8154796467377732,20,0.0,0.0,20,73.42999999999998,4.58604417440463,20,0.005891677447677829,0.001192776105675341,20,6.341666666666667,0.4501948895717179,20,1.033509178251597,0.1511209352665568,20,73.42999999999998,4.586044174404631,0,,,20,0.265110122680266,0.059861555250071766,20,0.26919546381162274,0.04328633725016831,0,,,20,73.42999999999998,4.58604417440463,0,,,20,3.9475132897683283,0.15356959190547384,20,1048.95,61.75543871211924,20,1048.95,61.75543871211924,20,12.47392686050769,0.08667607078070909,20,15.878057198980986,0.30809830946868244
c,gradual,dwvp,lookahead_time,1.5,0.02,1.0,20,20,0,0,20,20,0.00789280980063006,0.0016572072403475513,20,0.001915765583988888,0.0003416996849523569,20,0.11564329644524644,0.021300878767298595,20,10.337657313389041,0.1990961263276044,20,0.5779146172891215,0.04374585853030263,20,34.77045413284783,1.9272582555949713,20,0.0,0.0,20,60.35166666666667,3.6871275210826573,0,,,0,,,0,,,20,60.35166666666667,3.6871275210826573,20,10.212975210935564,0.2118402059128526,20,3.695952624620186,0.22249070949948674,20,10.337657313389041,0.1990961263276044,20,0.18852095291908366,0.06329756596468794,20,60.35166666666667,3.6871275210826573,20,0.020114216916738172,0.007067177302352428,20,3.8536948450797057,0.1273870602021842,20,903.95,51.602198035599834,20,903.95,51.602198035599834,20,12.465649555191247,0.11223252420668083,20,17.1300507040843,0.4497017742796681
c,rapid,dwvp,lookahead_time,1.5,0.02,1.0,20,20,0,0,20,20,0.006846359195971248,0.0012008108439924695,20,0.0017766442447486874,0.0003002087627843404,20,0.12446873932169719,0.020960293937682808,20,17.067547695186075,1.424970417573074,20,0.9365006140375947,0.06685828692498244,20,65.51902567276952,3.8438283620488836,20,0.0,0.0,20,70.07499999999999,2.8874172477446183,0,,,0,,,0,,,20,70.07499999999999,2.887417247744619,20,16.445638497203344,1.5073013624248783,20,12.107821259690533,0.6216492826680172,20,17.067547695186075,1.424970417573074,20,0.21819159249698225,0.062438412446777045,20,70.07499999999999,2.8874172477446183,20,0.016690397826763015,0.005967106490847916,20,3.980963736826516,0.1314471547392161,20,1029.75,37.52315074864134,20,1029.75,37.52315074864134,20,12.475673878132566,0.08074980512867566,20,16.842204814649218,0.39247111565150533
