path,method,label,seed,trial_id,success,timeout,steps,duration_s,first_goal_time_s,travel_time_s,mean_position_error_m,max_position_error_m,mean_heading_error_deg,max_heading_error_deg,final_position_error_m,final_heading_error_deg,velocity_violation_pct,acceleration_violation_pct,unconstrained_demand_violation_pct,mean_direction_distortion_deg,max_direction_distortion_deg,jerk_xy_rms_m_s3,jerk_yaw_rms_rad_s3,min_clearance_m,collision,max_translation_speed_m_s,max_abs_yaw_rate_rad_s,projection_steps,mean_near_obstacle_speed_m_s,max_normalized_velocity_excess,max_normalized_acceleration_excess,constraint_violation_duration_s,max_speed_cap_excess_m_s,speed_cap_excess_duration_s,parameter,value
iros_docking,vp,"VP (adaptive, clipping)",0,ec0e6df5c053f083551673194df37e6f9d6228da9f36e97a3b73cd0acce3ab51,True,False,433,14.433333333333334,14.133333333333333,14.433333333333334,0.0060501569496070095,0.023323558346753037,17.834555905840055,85.98929543408423,0.01649959268136411,0.5550793708892884,0.0,0.0,99.76905311778292,11.969245760038948,77.27836885102802,1.0916989480169808,2.5391022551419224,,False,0.3092015743534791,0.6,0,,0.0,1.5139404881252135e-15,0.0,0.0,0.0,lookahead_time,0.5
iros_docking,dwvp,DWVP (adaptive),0,e5d7792191a0289116d440cf579bdd5ac3aa6ad54876f2129c0b5c370fc9c584,True,False,499,16.633333333333333,16.333333333333332,16.633333333333333,0.0014938074823868915,0.016337871251496706,17.79103675845332,90.51546477380182,0.0172199078715891,0.5154647738018263,0.0,0.0,99.59919839679358,2.876455663522864,77.21258727314243,0.957780337323285,2.5430371688052857,,False,0.2243818196503154,0.6,58,,0.0,9.251858538542972e-16,0.0,0.0,0.0,lookahead_time,0.5
iros_curve,vp,"VP (adaptive, clipping)",0,47acad0d26f8e31617a6607e21b14be824cf8ed3585509b49e25ac10ebec572b,True,False,754,25.133333333333333,24.966666666666665,25.133333333333333,0.00672547931769596,0.039746462496860105,25.358650997055403,94.24435791156864,0.016647761024407636,0.7836119061581003,0.0,0.0,99.86737400530504,22.817200095715354,82.78132300798514,1.0609848967457463,8.156509930646118,,False,0.31073214681119893,0.6,0,,0.0,1.5139404881252135e-15,0.0,6.938893903907228e-18,0.0,lookahead_time,0.5
iros_curve,dwvp,DWVP (adaptive),0,566c8ea520be23d3f1fe2daa7a5c5dd1826fa0c988eebc77919e7714dc1d0cd8,True,False,970,32.333333333333336,32.03333333333333,32.333333333333336,0.012116144738529172,0.06689268424466144,11.31307617272617,60.442463234563235,0.016422526177033395,0.3626203237089998,0.0,0.0,99.79381443298969,0.5568533854898329,27.056601839800496,1.6299583099359596,5.025862009241965,,False,0.2220893244214096,0.6,113,,0.0,9.251858538542972e-16,0.0,0.0,0.0,lookahead_time,0.5
constant_heading_corner,vp,"VP (adaptive, clipping)",0,0a37dbf9d45baa41fa6eb3afef573872f4106a9407e3a7cc7ed2d6da8f16537b,True,False,424,14.133333333333333,13.966666666666667,14.133333333333333,0.0024838321392603013,0.03399999999999914,0.0,0.0,0.017205122597598654,0.0,0.0,0.0,99.76415094339622,3.0955110017891836,44.757888279456544,0.9341035914192236,0.0,,False,0.22968674319603208,0.0,0,,0.0,1.5139404881252135e-15,0.0,0.0,0.0,lookahead_time,0.5
constant_heading_corner,dwvp,DWVP (adaptive),0,486ff09b91d6aa00692e1cc5b1ee7efd93b7f4aa9257c9ab0e578dd899f47ad6,True,False,424,14.133333333333333,13.966666666666667,14.133333333333333,0.0008278621868116265,0.0283333333333341,0.0,0.0,0.017205156589164446,0.0,0.0,0.0,99.76415094339622,1.463413154775493,34.2826473371186,0.8319388284838359,0.0,,False,0.2200646749729181,0.0,29,,0.0,1.5139404881252135e-15,0.0,0.0,0.0,lookahead_time,0.5
independent_heading_curve,vp,"VP (adaptive, clipping)",0,5ba1dfa8e8b31de75aff1fcba900df993bd04892948f81f2658e0b0ccec60b09,True,False,781,26.03333333333333,25.866666666666667,26.03333333333333,0.015429848169993881,0.06130272108843938,0.652792761625441,2.1364674239050596,0.017453527168130922,1.7148482176078312e-07,0.0,0.0,99.8719590268886,13.2835025604604,106.77031233902777,0.95437564057381,4.7119366592057315,,False,0.30395110637999145,0.220830405806919,0,,0.0,1.5139404881252135e-15,0.0,6.938893903907228e-18,0.0,lookahead_time,0.5
independent_heading_curve,dwvp,DWVP (adaptive),0,a24414f52d37c9be6c5eaccb5d05e228628d96e88416473e4823151b56bd8e5f,True,False,771,25.7,25.53333333333333,25.7,0.005572371678015297,0.026176106173128027,0.1838840138598869,1.2073242439852145,0.016365560864153604,0.07552680249049849,0.0,0.0,99.87029831387808,4.300093434314741,87.97403185836684,0.8611108325852258,3.268664290954805,,False,0.296904922194421,0.1436314560292276,64,,0.0,1.5139404881252135e-15,0.0,0.0,0.0,lookahead_time,0.5
iros_docking,vp,"VP (adaptive, clipping)",0,ac31d085d741c65c5bc468053fdbfff3dc6b02531b2fd148648da5349d1b65c8,True,False,424,14.133333333333333,13.833333333333334,14.133333333333333,0.0065726767386869635,0.0463697872293842,17.236578203538343,81.97859086816848,0.01666146791485696,0.5549082669216994,0.0,0.0,99.76415094339622,10.181246444012167,72.10495716162403,0.9862822789822077,2.408097285281909,,False,0.3105278438341075,0.6,0,,0.0,1.5139404881252135e-15,0.0,0.0,0.0,lookahead_time,0.75
iros_docking,dwvp,DWVP (adaptive),0,de79f66d5fd2112dc3169864efbaa365846f81e409f69ed57c2f88e75cb5ef04,True,False,494,16.466666666666665,16.166666666666668,16.466666666666665,0.004292088759913323,0.045692196479738524,16.300926811296588,90.51548317238,0.017148516852402852,0.5154831723800029,0.0,0.0,99.59514170040485,2.5733245018713937,72.03917558373844,0.9764675022618101,2.599886118411928,,False,0.22391501842393668,0.6,55,,0.0,9.251858538542972e-16,0.0,0.0,0.0,lookahead_time,0.75
iros_curve,vp,"VP (adaptive, clipping)",0,892863782ac707b1fa8413f42ccf6017b03e19aa224e02889b327bdb2ac9bb3b,True,False,727,24.233333333333334,24.066666666666666,24.233333333333334,0.009751185389345779,0.07066021137354755,26.65952089413464,103.66786359193516,0.016768261291706214,0.7835985835457873,0.0,0.0,99.86244841815682,18.95072304703897,82.7397044351894,0.9475150951270459,7.812072077966192,,False,0.3109975411264852,0.6,0,,0.0,1.5139404881252135e-15,0.0,6.938893903907228e-18,0.0,lookahead_time,0.75
iros_curve,dwvp,DWVP (adaptive),0,0e290dfaae256953450301cfd4e003cd10b4e840b7eca4dd3b8439e3aaf25098,True,False,959,31.966666666666665,31.7,31.966666666666665,0.013315377371120967,0.0674719952777411,12.219768266216215,64.10970045176636,0.016830690398694403,0.36284572877917615,0.0,0.0,99.79144942648593,0.437764073275737,26.935570640839362,2.1767263306900673,4.812591423974762,,False,0.2244286842134384,0.6,87,,0.0,9.251858538542972e-16,0.0,0.0,0.0,lookahead_time,0.75
constant_heading_corner,vp,"VP (adaptive, clipping)",0,e70d99ef088247f02d605100d4a9f936c4848a0996c937d9b144496e7f73f928,True,False,417,13.9,13.733333333333333,13.9,0.0017437892368733759,0.04218982258244963,0.0,0.0,0.017205148033689555,0.0,0.0,0.0,99.76019184652279,1.7333529661280431,33.07063097871659,0.8078496044123266,0.0,,False,0.22484682000543846,0.0,0,,0.0,1.5139404881252135e-15,0.0,0.0,0.0,lookahead_time,0.75
constant_heading_corner,dwvp,DWVP (adaptive),0,d32e3d66878d71ceefc010cdfa8a02a8b56be3927215456ba4e9794058d00d4f,True,False,417,13.9,13.733333333333333,13.9,0.004144172072143016,0.05751706308321791,0.0,0.0,0.01720400068142718,0.0,0.0,0.0,99.76019184652279,0.27987392882505635,12.176086957489762,0.8236290910370098,0.0,,False,0.22722938801724527,0.0,14,,0.0,1.5139404881252135e-15,0.0,0.0,0.0,lookahead_time,0.75
independent_heading_curve,vp,"VP (adaptive, clipping)",0,4c8c8c892794fbc48aeb18b32fe49de606ff216e10a27574bbe49884d41996c1,True,False,754,25.133333333333333,24.966666666666665,25.133333333333333,0.017848277895760573,0.0612994476720184,0.870527641375803,3.5888361627503147,0.017023194221504615,1.5839594869124994e-07,0.0,0.0,99.86737400530504,13.148771353880262,86.16069936175712,0.9234132485701656,3.6425585929704414,,False,0.293929906377632,0.24191484948947206,0,,0.0,1.5139404881252135e-15,0.0,6.938893903907228e-18,0.0,lookahead_time,0.75
independent_heading_curve,dwvp,DWVP (adaptive),0,6abb6f4ab8397b2cda211b367c53dc89a56c148b73fe924bc73c7414fbb6ee70,True,False,752,25.066666666666666,24.9,25.066666666666666,0.011387992758647481,0.06404525968659204,0.2913130477432204,2.1668562038584445,0.016811516912105025,0.0773085092013969,0.0,0.0,99.86702127659575,3.184586741552585,63.35177801542126,1.765928030318477,3.0792597500028323,,False,0.2919929739942464,0.13523039430095143,60,,0.0,1.5139404881252135e-15,0.0,0.0,0.0,lookahead_time,0.75
iros_docking,vp,"VP (adaptive, clipping)",0,3657e5a591a17dbf2b7dfcd8b8669a9106369ae4b695b23b1a559dff55d39fdf,True,False,416,13.866666666666667,13.566666666666666,13.866666666666667,0.010700912934936035,0.07443334862647633,16.609002972357935,78.54084409738354,0.01645808147817963,0.5547131318538903,0.0,0.0,99.75961538461539,8.489083182334596,69.66075552713677,0.9495277745612198,2.0620468415320428,,False,0.31004652615228573,0.6,0,,0.0,1.5139404881252135e-15,0.0,0.0,0.0,lookahead_time,1.0
iros_docking,dwvp,DWVP (adaptive),0,13ba08e29e6b2182b325c770513334145a1df4a95661dc7ff200f840f6c0821c,True,False,504,16.8,16.5,16.8,0.005019530212120365,0.052034617302034625,16.331601743555677,90.5154451265797,0.016650214513305884,0.5154451265797125,0.0,0.0,99.60317460317461,2.8924283732445493,76.32599962609369,1.713468837860954,4.712506619437041,,False,0.22628015580313635,0.6,50,,0.0,9.251858538542972e-16,0.0,0.0,0.0,lookahead_time,1.0
iros_curve,vp,"VP (adaptive, clipping)",0,51bd36227bd41f4044aa361a00b92f1bce746fde5feb392528dd424e91e03962,True,False,700,23.333333333333332,23.166666666666668,23.333333333333332,0.015028143701572808,0.09392290106749472,28.425440861872154,108.44529945030455,0.016616697740552244,0.7836246602128554,0.0,0.0,99.85714285714286,17.66487108981485,82.79286751387902,0.9436458801103008,7.382786619139268,,False,0.3106079399943679,0.6,0,,0.0,1.5139404881252135e-15,0.0,6.938893903907228e-18,0.0,lookahead_time,1.0
iros_curve,dwvp,DWVP (adaptive),0,380d90afcd1bda8ef7172521aed74635163c471a2cbc8125c4c64ab8578f6c64,True,False,945,31.5,31.2,31.5,0.01514592217681374,0.07177642436331987,13.502346100322907,60.568033526287635,0.0174444447454298,0.366075644719506,0.0,0.0,99.7883597883598,0.3965042396541521,26.73902027708487,2.938691236560406,5.801132270959604,,False,0.22913105827075106,0.6,67,,0.0,9.251858538542972e-16,0.0,0.0,0.0,lookahead_time,1.0
constant_heading_corner,vp,"VP (adaptive, clipping)",0,7451fb3015c1587c862a55336162a130867bae8b24688ba3ccec6ed7ecd19c53,True,False,409,13.633333333333333,13.466666666666667,13.633333333333333,0.005052684922218553,0.07165480797886126,0.0,0.0,0.017203834931989737,0.0,0.0,0.0,99.75550122249389,1.6442456047647822,28.92431970283326,0.8094607745130269,0.0,,False,0.2329095596321331,0.0,0,,0.0,1.5139404881252135e-15,0.0,0.0,0.0,lookahead_time,1.0
constant_heading_corner,dwvp,DWVP (adaptive),0,ec52de0bf0d8c0e69349288e35c940f542da218280255ea005be0dc8d1377b9b,True,False,409,13.633333333333333,13.466666666666667,13.633333333333333,0.008299660618607768,0.08652799251536836,0.0,0.0,0.01768115634839581,0.0,0.0,0.0,99.75550122249389,0.17608556511240564,14.752248043192047,1.3311845582208157,0.0,,False,0.23358776096698222,0.0,11,,0.0,6.308085367188389e-16,0.0,0.0,0.0,lookahead_time,1.0
independent_heading_curve,vp,"VP (adaptive, clipping)",0,cf4a796c65c9159e8127265185decf043c2d9fd3c449d81981b1d4af534c8b1e,True,False,724,24.133333333333333,23.966666666666665,24.133333333333333,0.023441732567882005,0.07962347321531757,1.0775866525620967,6.0386378384372,0.017479283635918396,1.7116386562676727e-07,0.0,0.0,99.86187845303867,13.840867967048709,84.42523187391333,1.295897586473254,3.0093404223172207,,False,0.2871505816283574,0.26667814129028455,0,,0.0,1.5139404881252135e-15,0.0,0.0,0.0,lookahead_time,1.0
independent_heading_curve,dwvp,DWVP (adaptive),0,e1681e8a9903f168d172a8f0dd6b4b7be02eb07e4f5147ef64f6844665c72053,True,False,756,25.2,25.03333333333333,25.2,0.015353612307100318,0.07093182597961406,0.42398895482071647,3.079035858575839,0.01734384069645699,0.08328702110416593,0.0,0.0,99.86772486772487,4.077576189722958,76.95622468294798,3.3497480583637818,6.04230254049927,,False,0.28605121449400667,0.13705198168212682,64,,0.0,1.5139404881252135e-15,0.0,0.0,0.0,lookahead_time,1.0
iros_docking,vp,"VP (adaptive, clipping)",0,85394f97b9383972e63a60850fb127adb056e8c8313ea32be65f1cc4b4d33f90,True,False,403,13.433333333333334,13.133333333333333,13.433333333333334,0.021217799659310865,0.13402729563337556,17.219910816343877,71.09239276068283,0.01739440222476084,0.5544966625427025,0.0,0.0,99.75186104218362,8.973059394116568,69.5163664628127,0.9167077668747637,2.136477761493806,,False,0.31091856479686314,0.6,0,,0.0,1.5139404881252135e-15,0.0,0.0,0.0,lookahead_time,1.5
iros_docking,dwvp,DWVP (adaptive),0,b2988a75440105463150a5adf6b8a7b09d16cce91dc9540b2ed417379903d043,True,False,515,17.166666666666668,16.866666666666667,17.166666666666668,0.00639564821806866,0.05386729319380845,17.03320264315122,90.51731780181379,0.016714671007897117,0.5173178018137844,0.0,0.0,99.80582524271846,3.703815676953524,75.7710108926957,2.767969725686826,7.267987312548924,,False,0.24006944886134068,0.6,53,,0.0,9.251858538542972e-16,0.0,0.0,0.0,lookahead_time,1.5
iros_curve,vp,"VP (adaptive, clipping)",0,1ee7c1c86428a5df20c401321a366ca14c65b07f4d18b2f500ec8a3d6227f342,True,False,660,22.0,21.833333333333332,22.0,0.025518519597956965,0.1259458413746069,30.07314612655557,104.83465057814587,0.017130337428266456,0.7429008105435685,0.0,0.0,99.84848484848486,17.129259697321846,82.20941303887678,2.721961160788129,5.995476018723361,,False,0.31097883316176816,0.6,0,,0.0,1.5139404881252135e-15,0.0,6.938893903907228e-18,0.0,lookahead_time,1.5
iros_curve,dwvp,DWVP (adaptive),0,160af5da1aef5a1200c93896cd082b81d58aa1a020ea9119c4125f81dd347f3e,True,False,910,30.333333333333332,30.03333333333333,30.333333333333332,0.020088341696591114,0.07944566040081291,17.369657647913954,67.53646641292156,0.01735794388817442,0.3623156144115349,0.0,0.0,99.78021978021978,1.5846958871913066,44.97718939807904,5.336931877059415,10.776566790290591,,False,0.24899253017509226,0.6,123,,0.0,9.251858538542972e-16,0.0,0.0,0.0,lookahead_time,1.5
constant_heading_corner,vp,"VP (adaptive, clipping)",0,2d3476c8488c37970ee40c6b7863c953545ac26e78327c1f750510393d73445f,True,False,394,13.133333333333333,12.966666666666667,13.133333333333333,0.012951579653984394,0.127388795041538,0.0,0.0,0.017158005529411824,0.0,0.0,0.0,99.74619289340102,2.072543290850752,19.9041281562489,0.8112654465838396,0.0,,False,0.25665330114481183,0.0,0,,0.0,1.5139404881252135e-15,0.0,0.0,0.0,lookahead_time,1.5
constant_heading_corner,dwvp,DWVP (adaptive),0,389b6015efbedcbc064873a217e9527e298ba981f820829ee6d1f7b92f42272b,True,False,406,13.533333333333333,13.366666666666667,13.533333333333333,0.016621902715228638,0.12091831428536448,0.0,0.0,0.017419504885412985,0.0,0.0,0.0,99.75369458128078,0.26603812791403364,18.0379869306816,2.782209685525086,0.0,,False,0.23834042677044504,0.0,21,,0.0,1.261617073437678e-16,0.0,0.0,0.0,lookahead_time,1.5
independent_heading_curve,vp,"VP (adaptive, clipping)",0,a0d3cff872054ead7f981fcf443b4216c39ee04b727092da5a8dceb35c74f06f,True,False,703,23.433333333333334,23.266666666666666,23.433333333333334,0.03185118457166889,0.10172741934801466,1.4476512724099846,8.354420698027772,0.0167257443324994,1.4099612636202364e-07,0.0,0.0,99.85775248933145,14.858539055920609,95.54896794358457,1.7988139365025455,2.217374271168319,,False,0.28394276703408294,0.2701107735834142,0,,0.0,1.5139404881252135e-15,0.0,6.938893903907228e-18,0.0,lookahead_time,1.5
independent_heading_curve,dwvp,DWVP (adaptive),0,bc2f5663d06a6e69d461207a20d8771755b695ab91393ed68f1103d8161b4415,True,False,784,26.133333333333333,25.966666666666665,26.133333333333333,0.02113494165593897,0.07694395546283858,0.7713231683933562,3.5733032212808213,0.01677478498719199,0.11531073403881274,0.0,0.0,99.87244897959184,5.602606123064017,95.56531534589465,4.735881395325191,8.37007171459908,,False,0.28065773310915393,0.13500211798183837,83,,0.0,1.5139404881252135e-15,0.0,0.0,0.0,lookahead_time,1.5
iros_docking,vp,"VP (adaptive, clipping)",0,cb937e8959d76633e33710c194bcc31e954d0ea2fbb84918037b377d8c7a1a97,True,False,402,13.4,13.1,13.4,0.0231280473392345,0.13402729563337556,16.708343956739593,71.09239276068283,0.016300788929462268,0.5664980953925803,0.0,0.0,99.75124378109453,9.711472414563593,69.16853642367123,0.9177040736569878,2.1141655879219283,,False,0.31091856479686314,0.6,0,,0.0,1.5139404881252135e-15,0.0,0.0,0.0,lookahead_time,2.0
iros_docking,dwvp,DWVP (adaptive),0,55da608c9d14b338cf591c1ae330174b2fb9ee17994a0ce4b62aa91a5543e320,True,False,528,17.6,17.266666666666666,17.6,0.008667833138900313,0.06664267543752889,17.700823672857354,90.5251507186402,0.017153779547360373,0.5251507186401988,0.0,0.0,99.62121212121212,5.399228986705516,83.41401936328128,3.4214965293431554,6.808955491790458,,False,0.25471117467180193,0.6,65,,0.0,9.251858538542972e-16,0.0,0.0,0.0,lookahead_time,2.0
iros_curve,vp,"VP (adaptive, clipping)",0,202f00da21f8a2dd35b91d93bcb75563d5e1956b88827f5f403174c5d452b4f6,True,False,643,21.433333333333334,21.266666666666666,21.433333333333334,0.029489931239742025,0.13826954679370917,32.573218252562675,107.06667454440073,0.016717353757317015,0.0042653058842683205,0.0,0.0,99.84447900466563,16.054606186692517,68.3586440366801,1.267704422332964,4.912981012642096,,False,0.3110834294188269,0.6,0,,0.0,1.5139404881252135e-15,0.0,0.0,0.0,lookahead_time,2.0
iros_curve,dwvp,DWVP (adaptive),0,b4851f28cff649a90bb18ac2947995ba29aeaa8e191897c3ed53bb63bb412b68,True,False,926,30.866666666666667,30.566666666666666,30.866666666666667,0.022360849258615322,0.07504565637414784,19.458113802658698,67.78285652745286,0.01740690030211689,0.3433167549355551,0.0,0.0,99.78401727861771,2.615524930649707,54.315704304309286,6.337136044198649,12.895056249734191,,False,0.25940272424914584,0.6,159,,0.0,1.5139404881252135e-15,0.0,0.0,0.0,lookahead_time,2.0
constant_heading_corner,vp,"VP (adaptive, clipping)",0,e26add66c8275feba278555043dbcb41607b60093dea9427555bf3c9e897895f,True,False,394,13.133333333333333,12.966666666666667,13.133333333333333,0.01330773435927196,0.127388795041538,0.0,0.0,0.01714867398816644,0.0,0.0,0.0,99.74619289340102,2.1393552938376867,19.9041281562489,0.8111589519427383,0.0,,False,0.25665330114481183,0.0,0,,0.0,1.5139404881252135e-15,0.0,0.0,0.0,lookahead_time,2.0
constant_heading_corner,dwvp,DWVP (adaptive),0,b3025875c98576cc3b1b1805bf4b16c7f980f56f39d4e8922fcb8831d34fc6b7,True,False,394,13.133333333333333,12.966666666666667,13.133333333333333,0.02318959906965389,0.15049915830233418,0.0,0.0,0.016681450448649764,0.0,0.0,0.0,99.74619289340102,0.26664669282170544,12.41491200477422,1.2022160709981362,0.0,,False,0.26292893263900313,0.0,13,,0.0,1.5139404881252135e-15,0.0,0.0,0.0,lookahead_time,2.0
independent_heading_curve,vp,"VP (adaptive, clipping)",0,8101fb472d99f27c4544e3d951e382db9d78b8c4fe13266423d498f7f7f659a5,True,False,705,23.5,23.333333333333332,23.5,0.03595621267843238,0.10673596534635399,1.5486607783898516,9.257036679751092,0.016953197854716877,9.745522332809891e-08,0.0,0.0,99.8581560283688,14.719460615546206,100.6723103698982,2.183616336389827,2.396416721431982,,False,0.2836064272802669,0.2700359389722732,0,,0.0,1.5139404881252135e-15,0.0,6.938893903907228e-18,0.0,lookahead_time,2.0
independent_heading_curve,dwvp,DWVP (adaptive),0,ae22b21c3c5ef0cf6b0ec96b9924e38fc7ade35ccdc1d843c3e519861ffa8eaa,True,False,808,26.933333333333334,26.766666666666666,26.933333333333334,0.023601453908187266,0.081135544673278,0.9428381562232858,4.053532366320893,0.016649475724947443,0.16223621159205082,0.0,0.0,99.87623762376238,7.213333434084819,101.85805033526086,5.65322091140785,9.908552092926605,,False,0.2802683970333678,0.13533711809971202,94,,0.0,1.5139404881252135e-15,0.0,0.0,0.0,lookahead_time,2.0
iros_docking,vp,"VP (adaptive, clipping)",0,189813f578645acf0a3b0a37d6ca38165ce1841636dae674a69ec1eaf525ce45,True,False,358,11.933333333333334,11.766666666666666,11.933333333333334,0.022995982466069476,0.13402729563337556,31.92886530023259,97.43071395363185,0.017334482261425862,0.7047051006564754,0.0,0.0,99.72067039106145,18.553200433094137,90.75024643399908,0.8826308961253954,3.011274267759705,,False,0.31091856479686314,0.6,0,,0.0,1.5139404881252135e-15,0.0,1.3877787807814457e-17,0.0,lookahead_time,3.0
iros_docking,dwvp,DWVP (adaptive),0,21fa84473ea8b733b7aee9efdec810699101996ecb2c66e6f00a0ab6ffa9d48a,True,False,580,19.333333333333332,19.03333333333333,19.333333333333332,0.012225927938353096,0.0782674921789599,17.785657453700825,90.49236255090437,0.017276640509831846,0.49236255090438147,0.0,0.0,99.6551724137931,16.086520667697524,131.5623350076348,7.732580960437063,16.561335702819893,,False,0.2600727833881375,0.6,163,,0.0,1.5139404881252135e-15,0.0,0.0,0.0,lookahead_time,3.0
iros_curve,vp,"VP (adaptive, clipping)",0,f2ca1349b7da5bc8c41e750aa1c2f98b7b0688c850b0ef5e695bb6f381dc4923,True,False,618,20.6,20.433333333333334,20.6,0.02828646497087861,0.13826954679370917,35.303906262456564,107.06667454440073,0.017473446377207245,0.00011418009042859671,0.0,0.0,99.83818770226537,14.19819909208746,62.010224389992786,1.0576099268916754,3.6927535063068477,,False,0.3110834294188269,0.6,0,,0.0,1.5139404881252135e-15,0.0,1.3877787807814457e-17,0.0,lookahead_time,3.0
iros_curve,dwvp,DWVP (adaptive),0,734d639ea996bf4a866d0b96017d9ce874970c4f2bba1df6775bcc7f66acbf74,True,False,891,29.7,29.4,29.7,0.031764518494265516,0.12533817533430044,24.943969651590063,101.13773450493032,0.016699516238371178,0.23781165219676328,0.0,0.0,99.77553310886644,4.586289323306236,91.43567939476092,6.579778569365125,12.18833233421242,,False,0.26616125064088486,0.6,175,,0.0,1.5139404881252135e-15,0.0,0.0,0.0,lookahead_time,3.0
constant_heading_corner,vp,"VP (adaptive, clipping)",0,44522903f1225a94cb9aa11a4e239bee3735bfef4a98fa0f8cae92cf2f96b89c,True,False,394,13.133333333333333,12.966666666666667,13.133333333333333,0.013483846458841582,0.127388795041538,0.0,0.0,0.017144769406850835,0.0,0.0,0.0,99.74619289340102,2.1827818001100034,19.9041281562489,0.8111166581538779,0.0,,False,0.25665330114481183,0.0,0,,0.0,1.5139404881252135e-15,0.0,0.0,0.0,lookahead_time,3.0
constant_heading_corner,dwvp,DWVP (adaptive),0,0fb7261887b8d15a6a47ec617c8f2a85da33efbe1354808628c0813f72443e2b,True,False,393,13.1,12.933333333333334,13.1,0.024385372193600496,0.15071091573516104,0.0,0.0,0.017723428988873354,0.0,0.0,0.0,99.74554707379136,0.2732318177869201,12.41491200477422,0.9690081865602909,0.0,,False,0.2630983669264857,0.0,13,,0.0,1.261617073437678e-16,0.0,0.0,0.0,lookahead_time,3.0
independent_heading_curve,vp,"VP (adaptive, clipping)",0,a6131ecad329e383ddce5b10f7c210f3843af7d007f4db87bb5ab91fb7386130,True,False,708,23.6,23.433333333333334,23.6,0.04194472512852851,0.10932418425938874,1.648268689613249,10.130988434796603,0.01767766543432625,4.6348823928907986e-08,0.0,0.0,99.85875706214689,13.79364095753077,101.47958122014397,1.711093860708788,2.1709171440609736,,False,0.2830767938531444,0.2700062649263699,0,,0.0,1.5139404881252135e-15,0.0,0.0,0.0,lookahead_time,3.0
independent_heading_curve,dwvp,DWVP (adaptive),0,6ee398bf92926994c1e46619cad47035ada784c634a9d6ec6da5bd9867213a82,True,False,862,28.733333333333334,28.566666666666666,28.733333333333334,0.027744815748986053,0.08895756746425422,1.0661545770774254,4.729892191311068,0.01705283469193897,0.2207122760489437,0.0,0.0,99.88399071925754,9.55873589494844,108.77824345000653,6.869312755366071,11.649782900773618,,False,0.27995588879522326,0.14005857443461384,119,,0.0,1.5139404881252135e-15,0.0,0.0,0.0,lookahead_time,3.0
iros_docking,vp,"VP (adaptive, clipping)",0,912336fdfefc551743cc951664d24f375cd9349dad3bb7e72b119ec442005420,True,False,515,17.166666666666668,16.866666666666667,17.166666666666668,0.007435025456921481,0.05734130477115573,18.526257671384283,90.55476262115558,0.01742289203960748,0.5547626211555778,0.0,0.0,99.80582524271846,13.277165283551978,81.9246453779335,1.6538525183438668,2.677214772694417,,False,0.22968674319603208,0.6,0,,0.0,1.5139404881252135e-15,0.0,0.0,0.0,fixed_lookahead,0.055
iros_docking,dwvp,DWVP (adaptive),0,1fe46e7c2bcedae2727e848c3a01b76655c7a36120b3a94bb2d9f9f618402cf9,True,False,581,19.366666666666667,19.066666666666666,19.366666666666667,0.005288046089024728,0.048492528886638686,19.55561678998174,90.55476225467538,0.0169916103046179,0.5547622546753759,0.0,0.0,99.82788296041308,4.798157396097599,95.4253594511058,1.0942295612053126,2.5685284892314106,,False,0.22087500692039524,0.6,62,,0.0,1.5139404881252135e-15,0.0,0.0,0.0,fixed_lookahead,0.055
iros_curve,vp,"VP (adaptive, clipping)",0,4d9b0fddf6df93444fc1e3a15369998b983b6425af4e08d9e945fc6c15e2b101,True,False,894,29.8,29.53333333333333,29.8,0.008788987411118054,0.061899981984594434,20.58941681258783,89.12482803245902,0.01657697966678485,0.30681386335062694,0.0,0.0,99.88814317673378,25.666708410291168,117.62747806968007,1.4590608179071924,9.755945969388902,,False,0.3102590837906524,0.6,0,,0.0,1.5139404881252135e-15,0.0,0.0,0.0,fixed_lookahead,0.055
iros_curve,dwvp,DWVP (adaptive),0,87891d3d56dc0d2f281065b872c1740e5c8c36696e9274aa6ec0b90c8846d13d,True,False,1035,34.5,34.2,34.5,0.004778497946662323,0.027318480465820572,5.4733975846872225,29.559030594709782,0.01769454857929036,0.45835880274660074,0.0,0.0,99.80676328502416,0.511445081532268,18.91731425557617,2.003886602296447,6.600355397728383,,False,0.22014736336984136,0.6,130,,0.0,1.5139404881252135e-15,0.0,0.0,0.0,fixed_lookahead,0.055
constant_heading_corner,vp,"VP (adaptive, clipping)",0,1ff4b1a41ee5379f7e1b85597e8c65d5c7302f7ca7863448bd6ddcbea6d799d4,True,False,462,15.4,15.233333333333333,15.4,0.005780189164412214,0.07066666666666555,0.0,0.0,0.01755994672225858,0.0,0.0,0.0,99.78354978354979,8.680195440720116,126.99912719390701,1.2470594069886443,0.0,,False,0.2290425922083548,0.0,0,,0.0,1.5139404881252135e-15,0.0,0.0,0.0,fixed_lookahead,0.055
constant_heading_corner,dwvp,DWVP (adaptive),0,f7ed832b674f1730495f6c4ab32886be85da1bf5087bd939da15044eee8dc20e,True,False,463,15.433333333333334,15.266666666666666,15.433333333333334,0.004065549447175278,0.05599999999999916,0.0,0.0,0.017660567820738663,0.0,0.0,0.0,99.78401727861771,6.791899133369394,179.7944759649559,1.051040675207502,0.0,,False,0.22076341552097695,0.0,30,,0.0,1.5139404881252135e-15,0.0,0.0,0.0,fixed_lookahead,0.055
independent_heading_curve,vp,"VP (adaptive, clipping)",0,5e8ac64de4fabff31d1aa2cc59a8d9dd84af2f2b70b8496761eb3b38a323e4bc,True,False,813,27.099999999999998,26.933333333333334,27.099999999999998,0.014469982094204399,0.10289320954044624,0.19634060508552315,0.5983729697085677,0.01684974825939678,2.0418367315769472e-05,0.0,0.0,99.87699876998771,18.024138192750925,153.40192297872323,1.8683942139453993,8.351750249911056,,False,0.30989084569105807,0.13794110976537377,0,,0.0,1.5139404881252135e-15,0.0,0.0,0.0,fixed_lookahead,0.055
independent_heading_curve,dwvp,DWVP (adaptive),0,b4abb01b20d5df1a4053cef000b1cf74a44cc1950b716e3bc179519d23826e97,True,False,824,27.466666666666665,27.3,27.466666666666665,0.006503666466391381,0.07462254310270963,0.11762112410421591,0.9757915273563863,0.01687169912966812,0.04806720952892466,0.0,0.0,99.87864077669903,7.718892781686406,148.66888584398328,1.0317051477009929,5.9567127139753575,,False,0.30065950833609423,0.15124747870538266,84,,0.0,1.5139404881252135e-15,0.0,0.0,0.0,fixed_lookahead,0.055
iros_docking,vp,"VP (adaptive, clipping)",0,fd72a7d36f67a589f2d0df369f1556e74dbde51b56cad06e6473d98237cc2ae1,True,False,433,14.433333333333334,14.133333333333333,14.433333333333334,0.005988522229551849,0.023323558346753037,18.097789256547927,85.98929543408423,0.016657676591141937,0.5550793708892884,0.0,0.0,99.76905311778292,12.330393694440486,77.27836885102802,1.0953997093229673,2.5391022551419216,,False,0.3102446722180757,0.6,0,,0.0,1.5139404881252135e-15,0.0,0.0,0.0,fixed_lookahead,0.11
iros_docking,dwvp,DWVP (adaptive),0,d375f9e4aab49da4b2a30fd9208a64cd5937f90bb8fd78de479268322a289d06,True,False,499,16.633333333333333,16.333333333333332,16.633333333333333,0.001489901550391373,0.016337871251496706,17.790982885075277,90.51546521096337,0.017221748898600578,0.5154652109634186,0.0,0.0,99.59919839679358,2.869766247014892,77.21258727314243,0.9572219547149097,2.5430229404687483,,False,0.22424924543541333,0.6,58,,0.0,9.251858538542972e-16,0.0,0.0,0.0,fixed_lookahead,0.11
iros_curve,vp,"VP (adaptive, clipping)",0,f4fd001eb1b8cbeb3e4a2b8f2ee86c284335426ae6961a733ea565e6108bd387,True,False,754,25.133333333333333,24.966666666666665,25.133333333333333,0.0066417833550430445,0.03961041030808944,25.40672011661633,94.19605831790115,0.017117102961433588,0.740733520943181,0.0,0.0,99.86737400530504,23.802775660471305,82.16474287770079,1.0200197977218997,8.280916322209452,,False,0.31054568756681705,0.6,0,,0.0,1.5139404881252135e-15,0.0,6.938893903907228e-18,0.0,fixed_lookahead,0.11
iros_curve,dwvp,DWVP (adaptive),0,bc2e6c88346d5797c4f455d435e0956d9b29cf521bbf26dd10f708703359e720,True,False,970,32.333333333333336,32.03333333333333,32.333333333333336,0.012113924851593579,0.06688564560455018,11.313271540467298,60.441262441354084,0.016424345586322973,0.3626206388713082,0.0,0.0,99.79381443298969,0.5543032962290123,27.05648926248453,1.6298923679188635,5.025857124040942,,False,0.2220893244214096,0.6,113,,0.0,9.251858538542972e-16,0.0,0.0,0.0,fixed_lookahead,0.11
constant_heading_corner,vp,"VP (adaptive, clipping)",0,9c34604bc0ccc78421e0203a5863d65218744a1511dc9aa230eb23ed77cf88d4,True,False,424,14.133333333333333,13.966666666666667,14.133333333333333,0.0024737690286594518,0.03399999999999914,0.0,0.0,0.01720512447941469,0.0,0.0,0.0,99.76415094339622,3.091846657245716,44.757888279456544,0.9047114059624375,0.0,,False,0.22968674319603208,0.0,0,,0.0,1.5139404881252135e-15,0.0,0.0,0.0,fixed_lookahead,0.11
constant_heading_corner,dwvp,DWVP (adaptive),0,f3484f9da80ac9b03019cbf76d37ab8479d83b3f9366dd450a9a697ba04c942c,True,False,424,14.133333333333333,13.966666666666667,14.133333333333333,0.0008278527047734802,0.0283333333333341,0.0,0.0,0.01720515658931871,0.0,0.0,0.0,99.76415094339622,1.4634130919580737,34.2826473371186,0.8319442589531988,0.0,,False,0.2200646749729181,0.0,29,,0.0,1.5139404881252135e-15,0.0,0.0,0.0,fixed_lookahead,0.11
independent_heading_curve,vp,"VP (adaptive, clipping)",0,c5071ee8e9862bd0250e53899564a82dcf77661e126a020a0e5ed85416e2f242,True,False,792,26.4,26.233333333333334,26.4,0.01622477071494762,0.06900230847277898,0.6010770930375459,1.7934971070421797,0.01702965583785127,1.585102959931579e-07,0.0,0.0,99.87373737373737,13.482548354800223,115.45295051975076,0.9935380982504965,4.91638898954048,,False,0.3056345047372816,0.18787159555030064,0,,0.0,1.5139404881252135e-15,0.0,6.938893903907228e-18,0.0,fixed_lookahead,0.11
independent_heading_curve,dwvp,DWVP (adaptive),0,aedcf9db3d7399b6143fe7a1d121774124f1e649495f17fce1b87fe783dd9f09,True,False,781,26.03333333333333,25.866666666666667,26.03333333333333,0.004823833010566529,0.03344657952427869,0.1830961636806958,1.3300872606002305,0.01723856035962643,0.07648330520359146,0.0,0.0,99.8719590268886,4.986763591235064,99.86292077859419,0.8348373875687112,3.3842639547661557,,False,0.30184219114831123,0.14752190146436178,68,,0.0,1.5139404881252135e-15,0.0,0.0,0.0,fixed_lookahead,0.11
iros_docking,vp,"VP (adaptive, clipping)",0,571e2f6ccd9aeed72990a97287ab30776847bd1bb319ff487fa0fd1b24f5f97b,True,False,438,14.6,12.6,14.6,0.006282864675231409,0.04635770472193328,28.645513949203732,100.86322002482862,0.016432044249896166,0.31278713337249797,0.0,0.0,99.54337899543378,20.159143134710707,180.0,0.9799994086383632,2.7901359141133044,,False,0.30989551275549193,0.6,0,,0.0,1.5139404881252135e-15,0.0,6.938893903907228e-18,0.0,fixed_lookahead,0.165
iros_docking,dwvp,DWVP (adaptive),0,1f53ba7a3733576c9f15ec20093967395d9276bfba2010fed353b82afaa0a665,True,False,472,15.733333333333333,15.433333333333334,15.733333333333333,0.005555467085888455,0.054127310159827746,20.086660240670025,90.41871515618662,0.017485127562248702,0.4187151561866155,0.0,0.0,99.57627118644068,2.7622905305222702,72.03917558373843,0.9799867930210145,2.412749117612672,,False,0.22868495744447098,0.6,45,,0.0,9.251858538542972e-16,0.0,0.0,0.0,fixed_lookahead,0.165
iros_curve,vp,"VP (adaptive, clipping)",0,67fd60ffd28204c7315041b3de2dcee8e1625d4f09c6576eb4671daa48ee99d8,True,False,716,23.866666666666667,23.7,23.866666666666667,0.009419013754243002,0.07089687060117963,27.875836356683386,103.75297033072638,0.017292629533558188,0.005829462592590316,0.0,0.0,99.86033519553072,18.5485139518681,64.70001828570918,0.9594531574290945,6.467482241589959,,False,0.3107800283258344,0.6,0,,0.0,1.5139404881252135e-15,0.0,1.3877787807814457e-17,0.0,fixed_lookahead,0.165
iros_curve,dwvp,DWVP (adaptive),0,466f84a7e87c9b37bc19df69ab41da52a9c133c42b04619b9f57ba03f7d10861,True,False,902,30.066666666666666,29.766666666666666,30.066666666666666,0.019566856856373566,0.09575680233914467,15.638845639331997,75.60849122547792,0.016709300002639052,0.311833856607599,0.0,0.0,99.77827050997783,0.5751642368742385,33.77279326197915,1.504598404038445,4.546915720561226,,False,0.22851001759948855,0.6,92,,0.0,9.251858538542972e-16,0.0,0.0,0.0,fixed_lookahead,0.165
constant_heading_corner,vp,"VP (adaptive, clipping)",0,eaec7e5644ece1c3356c59d38c2646e926b2b7237dbabb171c153985123e7470,True,False,417,13.9,13.733333333333333,13.9,0.0014858466390811204,0.04179999999999999,0.0,0.0,0.017205154825747804,0.0,0.0,0.0,99.76019184652279,1.9121618811856709,34.540893066203054,0.8475813648265784,0.0,,False,0.22576500630957252,0.0,0,,0.0,1.5139404881252135e-15,0.0,0.0,0.0,fixed_lookahead,0.165
constant_heading_corner,dwvp,DWVP (adaptive),0,cf66ad9920affe484967019442e03831d7fbe395f9496de69b24443116ce2e5c,True,False,417,13.9,13.733333333333333,13.9,0.004518137907735272,0.060586471189047586,0.0,0.0,0.017203223612135558,0.0,0.0,0.0,99.76019184652279,0.8600507780339841,25.667024438139823,0.8768157364750309,0.0,,False,0.2287822151283401,0.0,20,,0.0,1.5139404881252135e-15,0.0,0.0,0.0,fixed_lookahead,0.165
independent_heading_curve,vp,"VP (adaptive, clipping)",0,cba4f17ab044c05da5fd9d7b7aae821ee911cb278033005590d9f27bea7b1cb7,True,False,776,25.866666666666667,25.7,25.866666666666667,0.019178501596591496,0.07602819841090702,0.9153955235116886,3.361024394077949,0.017484764073498086,5.126708102169846e-08,0.0,0.0,99.87113402061856,12.71257314078566,107.68473180905858,0.8842430101829177,3.442015492482842,,False,0.3012942703074192,0.2271161298591053,0,,0.0,1.5139404881252135e-15,0.0,0.0,0.0,fixed_lookahead,0.165
independent_heading_curve,dwvp,DWVP (adaptive),0,aca4e5d68d42f8e5b102c9ec253dd82065044a1771b5ebadef8865c02ab36cd9,True,False,765,25.5,25.333333333333332,25.5,0.010994510572479861,0.04690754158118702,0.4211720701154705,2.7898484095422296,0.017474859976322275,0.11286142760795216,0.0,0.0,99.86928104575163,5.17147432148219,96.4975778208503,0.9106778369279045,2.311455631902126,,False,0.2963184269326696,0.1399641945976549,62,,0.0,1.5139404881252135e-15,0.0,0.0,0.0,fixed_lookahead,0.165
iros_docking,vp,"VP (adaptive, clipping)",0,cb729132a96fe6d9943131148e2e2d4927d673c53a5b7da53fbb8ab777e0dea7,True,False,404,13.466666666666667,13.166666666666666,13.466666666666667,0.011580140070176702,0.07381577386623994,30.240294409210897,100.19146835715128,0.016656635358146085,0.31167068399438436,0.0,0.0,99.5049504950495,17.42503626269611,117.62747806968007,0.9792000141647569,2.566435149043385,,False,0.3110109559738232,0.6,0,,0.0,1.5139404881252135e-15,0.0,1.3877787807814457e-17,0.0,fixed_lookahead,0.22
iros_docking,dwvp,DWVP (adaptive),0,75416a2d8ec175ee8378021847a8febd141163d7e2cbb89d919bfff7c15d5a54,True,False,452,15.066666666666666,14.766666666666666,15.066666666666666,0.01043259593054883,0.08865838095677148,23.410056356806724,90.36961133499224,0.017150888457475196,0.3696113349922436,0.0,0.0,99.5575221238938,2.6259843432526604,67.11961592879425,1.0886813522954952,2.5598494774842466,,False,0.23171421965458452,0.6,37,,0.0,9.251858538542972e-16,0.0,0.0,0.0,fixed_lookahead,0.22
iros_curve,vp,"VP (adaptive, clipping)",0,c406df1045dc99dfa690635f2a1680a5da65d2349e0d110a2e93fca48b0ae46f,True,False,681,22.7,22.53333333333333,22.7,0.014155445875984168,0.0955499857521975,30.762860240374504,108.31020418631722,0.01691550144620142,4.211835288043089e-06,0.0,0.0,99.85315712187959,15.83438868098093,47.62168433300177,0.995137482925224,5.328808537973779,,False,0.3107005734235603,0.6,0,,0.0,1.5139404881252135e-15,0.0,1.3877787807814457e-17,0.0,fixed_lookahead,0.22
iros_curve,dwvp,DWVP (adaptive),0,767baad9319db5403047070e1a5b8d28e3a0af9b053d16c67f76c2f56f1b7c35,True,False,838,27.933333333333334,27.633333333333333,27.933333333333334,0.02661346999141363,0.11620066578385901,19.540529903197164,82.50257685443822,0.015754471146948206,0.28109809276703335,0.0,0.0,99.76133651551312,0.8855150189577617,39.770740154323946,1.6379048396151044,4.1999769620538725,,False,0.23888732649327984,0.6,77,,0.0,9.251858538542972e-16,0.0,0.0,0.0,fixed_lookahead,0.22
constant_heading_corner,vp,"VP (adaptive, clipping)",0,237e0549fa773461b4e43bb1e60815fb0af155afb0f94cfa512d5243e4294a5d,True,False,409,13.633333333333333,13.466666666666667,13.633333333333333,0.004994379852971298,0.07047932914512511,0.0,0.0,0.017203753712986658,0.0,0.0,0.0,99.75550122249389,1.6979303212727064,27.39510793702647,0.7838444019884274,0.0,,False,0.23334463551571924,0.0,0,,0.0,1.5139404881252135e-15,0.0,0.0,0.0,fixed_lookahead,0.22
constant_heading_corner,dwvp,DWVP (adaptive),0,63b27e971a61b7b04e780b1e6dc6189f6af4910c563041c962650d98a7518c03,True,False,409,13.633333333333333,13.466666666666667,13.633333333333333,0.009679034301518884,0.09427987000931215,0.0,0.0,0.017170032590643456,0.0,0.0,0.0,99.75550122249389,0.4936225397021107,18.24308711949725,0.8961466886305565,0.0,,False,0.24159567930070447,0.0,16,,0.0,1.5139404881252135e-15,0.0,0.0,0.0,fixed_lookahead,0.22
independent_heading_curve,vp,"VP (adaptive, clipping)",0,3e7221fc750c184c23e83e091f3516da4c1981919855d8cfbed07bd19598b04c,True,False,756,25.2,25.03333333333333,25.2,0.027496985547998853,0.0844656826288835,1.1840906541631753,4.7853696624865805,0.01731128788705183,4.005773765784805e-08,0.0,0.0,99.86772486772487,13.057105288306746,106.05788505706005,0.902612821452775,2.7708850494775863,,False,0.2961354001797988,0.2473891913993606,0,,0.0,1.5139404881252135e-15,0.0,1.3877787807814457e-17,0.0,fixed_lookahead,0.22
independent_heading_curve,dwvp,DWVP (adaptive),0,73a936bfb8c2268bcae812ba04a6ec060f1f4513d48e6c87b6da1fbaf89b32bc,True,False,747,24.9,24.733333333333334,24.9,0.018714900799809326,0.08673042395614815,0.7045166442631489,5.0413485374986315,0.01749257253803235,0.14898803142951292,0.0,0.0,99.8661311914324,5.7796722784863235,101.1511488649454,0.9639313349189115,1.82301467376411,,False,0.29164640584584894,0.16027599136286133,58,,0.0,1.5139404881252135e-15,0.0,0.0,0.0,fixed_lookahead,0.22
iros_docking,vp,"VP (adaptive, clipping)",0,f342637e2a8bb34deb881f4fb79e56610ebe6a57f08588ee393960be170bf450,True,False,358,11.933333333333334,11.766666666666666,11.933333333333334,0.022995982466069476,0.13402729563337556,31.92886530023259,97.43071395363185,0.017334482261425862,0.7047051006564754,0.0,0.0,99.72067039106145,18.553200433094137,90.75024643399908,0.8826308961253954,3.011274267759705,,False,0.31091856479686314,0.6,0,,0.0,1.5139404881252135e-15,0.0,1.3877787807814457e-17,0.0,fixed_lookahead,0.33
iros_docking,dwvp,DWVP (adaptive),0,295ae974af2ba6b38ed2207858cfe99166281172dbf36e1360120399a8f87f95,True,False,423,14.1,13.799999999999999,14.1,0.023854256804238562,0.1484347340888307,29.090997500333664,90.31992164318082,0.017704000275747554,0.3199216431808753,0.0,0.0,99.52718676122932,2.346967493316806,58.21417766242655,1.1147094161445348,2.577591323795725,,False,0.23710511850224938,0.6,29,,0.0,9.251858538542972e-16,0.0,0.0,0.0,fixed_lookahead,0.33
iros_curve,vp,"VP (adaptive, clipping)",0,bef1491cc8c42282467fcb7cba94f6f4690373de5af94b10f4e76b545f468af5,True,False,618,20.6,20.433333333333334,20.6,0.02828646497087861,0.13826954679370917,35.303906262456564,107.06667454440073,0.017473446377207245,0.00011418009042859671,0.0,0.0,99.83818770226537,14.01112497458407,62.010224389992786,1.0576099268916754,3.6927535063068477,,False,0.3110834294188269,0.6,0,,0.0,1.5139404881252135e-15,0.0,1.3877787807814457e-17,0.0,fixed_lookahead,0.33
iros_curve,dwvp,DWVP (adaptive),0,f97623e8040a9a6e2488014e05e55318d1ff70b4d12f8a7d2f82d84a86bba790,True,False,803,26.766666666666666,26.5,26.766666666666666,0.049389437818763586,0.15403268367038014,30.467374227593616,87.28367430649371,0.016062822391854387,0.18023015769699766,0.0,0.0,99.75093399750934,9.276129716635012,142.4880604139408,2.001849590808169,4.950728322240619,,False,0.26648753701294065,0.6,121,,0.0,1.5139404881252135e-15,0.0,0.0,0.0,fixed_lookahead,0.33
constant_heading_corner,vp,"VP (adaptive, clipping)",0,9fec36c3b352a4e63aac680af4a86b98804bf415861e9f54ad948f1b1ba8c216,True,False,394,13.133333333333333,12.966666666666667,13.133333333333333,0.013483846458841582,0.127388795041538,0.0,0.0,0.017144769406850835,0.0,0.0,0.0,99.74619289340102,2.1827818001100034,19.9041281562489,0.8111166581538779,0.0,,False,0.25665330114481183,0.0,0,,0.0,1.5139404881252135e-15,0.0,0.0,0.0,fixed_lookahead,0.33
constant_heading_corner,dwvp,DWVP (adaptive),0,88b2c38c9179e007fbba29fda8feb2247abdd54a4fa5f81e612e7b240d852781,True,False,393,13.1,12.933333333333334,13.1,0.024385372193600496,0.15071091573516104,0.0,0.0,0.017723428988873354,0.0,0.0,0.0,99.74554707379136,0.2732318177869201,12.41491200477422,0.9690081865602909,0.0,,False,0.2630983669264857,0.0,13,,0.0,1.261617073437678e-16,0.0,0.0,0.0,fixed_lookahead,0.33
independent_heading_curve,vp,"VP (adaptive, clipping)",0,8c40b97ce0e02a47e3a0435594e24680756296a2da0dd74c6ee0f5cef031549e,True,False,709,23.633333333333333,23.466666666666665,23.633333333333333,0.042640093574744936,0.11011186726098894,1.7293496106026816,11.691712138573472,0.016852174672769893,4.077170857274298e-08,0.0,0.0,99.8589562764457,13.952997916901493,101.52140632213604,0.887293545090284,2.2308624310784864,,False,0.28283359178863166,0.2699268547343477,0,,0.0,1.5139404881252135e-15,0.0,0.0,0.0,fixed_lookahead,0.33
independent_heading_curve,dwvp,DWVP (adaptive),0,f986e4a7782420acdcb45414711a7748265cffe4eb10cec702612aa451c77c2f,True,False,706,23.53333333333333,23.366666666666667,23.53333333333333,0.03255541495261753,0.13558308212645712,1.6237179285050438,8.981349650150966,0.016969137546558096,0.2445018796831026,0.0,0.0,99.85835694050992,7.344279703056966,138.62566413771236,0.9648843716881409,1.605747691321961,,False,0.27713377784449816,0.18931006544160806,57,,0.0,1.5139404881252135e-15,0.0,0.0,0.0,fixed_lookahead,0.33
iros_docking,vp,"VP (adaptive, clipping)",0,e1a23f34a38ae60ac2d1627a74194bb282246c645f2c620524c5eebf975572a0,True,False,350,11.666666666666666,11.5,11.666666666666666,0.04178990322107295,0.2035701464612618,35.73216514278151,94.3654642636083,0.017006701695272207,0.0016986784530721112,0.0,0.0,99.71428571428571,15.007543272443877,72.46528504891342,0.877534579769244,2.702535707512943,,False,0.2951798556843057,0.6,0,,0.0,1.5139404881252135e-15,0.0,2.7755575615628914e-17,0.0,fixed_lookahead,0.44
iros_docking,dwvp,DWVP (adaptive),0,4fbb8da1c57f05c5948be8a5881f6d17e2f7eac82d6bbbe5f9ce280f9794f110,True,False,404,13.466666666666667,13.166666666666666,13.466666666666667,0.04199836824237792,0.20426660010848344,33.59251422552482,90.27732909505684,0.017707746691743707,0.277329095056837,0.0,0.0,99.5049504950495,2.0518476233865734,50.64727437733987,1.096161537619352,2.7561267173250252,,False,0.2423920980118962,0.6,28,,0.0,9.251858538542972e-16,0.0,0.0,0.0,fixed_lookahead,0.44
iros_curve,vp,"VP (adaptive, clipping)",0,3af50796a463fd04d767e123e177f3febbea0af5d416d5dccdada007882c96de,True,False,570,19.0,18.833333333333332,19.0,0.04446116048567211,0.17247835090982522,38.982321355052996,101.04377715799832,0.016894719794451698,3.2126236011057706e-05,0.0,0.0,99.82456140350877,13.604754517923531,81.56496195333074,1.0304817921501987,3.023302963904059,,False,0.31066374865334,0.6,0,,0.0,1.5139404881252135e-15,0.0,1.3877787807814457e-17,0.0,fixed_lookahead,0.44
iros_curve,dwvp,DWVP (adaptive),0,eef25e552c0df51914657962b21bc253dd6d9e877c8ab9b82a4ef2da33668450,True,False,809,26.966666666666665,26.766666666666666,26.966666666666665,0.06902741489016063,0.179368670872421,39.490836611002045,81.00404868427164,0.017014653250441148,0.34101613411218606,0.0,0.0,99.87639060568603,18.03416012995294,147.3134199411401,2.261929787878064,4.720334179011304,,False,0.29537874998887065,0.6,171,,0.0,1.5139404881252135e-15,0.0,0.0,0.0,fixed_lookahead,0.44
constant_heading_corner,vp,"VP (adaptive, clipping)",0,be4f7b7c79720cfd15f24f13b1a4d32f9db45b4bc66a8f7cccd6f16a2e6ff3a1,True,False,379,12.633333333333333,12.466666666666667,12.633333333333333,0.025483067111164954,0.1816522066813302,0.0,0.0,0.01674996389245298,0.0,0.0,0.0,99.73614775725594,3.1587751521846457,13.671110515825257,0.7892469212726251,0.0,,False,0.27619488359776717,0.0,0,,0.0,1.5139404881252135e-15,0.0,0.0,0.0,fixed_lookahead,0.44
constant_heading_corner,dwvp,DWVP (adaptive),0,372f5546c46616780fca41467cb52c47dd996188714fa361104cb942d95b75a8,True,False,376,12.533333333333333,12.366666666666667,12.533333333333333,0.04359071396821161,0.20704651122890105,0.0,0.0,0.017714455318404303,0.0,0.0,0.0,99.7340425531915,0.17841054813415075,9.253079426166297,1.1220973453747844,0.0,,False,0.28161424337604934,0.0,11,,0.0,1.5139404881252135e-15,0.0,0.0,0.0,fixed_lookahead,0.44
independent_heading_curve,vp,"VP (adaptive, clipping)",0,9047945990fa963f81d8eca038f7b0aed01e104a0eee26a9e51673abadba8043,True,False,660,22.0,21.833333333333332,22.0,0.05619086861764817,0.152443254838466,2.3442693614013526,17.932129237800073,0.016693452366123962,5.1277894907615434e-08,0.0,0.0,99.84848484848486,14.79973392964736,99.50460906788571,0.9433937442376498,1.9157097984106919,,False,0.274920036763957,0.28532922462606297,0,,0.0,1.5139404881252135e-15,0.0,0.0,0.0,fixed_lookahead,0.44
independent_heading_curve,dwvp,DWVP (adaptive),0,4903f4f5f9ee6d8c106827a945aa079f2cff30af51a92b8a70da374bdc931a07,True,False,658,21.933333333333334,21.766666666666666,21.933333333333334,0.04587279427668202,0.17593509195175902,2.9561589333992595,12.623343137562188,0.01666920717674003,0.4092097497251096,0.0,0.0,99.84802431610942,7.877466305001417,138.64354238258198,0.9909717564487973,1.5878935879465046,,False,0.2685952323926773,0.20663305327584658,56,,0.0,1.5139404881252135e-15,0.0,0.0,0.0,fixed_lookahead,0.44
iros_docking,vp,"VP (adaptive, clipping)",0,26c846b3cf37f616e9b8fb2ff0893d1717269a30220af3688d5b1bde726f2e4d,True,False,341,11.366666666666667,11.2,11.366666666666667,0.063482871846894,0.2708301671541107,38.43343972031122,92.45442437752185,0.016988298906266488,0.00020113663088464992,0.0,0.0,99.70674486803519,13.519214438443317,62.1881015824193,0.8940587498258397,2.5429869373544887,,False,0.2795875751473851,0.6,0,,0.0,1.5139404881252135e-15,0.0,1.3877787807814457e-17,0.0,fixed_lookahead,0.55
iros_docking,dwvp,DWVP (adaptive),0,8e3d87ec0d07eb99a00102ac3e23b9aca1238f3e71d5abc90433a9741d46bd6c,True,False,391,13.033333333333333,12.766666666666666,13.033333333333333,0.06269966409646643,0.26037256273715126,36.7845988196494,90.26621223489431,0.017193016761371076,0.26621223489431134,0.0,0.0,99.48849104859335,1.7954245367850648,44.34576975926538,1.250454822906378,2.5170770448278534,,False,0.24278558181825752,0.6,27,,0.0,9.251858538542972e-16,0.0,0.0,0.0,fixed_lookahead,0.55
iros_curve,vp,"VP (adaptive, clipping)",0,3741edef0e2e04d76a68c2ec41a19fac6a4ff0f4ab2c3aef0b30507e1fbdafd6,True,False,534,17.8,17.633333333333333,17.8,0.06117304882808587,0.20635371575766415,42.57214841587046,89.82034214936351,0.01706628576505223,9.613204871507208e-06,0.0,0.0,99.812734082397,15.821194229212283,147.4924376660115,1.424136093297109,3.238872433800323,,False,0.31074204424348606,0.6,0,,0.0,1.5139404881252135e-15,0.0,2.7755575615628914e-17,0.0,fixed_lookahead,0.55
iros_curve,dwvp,DWVP (adaptive),0,5a83bea797c9d29e77822d2c95874fac5847fdeed29261a4c245c3f93cd676b3,True,False,757,25.233333333333334,25.066666666666666,25.233333333333334,0.08266849792132097,0.20459120500656264,47.66641431026744,90.93550318495235,0.016163627617409915,0.5659330265626341,0.0,0.0,99.60369881109644,23.030109089557993,162.81599327711592,2.040726625391744,4.310888172309883,,False,0.3096225981187145,0.6,184,,0.0,1.5139404881252135e-15,0.0,0.0,0.0,fixed_lookahead,0.55
constant_heading_corner,vp,"VP (adaptive, clipping)",0,b654af1b130fd3be515aa0a5cc2e5b324b429181b7c7b6c9ed0ec8a7c86dfbe6,True,False,363,12.1,11.933333333333334,12.1,0.03981685628258816,0.23833333333333326,0.0,0.0,0.01682788406810487,0.0,0.0,0.0,99.72451790633609,4.398676470202764,12.78955070357086,0.8020122530757244,0.0,,False,0.29195958241879244,0.0,0,,0.0,1.5139404881252135e-15,0.0,0.0,0.0,fixed_lookahead,0.55
constant_heading_corner,dwvp,DWVP (adaptive),0,79661d2a8b1be3ae2179a78ca4c2551308e217f53656906862b3f88757047179,True,False,358,11.933333333333334,11.766666666666666,11.933333333333334,0.0646699664607451,0.2603333333333333,0.0,0.0,0.016614340977212438,0.0,0.0,0.0,99.72067039106145,0.12744208065360826,7.3395071644523675,1.1592660406948625,0.0,,False,0.2978260797875311,0.0,9,,0.0,1.5139404881252135e-15,0.0,0.0,0.0,fixed_lookahead,0.55
independent_heading_curve,vp,"VP (adaptive, clipping)",0,1b00d438fa05aa359572be19d52ef9a8a93110ece60cb31422f825fde6e12035,True,False,610,20.333333333333332,20.166666666666668,20.333333333333332,0.06794407327750909,0.19251690493310814,3.4732727656819393,23.572793413593107,0.017043672952763433,8.230440938079165e-08,0.0,0.0,99.8360655737705,15.76374978730084,101.7503006063756,0.9525727902117539,1.859608232597147,,False,0.2698349531081116,0.29034443832734524,0,,0.0,1.5139404881252135e-15,0.0,0.0,0.0,fixed_lookahead,0.55
independent_heading_curve,dwvp,DWVP (adaptive),0,32d499b59bbe5a80d2a5def21ae3b67026c4782077492e82cee183f2f9ab98e0,True,False,628,20.933333333333334,20.766666666666666,20.933333333333334,0.06483529580656044,0.2193993713562786,5.39863020672289,18.557785881714704,0.01738352774990297,0.7191210718100457,0.0,0.0,99.84076433121018,15.067830039099752,160.0291696565045,1.46864357886889,2.535168941231275,,False,0.2623171193383309,0.21918820709818382,91,,0.0,1.5139404881252135e-15,0.0,0.0,0.0,fixed_lookahead,0.55
iros_docking,vp,"VP (adaptive, clipping)",0,5457a3dc5513f3d84b801ce650877313a7da127fc701f41b96dee60d74bb9ee2,True,False,453,15.1,14.666666666666666,15.1,0.02212023226665836,0.09848007468159176,19.39904451214999,76.13377267691695,0.014787541376385707,0.5800620685250816,0.0,0.0,99.77924944812362,14.17602960811344,74.16981245139355,0.509483894190264,1.0415905725575378,,False,0.3095637875722855,0.6,0,,0.0,3.4063660982817305e-15,0.0,0.0,0.0,acceleration_scale,0.5
iros_docking,dwvp,DWVP (adaptive),0,80ed30cebc07fad62f1372cca9f7f413d7fdb278772dc55087b244325f9d98de,True,False,588,19.6,19.2,19.6,0.009438514452239985,0.06034244504478879,18.522572983087024,90.40963830036254,0.014140795689229659,0.40963830036249393,0.0,0.0,99.82993197278913,10.025219810119449,166.7239496587547,0.683226347992858,1.692101218660126,,False,0.22521900790620109,0.6,129,,0.0,3.4063660982817305e-15,0.0,0.0,0.0,acceleration_scale,0.5
iros_curve,vp,"VP (adaptive, clipping)",0,8abce9f380a349328f5fa2d9c31c42f0f84b6838153c045c969a8491b503f584,True,False,798,26.599999999999998,26.2,26.599999999999998,0.03354867486522107,0.11145051649651411,31.144939341141484,128.97580103941164,0.014458651282183247,0.34361136972193296,0.0,0.0,99.74937343358395,27.258928690754033,180.0,0.60139863307815,2.068036510786786,,False,0.3066582065152926,0.6,0,,0.0,3.4063660982817305e-15,0.0,6.938893903907228e-18,0.0,acceleration_scale,0.5
iros_curve,dwvp,DWVP (adaptive),0,a7a33577ceed1f2c4e076803c0683a53f574462d6b34fdf97996ea4bbf146b83,True,False,967,32.233333333333334,31.833333333333332,32.233333333333334,0.018742774749396996,0.07483802895594935,16.200869231709394,66.93504998143821,0.014387221604069769,0.26070225705791145,0.0,0.0,99.79317476732162,0.9878673981953742,32.01461952190714,2.0500925757606807,4.2465151846652835,,False,0.22934313234561154,0.6,190,,0.0,3.4063660982817305e-15,0.0,0.0,0.0,acceleration_scale,0.5
constant_heading_corner,vp,"VP (adaptive, clipping)",0,482240448d6a6917941404ec7a58008fd5a42f29917b207fcb464e500137d1de,True,False,429,14.299999999999999,13.966666666666667,14.299999999999999,0.006226642850344649,0.08700000000000041,0.0,0.0,0.01436672558015184,0.0,0.0,0.0,99.76689976689977,3.6058107120499803,33.41263943063179,0.42547390680568503,0.0,,False,0.225909519744324,0.0,0,,0.0,3.4063660982817305e-15,0.0,0.0,0.0,acceleration_scale,0.5
constant_heading_corner,dwvp,DWVP (adaptive),0,60ba9d7f9965ed874073b8f5d0a15162975d96ac6b412616ce8bc699bd707230,True,False,429,14.299999999999999,13.966666666666667,14.299999999999999,0.016675083124992496,0.12052100043857217,0.0,0.0,0.014190830230420982,0.0,0.0,0.0,99.76689976689977,0.3628292646941452,8.316904501365935,0.4154751635331378,0.0,,False,0.22779843669336222,0.0,27,,0.0,3.4063660982817305e-15,0.0,0.0,0.0,acceleration_scale,0.5
independent_heading_curve,vp,"VP (adaptive, clipping)",0,27cea82ffc8f6542fd38c7c55a861c2b1e0ce767ddbc885299b8ff379c7eb1c9,True,False,829,27.633333333333333,27.3,27.633333333333333,0.02440053492243153,0.06616650340122783,1.7531877404192566,6.711350705174808,0.014793723854222314,1.6320281003687683e-07,0.0,0.0,99.87937273823884,20.670419665477777,115.19329992544162,0.6023239126509412,2.462032155482214,,False,0.2843847295111889,0.23913706915752028,0,,0.0,3.4063660982817305e-15,0.0,6.938893903907228e-18,0.0,acceleration_scale,0.5
independent_heading_curve,dwvp,DWVP (adaptive),0,17f822cc030d31165b9acae7a863d098dd94363c540adb0abc7f8ea0f5da0c6b,True,False,822,27.4,27.066666666666666,27.4,0.018695712954725635,0.07464272043843495,1.0681113041301653,6.56118700530627,0.012916327346334673,0.11467900561756784,0.0,0.0,99.87834549878345,9.241054009194482,100.91121558399897,0.8816995369905014,1.6961387998451312,,False,0.2813797169755414,0.1344292711887612,116,,0.0,3.4063660982817305e-15,0.0,0.0,0.0,acceleration_scale,0.5
iros_docking,vp,"VP (adaptive, clipping)",0,b6743a1a97907617f7ecc6a0e21da448b193bfd1411122c1274e0902673eab07,True,False,421,14.033333333333333,13.7,14.033333333333333,0.01875326146772088,0.11691578291182048,17.313140796549927,72.954505594858,0.01598795012212484,0.5590969967959679,0.0,0.0,100.0,9.746850008657933,71.89104329985196,0.7043700034511841,1.6361897819042752,,False,0.3102267278808133,0.6,0,,0.0,9.86864910777917e-16,0.0,0.0,0.0,acceleration_scale,0.75
iros_docking,dwvp,DWVP (adaptive),0,d4864c33e55db11809a67263020467f0e69ea0cb3ab28527b1c1b48342f148a7,True,False,534,17.8,17.433333333333334,17.8,0.006272781094098162,0.0533745830743112,17.40107874661327,90.44644072750043,0.016063807930598528,0.4464407275004267,0.0,0.0,99.625468164794,4.199625436149021,76.98753646270252,1.8806222999954074,4.598444793172223,,False,0.23478383824717672,0.6,81,,0.0,9.86864910777917e-16,0.0,0.0,0.0,acceleration_scale,0.75
iros_curve,vp,"VP (adaptive, clipping)",0,bd47245781deae26f6808bf66a8c51c10f5ce9e258cab4a3a11ab2bde5cbc533,True,False,692,23.066666666666666,22.733333333333334,23.066666666666666,0.023704729654649082,0.12306463581963376,30.63055691460566,109.362364064236,0.01584448514432602,0.28859875495265264,0.0,0.0,99.71098265895954,18.099982685552753,103.54709427139673,1.0696927970757018,4.41441775854981,,False,0.31055394769065087,0.6,0,,0.0,9.86864910777917e-16,0.0,0.0,0.0,acceleration_scale,0.75
iros_curve,dwvp,DWVP (adaptive),0,39229f21b9bfaa695218c2a85fb013837b0c2d1c23ec11258c70d5fd13189b37,True,False,936,31.2,30.866666666666667,31.2,0.019532436225610097,0.07488832993665455,16.95296229443488,67.07171312033829,0.01561596294025309,0.3126590625636083,0.0,0.0,99.78632478632478,1.1306095419912656,33.10113774354968,3.6425348193496703,7.890483008079697,,False,0.2398712681179176,0.6,138,,0.0,9.86864910777917e-16,0.0,0.0,0.0,acceleration_scale,0.75
constant_heading_corner,vp,"VP (adaptive, clipping)",0,6f81da7891691313423ce42046bafc6365af3f34ac457f5da2da6db669772c19,True,False,406,13.533333333333333,13.299999999999999,13.533333333333333,0.011532151425279056,0.11353905473078152,0.0,0.0,0.016220828043929436,0.0,0.0,0.0,99.75369458128078,2.4689413393517943,25.659321451226457,0.6296917276601254,0.0,,False,0.23932318195839938,0.0,0,,0.0,8.410780489584519e-16,0.0,0.0,0.0,acceleration_scale,0.75
constant_heading_corner,dwvp,DWVP (adaptive),0,a6b9e62aa15e18ca11c926a0be92cdbf7798755c07225f2d3418c75621288e1f,True,False,408,13.6,13.366666666666667,13.6,0.018602295767315334,0.1325120026721156,0.0,0.0,0.015689617247930804,0.0,0.0,0.0,99.75490196078431,0.22423790663744528,15.80096755870892,1.3625431505602494,0.0,,False,0.23913875067346724,0.0,14,,0.0,8.410780489584519e-16,0.0,0.0,0.0,acceleration_scale,0.75
independent_heading_curve,vp,"VP (adaptive, clipping)",0,0a0028324889cfff8edebb195512dfc5fd9e264532aefccab1c2055350b584b2,True,False,745,24.833333333333332,24.6,24.833333333333332,0.028937629529016497,0.08799312628363587,1.5933646581447216,7.719047286029192,0.016179127348034245,1.5025433937320216e-07,0.0,0.0,99.86577181208054,16.909406034784645,100.94287736326477,1.682103899287767,2.3987945035797904,,False,0.28433212947218395,0.25588673908876863,0,,0.0,8.410780489584519e-16,0.0,6.938893903907228e-18,0.0,acceleration_scale,0.75
independent_heading_curve,dwvp,DWVP (adaptive),0,700e18d0555ea85aa87ffb698ae9ed67104faa30d6e869e7b287a312be485c95,True,False,802,26.733333333333334,26.5,26.733333333333334,0.02092643229265302,0.07500141748927686,0.8082664517006848,3.850799081520256,0.015103386939316456,0.11399056703900247,0.0,0.0,99.87531172069825,6.569854518846043,97.57721321622691,2.9670302362692302,5.033743855982453,,False,0.2808744623057468,0.1351962911454592,98,,0.0,8.410780489584519e-16,0.0,0.0,0.0,acceleration_scale,0.75
iros_docking,vp,"VP (adaptive, clipping)",0,85394f97b9383972e63a60850fb127adb056e8c8313ea32be65f1cc4b4d33f90,True,False,403,13.433333333333334,13.133333333333333,13.433333333333334,0.021217799659310865,0.13402729563337556,17.219910816343877,71.09239276068283,0.01739440222476084,0.5544966625427025,0.0,0.0,99.75186104218362,8.973059394116568,69.5163664628127,0.9167077668747637,2.136477761493806,,False,0.31091856479686314,0.6,0,,0.0,1.5139404881252135e-15,0.0,0.0,0.0,acceleration_scale,1.0
iros_docking,dwvp,DWVP (adaptive),0,b2988a75440105463150a5adf6b8a7b09d16cce91dc9540b2ed417379903d043,True,False,515,17.166666666666668,16.866666666666667,17.166666666666668,0.00639564821806866,0.05386729319380845,17.03320264315122,90.51731780181379,0.016714671007897117,0.5173178018137844,0.0,0.0,99.80582524271846,3.703815676953524,75.7710108926957,2.767969725686826,7.267987312548924,,False,0.24006944886134068,0.6,53,,0.0,9.251858538542972e-16,0.0,0.0,0.0,acceleration_scale,1.0
iros_curve,vp,"VP (adaptive, clipping)",0,1ee7c1c86428a5df20c401321a366ca14c65b07f4d18b2f500ec8a3d6227f342,True,False,660,22.0,21.833333333333332,22.0,0.025518519597956965,0.1259458413746069,30.07314612655557,104.83465057814587,0.017130337428266456,0.7429008105435685,0.0,0.0,99.84848484848486,17.129259697321846,82.20941303887678,2.721961160788129,5.995476018723361,,False,0.31097883316176816,0.6,0,,0.0,1.5139404881252135e-15,0.0,6.938893903907228e-18,0.0,acceleration_scale,1.0
iros_curve,dwvp,DWVP (adaptive),0,160af5da1aef5a1200c93896cd082b81d58aa1a020ea9119c4125f81dd347f3e,True,False,910,30.333333333333332,30.03333333333333,30.333333333333332,0.020088341696591114,0.07944566040081291,17.369657647913954,67.53646641292156,0.01735794388817442,0.3623156144115349,0.0,0.0,99.78021978021978,1.5846958871913066,44.97718939807904,5.336931877059415,10.776566790290591,,False,0.24899253017509226,0.6,123,,0.0,9.251858538542972e-16,0.0,0.0,0.0,acceleration_scale,1.0
constant_heading_corner,vp,"VP (adaptive, clipping)",0,2d3476c8488c37970ee40c6b7863c953545ac26e78327c1f750510393d73445f,True,False,394,13.133333333333333,12.966666666666667,13.133333333333333,0.012951579653984394,0.127388795041538,0.0,0.0,0.017158005529411824,0.0,0.0,0.0,99.74619289340102,2.072543290850752,19.9041281562489,0.8112654465838396,0.0,,False,0.25665330114481183,0.0,0,,0.0,1.5139404881252135e-15,0.0,0.0,0.0,acceleration_scale,1.0
constant_heading_corner,dwvp,DWVP (adaptive),0,389b6015efbedcbc064873a217e9527e298ba981f820829ee6d1f7b92f42272b,True,False,406,13.533333333333333,13.366666666666667,13.533333333333333,0.016621902715228638,0.12091831428536448,0.0,0.0,0.017419504885412985,0.0,0.0,0.0,99.75369458128078,0.26603812791403364,18.0379869306816,2.782209685525086,0.0,,False,0.23834042677044504,0.0,21,,0.0,1.261617073437678e-16,0.0,0.0,0.0,acceleration_scale,1.0
independent_heading_curve,vp,"VP (adaptive, clipping)",0,a0d3cff872054ead7f981fcf443b4216c39ee04b727092da5a8dceb35c74f06f,True,False,703,23.433333333333334,23.266666666666666,23.433333333333334,0.03185118457166889,0.10172741934801466,1.4476512724099846,8.354420698027772,0.0167257443324994,1.4099612636202364e-07,0.0,0.0,99.85775248933145,14.858539055920609,95.54896794358457,1.7988139365025455,2.217374271168319,,False,0.28394276703408294,0.2701107735834142,0,,0.0,1.5139404881252135e-15,0.0,6.938893903907228e-18,0.0,acceleration_scale,1.0
independent_heading_curve,dwvp,DWVP (adaptive),0,bc2f5663d06a6e69d461207a20d8771755b695ab91393ed68f1103d8161b4415,True,False,784,26.133333333333333,25.966666666666665,26.133333333333333,0.02113494165593897,0.07694395546283858,0.7713231683933562,3.5733032212808213,0.01677478498719199,0.11531073403881274,0.0,0.0,99.87244897959184,5.602606123064017,95.56531534589465,4.735881395325191,8.37007171459908,,False,0.28065773310915393,0.13500211798183837,83,,0.0,1.5139404881252135e-15,0.0,0.0,0.0,acceleration_scale,1.0
iros_docking,vp,"VP (adaptive, clipping)",0,2dd65de17b71c70625a6df5ce479044a159a8609aad4882579a447c442d017c0,True,False,386,12.866666666666667,12.633333333333333,12.866666666666667,0.024327618849744534,0.1529021778624432,18.473915257139932,90.54500963152677,0.01719308892041211,0.5450096315267664,0.0,0.0,99.74093264248705,7.947649816602193,65.04328222287535,1.3231360114698807,3.165518976325894,,False,0.3007458488485394,0.6,0,,0.0,9.86864910777917e-16,0.0,0.0,0.0,acceleration_scale,1.5
iros_docking,dwvp,DWVP (adaptive),0,fd05936bb44f119eef0ce5f920f85e0c6a5b038e7fe8f40a79b49279c7b95bf2,True,False,494,16.466666666666665,16.2,16.466666666666665,0.006544293296464556,0.05389894381285543,16.622823954890325,90.57195382745883,0.01820042684956669,0.5719538274587825,0.0,0.0,99.59514170040485,3.2813966723561965,72.59045578127683,4.5518824769803725,12.804000463695369,,False,0.24664153680937995,0.6,36,,0.0,9.86864910777917e-16,0.0,0.0,0.0,acceleration_scale,1.5
iros_curve,vp,"VP (adaptive, clipping)",0,9bdf1b0bc2234d124e3550247b6f93f995d9e9c4352cc6f70de2c92426bc3efd,True,False,649,21.633333333333333,21.5,21.633333333333333,0.026820473504074575,0.12999627773168468,29.95128944739515,104.56460110774245,0.018015642613675113,0.0016476753434584226,0.0,0.0,99.84591679506933,14.239332567672152,60.890291019951704,4.9521313407176555,8.805696478474635,,False,0.31098509275599917,0.6,0,,0.0,9.86864910777917e-16,0.0,0.0,0.0,acceleration_scale,1.5
iros_curve,dwvp,DWVP (adaptive),0,71cd021f18626252885823b261f206797cbc67fa5441e5b2d3dfb1cf97ae58f7,True,False,905,30.166666666666668,29.933333333333334,30.166666666666668,0.020409827264128187,0.07540075521270544,17.61200094746756,65.97189393419725,0.017646755713428518,0.42876040073727595,0.0,0.0,99.77900552486187,2.051220671497792,55.30219801390816,8.272454514933923,15.83477403598209,,False,0.2591570080994455,0.6,103,,0.0,9.86864910777917e-16,0.0,0.0,0.0,acceleration_scale,1.5
constant_heading_corner,vp,"VP (adaptive, clipping)",0,bf9181f336deb184f4e5001a438721fca27b60a3d4942b09a99d56338c8c1ce5,True,False,383,12.766666666666666,12.633333333333333,12.766666666666666,0.014558194635042,0.14019551209684167,0.0,0.0,0.018074089140680982,0.0,0.0,0.0,99.73890339425587,1.6537667429059542,10.982595099720724,1.2415401788556228,0.0,,False,0.2854607273495137,0.0,0,,0.0,8.410780489584519e-16,0.0,0.0,0.0,acceleration_scale,1.5
constant_heading_corner,dwvp,DWVP (adaptive),0,d2ad2d2e194db81f8adaf365c794e40b4f7ce0357a57f90ab8c2de59bfd98a27,True,False,432,14.4,14.266666666666666,14.4,0.008889158041109645,0.07044367889192749,0.0,0.0,0.01801749111092765,0.0,0.0,0.0,99.76851851851852,0.5531354653049821,22.55454869990084,7.509913360762103,0.0,,False,0.2252026074592974,0.0,30,,0.0,8.410780489584519e-16,0.0,0.0,0.0,acceleration_scale,1.5
independent_heading_curve,vp,"VP (adaptive, clipping)",0,f9e7141454f895c88e7a3b03c261961f40681c10e5511403f1090b77bb7bd23f,True,False,662,22.066666666666666,21.933333333333334,22.066666666666666,0.03545982757834565,0.11935735644912743,1.2420988531303583,9.43795552231764,0.01825829028000679,1.5583646728354515e-07,0.0,0.0,99.8489425981873,12.687764504097293,89.30485127973951,2.769760010323256,2.6409538445276395,,False,0.28482237762714535,0.2839658121930834,0,,0.0,8.410780489584519e-16,0.0,6.938893903907228e-18,0.0,acceleration_scale,1.5
independent_heading_curve,dwvp,DWVP (adaptive),0,3a82917edfd67e3f5e39c407dba9fa62372fed20ec0048530bd6cf699149a801,True,False,764,25.466666666666665,25.333333333333332,25.466666666666665,0.021487225236774866,0.07948281056947991,0.7754886847593652,3.6015548123854617,0.018308523167498425,0.11665349260503655,0.0,0.0,99.86910994764398,5.216433865641758,92.87947514243174,8.102154016836714,14.147451682284709,,False,0.2818025495094755,0.13712254238121457,68,,0.0,8.410780489584519e-16,0.0,0.0,0.0,acceleration_scale,1.5
iros_docking,vp,"VP (adaptive, clipping)",0,de4ccc9283d4967a4a67ae55e4e09971c45caae742dfd75b9349615880a7979e,True,False,380,12.666666666666666,12.466666666666667,12.666666666666666,0.02583473998989419,0.16171774017553642,17.92453179150631,90.53518991156427,0.018404480288358085,0.5351899115643264,0.0,0.0,99.73684210526315,7.221602846811746,60.57794963950111,1.7573595193678546,4.188022600038218,,False,0.2883819265182935,0.6,0,,0.0,9.251858538542972e-16,0.0,0.0,0.0,acceleration_scale,2.0
iros_docking,dwvp,DWVP (adaptive),0,e069e5985a0f001c653f94f667e003a572e33f5f6c4c8ddc995ec6519954afaf,True,False,483,16.1,15.866666666666667,16.1,0.006718567092603314,0.05440657217573308,16.48560357329351,90.56307214003743,0.01875514329284667,0.5630721400374311,0.0,0.0,99.58592132505176,3.2329609936696406,69.8128502698976,6.48571083976857,18.549594033848358,,False,0.24927276599021442,0.6,33,,0.0,9.251858538542972e-16,0.0,0.0,0.0,acceleration_scale,2.0
iros_curve,vp,"VP (adaptive, clipping)",0,885a9a9f096a4f38de466a7e19f1b73f1125f2830c7832effd86ec27e4a95b3e,True,False,644,21.466666666666665,21.366666666666667,21.466666666666665,0.02734778510871949,0.13362513169682327,29.736643301729625,103.88302114315464,0.018523295068023676,0.0004878031369684346,0.0,0.0,99.84472049689441,13.649759176434639,51.91675865813826,7.216942616397404,10.535890138706096,,False,0.31022035351888305,0.6,0,,0.0,9.251858538542972e-16,0.0,6.938893903907228e-18,0.0,acceleration_scale,2.0
iros_curve,dwvp,DWVP (adaptive),0,607783817d14b0a655a4db273429ca383c91a879182ac55f6897c4a9ecf23c84,True,False,915,30.5,30.3,30.5,0.02012348121959474,0.07356474246034367,17.544582568990386,65.41681935211683,0.018744448425769385,0.49653380201604774,0.0,0.0,99.78142076502732,2.8621887473756655,116.15036227188601,10.701090861177192,20.71688554202079,,False,0.2646736642519798,0.6,94,,0.0,9.251858538542972e-16,0.0,0.0,0.0,acceleration_scale,2.0
constant_heading_corner,vp,"VP (adaptive, clipping)",0,f43f89581aee47fb21b585bc25f7eb832288fe2aac4eaee206680f67b8270577,True,False,377,12.566666666666666,12.466666666666667,12.566666666666666,0.01536218943246676,0.14666666666666664,0.0,0.0,0.019097033784345574,0.0,0.0,0.0,99.73474801061008,1.4925756734246116,8.399652122133025,1.5959691386929282,0.0,,False,0.30415971490664195,0.0,0,,0.0,1.261617073437678e-16,0.0,0.0,0.0,acceleration_scale,2.0
constant_heading_corner,dwvp,DWVP (adaptive),0,66fa9da0e82ee987f1be102d7d2bf998527629a3ab5051b36e2a76383ec95cd3,True,False,392,13.066666666666666,12.966666666666667,13.066666666666666,0.017951944090982178,0.13064374820359503,0.0,0.0,0.017973937477706217,0.0,0.0,0.0,99.74489795918367,0.2317683367011358,20.47875351582307,6.200743075374938,0.0,,False,0.25617222646405935,0.0,15,,0.0,1.261617073437678e-16,0.0,0.0,0.0,acceleration_scale,2.0
independent_heading_curve,vp,"VP (adaptive, clipping)",0,7066756fa3a1a1e592d12ba032a1bdc79a1666d2f04eb37bd8abc5c5d65d72a0,True,False,641,21.366666666666667,21.266666666666666,21.366666666666667,0.037493510344003056,0.13147178420360373,1.190771868158943,9.942374876433714,0.01858843844433262,1.52484747871344e-07,0.0,0.0,99.84399375975039,11.502961358852756,88.15421498622048,3.7092864157531946,3.4066592326944245,,False,0.2822717433970514,0.2996905433001618,0,,0.0,1.8503717077085943e-16,0.0,0.0,0.0,acceleration_scale,2.0
independent_heading_curve,dwvp,DWVP (adaptive),0,cb1ab3a3c7409c449debb1f93f74518b6eade7d7c382eb41aad21fe14451011b,True,False,756,25.2,25.1,25.2,0.02137246413881481,0.08103563880985533,0.8001422057856368,3.662305577582884,0.018068562578181173,0.11550685670574491,0.0,0.0,99.86772486772487,5.376942349924817,93.52473264289671,11.876757811465092,20.576673548293435,,False,0.2871464637832447,0.13990253851861703,68,,0.0,1.8503717077085943e-16,0.0,0.0,0.0,acceleration_scale,2.0
iros_docking,vp,"VP (adaptive, clipping)",0,df62c2d88d8cb75583527f4bab45a99d4f7b03ab722b9005560886c05e7ab1a6,True,False,412,13.733333333333333,13.433333333333334,13.733333333333333,0.020036010594906114,0.10466304941734762,13.781238499562592,65.89702401078041,0.01635604533551727,0.5545305748404918,0.0,0.0,100.0,9.394322487043377,69.57592860429529,0.8137016140546206,2.1014625710876134,,False,0.29110571944939523,0.6,0,,0.0,3.4063660982817305e-15,0.0,0.0,0.0,lateral_acceleration,0.11
iros_docking,dwvp,DWVP (adaptive),0,cdbf9847258f91f79bf5bf37d2cf9823f746d019db3a5eefea91ac09f9e9a157,True,False,517,17.233333333333334,16.9,17.233333333333334,0.006453180056389684,0.053994597012997914,17.02149555765186,90.5266546135163,0.015187526297282882,0.5266546135163457,0.0,0.0,99.61315280464217,3.7664069738501342,75.7710108926957,2.7404177506171985,7.400633038574802,,False,0.237368155617394,0.6,55,,0.0,9.251858538542972e-16,0.0,0.0,0.0,lateral_acceleration,0.11
iros_curve,vp,"VP (adaptive, clipping)",0,02bc2fc4eda2749baabe7061d8189461f37bca5db230c0c1279be41e6f5850a2,True,False,702,23.4,23.233333333333334,23.4,0.025901976099437184,0.11218179101453254,27.538677152378046,100.13531929425659,0.016594373591663485,0.7884880734877364,0.0,0.0,99.85754985754986,17.07960176185396,82.7727469297438,2.889875409830558,5.856200170602091,,False,0.31013245973699305,0.6,0,,0.0,3.4063660982817305e-15,0.0,6.938893903907228e-18,0.0,lateral_acceleration,0.11
iros_curve,dwvp,DWVP (adaptive),0,3768937715d78305f4937f4b9b81e70c0ff1c6f7e846cc2e8f1451bc01178ec8,True,False,931,31.03333333333333,30.733333333333334,31.03333333333333,0.0192402980106954,0.07254315601943963,17.11281436300883,68.98508171734184,0.016217266680526716,0.3616803456715422,0.0,0.0,99.78517722878625,1.0809550526613538,28.655648052625335,4.267380985849942,10.392691359693963,,False,0.24681579491738134,0.6,129,,0.0,1.5139404881252135e-15,0.0,0.0,0.0,lateral_acceleration,0.11
constant_heading_corner,vp,"VP (adaptive, clipping)",0,b3b5cee1c57a8c11c3bb011f035940dcc6deb711d288668221f3051fc9c0dd67,True,False,414,13.799999999999999,13.466666666666667,13.799999999999999,0.009116071311912704,0.09149136907737632,0.0,0.0,0.014356019565366251,0.0,0.0,0.0,99.7584541062802,3.217805444179461,32.52451788017123,0.7725073193464104,0.0,,False,0.225909519744324,0.0,0,,0.0,3.4063660982817305e-15,0.0,0.0,0.0,lateral_acceleration,0.11
constant_heading_corner,dwvp,DWVP (adaptive),0,8a7cbda699eb1de616394312f6c15de66efdfbdc4df2efc974464271a6aa96c3,True,False,430,14.333333333333334,14.0,14.333333333333334,0.013209289123465317,0.09503775822859717,0.0,0.0,0.014004721537791342,0.0,0.0,0.0,99.76744186046511,0.41934759985874714,18.96082708422424,3.0009068730388244,0.0,,False,0.22357831401599382,0.0,27,,0.0,3.4063660982817305e-15,0.0,0.0,0.0,lateral_acceleration,0.11
independent_heading_curve,vp,"VP (adaptive, clipping)",0,e216b665252776ea14e601030d9d0a9bb3419dc2c2df02dae2ddab06048bc1ff,True,False,777,25.9,25.733333333333334,25.9,0.028405712154912464,0.10103312435483593,1.672309776021311,8.15420552537541,0.01752463561759692,1.618802845114494e-07,0.0,0.0,99.87129987129987,19.485482366064282,113.15301105420711,0.8914099725416834,2.7509763685063557,,False,0.2874742008552278,0.26694021135932516,0,,0.0,3.4063660982817305e-15,0.0,6.938893903907228e-18,0.0,lateral_acceleration,0.11
independent_heading_curve,dwvp,DWVP (adaptive),0,ef95eedfd3b937b5eee7f09f600803b3a3a2ca47b718d9ea53b9627027ba139f,True,False,776,25.866666666666667,25.633333333333333,25.866666666666667,0.018247875293662244,0.10636043976402486,1.0371700396332264,8.21466847811544,0.015155989829533801,0.12027722716999226,0.0,0.0,100.0,7.611224337013529,105.3275975562283,2.498214239028744,3.531834220383371,,False,0.2814334437516468,0.14904520185143408,121,,0.0,3.4063660982817305e-15,0.0,0.0,0.0,lateral_acceleration,0.11
iros_docking,vp,"VP (adaptive, clipping)",0,85394f97b9383972e63a60850fb127adb056e8c8313ea32be65f1cc4b4d33f90,True,False,403,13.433333333333334,13.133333333333333,13.433333333333334,0.021217799659310865,0.13402729563337556,17.219910816343877,71.09239276068283,0.01739440222476084,0.5544966625427025,0.0,0.0,99.75186104218362,8.973059394116568,69.5163664628127,0.9167077668747637,2.136477761493806,,False,0.31091856479686314,0.6,0,,0.0,1.5139404881252135e-15,0.0,0.0,0.0,lateral_acceleration,0.22
iros_docking,dwvp,DWVP (adaptive),0,b2988a75440105463150a5adf6b8a7b09d16cce91dc9540b2ed417379903d043,True,False,515,17.166666666666668,16.866666666666667,17.166666666666668,0.00639564821806866,0.05386729319380845,17.03320264315122,90.51731780181379,0.016714671007897117,0.5173178018137844,0.0,0.0,99.80582524271846,3.703815676953524,75.7710108926957,2.767969725686826,7.267987312548924,,False,0.24006944886134068,0.6,53,,0.0,9.251858538542972e-16,0.0,0.0,0.0,lateral_acceleration,0.22
iros_curve,vp,"VP (adaptive, clipping)",0,1ee7c1c86428a5df20c401321a366ca14c65b07f4d18b2f500ec8a3d6227f342,True,False,660,22.0,21.833333333333332,22.0,0.025518519597956965,0.1259458413746069,30.07314612655557,104.83465057814587,0.017130337428266456,0.7429008105435685,0.0,0.0,99.84848484848486,17.129259697321846,82.20941303887678,2.721961160788129,5.995476018723361,,False,0.31097883316176816,0.6,0,,0.0,1.5139404881252135e-15,0.0,6.938893903907228e-18,0.0,lateral_acceleration,0.22
iros_curve,dwvp,DWVP (adaptive),0,160af5da1aef5a1200c93896cd082b81d58aa1a020ea9119c4125f81dd347f3e,True,False,910,30.333333333333332,30.03333333333333,30.333333333333332,0.020088341696591114,0.07944566040081291,17.369657647913954,67.53646641292156,0.01735794388817442,0.3623156144115349,0.0,0.0,99.78021978021978,1.5846958871913066,44.97718939807904,5.336931877059415,10.776566790290591,,False,0.24899253017509226,0.6,123,,0.0,9.251858538542972e-16,0.0,0.0,0.0,lateral_acceleration,0.22
constant_heading_corner,vp,"VP (adaptive, clipping)",0,2d3476c8488c37970ee40c6b7863c953545ac26e78327c1f750510393d73445f,True,False,394,13.133333333333333,12.966666666666667,13.133333333333333,0.012951579653984394,0.127388795041538,0.0,0.0,0.017158005529411824,0.0,0.0,0.0,99.74619289340102,2.072543290850752,19.9041281562489,0.8112654465838396,0.0,,False,0.25665330114481183,0.0,0,,0.0,1.5139404881252135e-15,0.0,0.0,0.0,lateral_acceleration,0.22
constant_heading_corner,dwvp,DWVP (adaptive),0,389b6015efbedcbc064873a217e9527e298ba981f820829ee6d1f7b92f42272b,True,False,406,13.533333333333333,13.366666666666667,13.533333333333333,0.016621902715228638,0.12091831428536448,0.0,0.0,0.017419504885412985,0.0,0.0,0.0,99.75369458128078,0.26603812791403364,18.0379869306816,2.782209685525086,0.0,,False,0.23834042677044504,0.0,21,,0.0,1.261617073437678e-16,0.0,0.0,0.0,lateral_acceleration,0.22
independent_heading_curve,vp,"VP (adaptive, clipping)",0,a0d3cff872054ead7f981fcf443b4216c39ee04b727092da5a8dceb35c74f06f,True,False,703,23.433333333333334,23.266666666666666,23.433333333333334,0.03185118457166889,0.10172741934801466,1.4476512724099846,8.354420698027772,0.0167257443324994,1.4099612636202364e-07,0.0,0.0,99.85775248933145,14.858539055920609,95.54896794358457,1.7988139365025455,2.217374271168319,,False,0.28394276703408294,0.2701107735834142,0,,0.0,1.5139404881252135e-15,0.0,6.938893903907228e-18,0.0,lateral_acceleration,0.22
independent_heading_curve,dwvp,DWVP (adaptive),0,bc2f5663d06a6e69d461207a20d8771755b695ab91393ed68f1103d8161b4415,True,False,784,26.133333333333333,25.966666666666665,26.133333333333333,0.02113494165593897,0.07694395546283858,0.7713231683933562,3.5733032212808213,0.01677478498719199,0.11531073403881274,0.0,0.0,99.87244897959184,5.602606123064017,95.56531534589465,4.735881395325191,8.37007171459908,,False,0.28065773310915393,0.13500211798183837,83,,0.0,1.5139404881252135e-15,0.0,0.0,0.0,lateral_acceleration,0.22
iros_docking,vp,"VP (adaptive, clipping)",0,4a0929aaf34313a594653f99bba5dcd86a725f001ae4337ec19d111b5b9c9966,True,False,396,13.2,12.9,13.2,0.023628381048518936,0.15346247295923088,18.847912291378552,79.60236792977389,0.01752667851383843,0.5544127474208408,0.0,0.0,99.74747474747475,9.499204617122125,69.48377333496971,1.299881625993155,2.190930247020874,,False,0.31096839836818685,0.6,0,,0.0,1.5139404881252135e-15,0.0,0.0,0.0,lateral_acceleration,0.44
iros_docking,dwvp,DWVP (adaptive),0,098331deb5673ff83b997acea3c72d2716818af0654702e4ccf969e95e36abb0,True,False,515,17.166666666666668,16.866666666666667,17.166666666666668,0.006412087672581262,0.05386729319380845,17.03320264315122,90.51731780181379,0.017988191806252905,0.5173178018137844,0.0,0.0,99.80582524271846,3.663938725911276,75.7710108926957,2.83376713117485,7.267987312548924,,False,0.24006944886134068,0.6,53,,0.0,9.251858538542972e-16,0.0,0.0,0.0,lateral_acceleration,0.44
iros_curve,vp,"VP (adaptive, clipping)",0,874103e6fb80728a5f714835251055a3a4b4b9e6ea493f6555b4ad7d8ce8613c,True,False,631,21.03333333333333,20.866666666666667,21.03333333333333,0.027734843752967007,0.1345593638062708,33.38774330936009,114.56806012733279,0.01758525713959118,0.7883839959564449,0.0,0.0,99.84152139461173,18.25821080106515,82.90049649381506,2.706981460540052,5.983692296723175,,False,0.31037769001774185,0.6,0,,0.0,1.5139404881252135e-15,0.0,6.938893903907228e-18,0.0,lateral_acceleration,0.44
iros_curve,dwvp,DWVP (adaptive),0,a7fad8fa05a80ab23961b8d09159a8af7983b1ab4fece8a89709019904e2c58f,True,False,916,30.53333333333333,30.233333333333334,30.53333333333333,0.020046955424205436,0.07593954820688661,17.273375588457633,66.97841224103917,0.016764193548963583,0.36060923074071205,0.0,0.0,99.78165938864629,1.8044529217030933,89.30840342713351,7.405607451702582,10.566975971952541,,False,0.24899253017509226,0.6,119,,0.0,9.251858538542972e-16,0.0,0.0,0.0,lateral_acceleration,0.44
constant_heading_corner,vp,"VP (adaptive, clipping)",0,aadb175372d995833be442c8065fa6ff023b08457621ac47b496d2d154b8e69d,True,False,384,12.8,12.7,12.8,0.015258179800601237,0.14666666666666664,0.0,0.0,0.019094683092397924,0.0,0.0,0.0,99.73958333333334,1.4138460471132854,6.586481601020257,1.3647774277229432,0.0,,False,0.3064880317080049,0.0,0,,0.0,1.5139404881252135e-15,0.0,0.0,0.0,lateral_acceleration,0.44
constant_heading_corner,dwvp,DWVP (adaptive),0,b0242269f95c13ca4fcd6bebbfba55650628e0570e657cf9f38a3f7e6e0184e7,True,False,387,12.9,12.8,12.9,0.02115557610949886,0.1499577374356892,0.0,0.0,0.01900575223397721,0.0,0.0,0.0,99.74160206718346,0.09448881482316736,11.113886125119308,2.7506010791588573,0.0,,False,0.2905138548830619,0.0,14,,0.0,6.308085367188389e-16,0.0,0.0,0.0,lateral_acceleration,0.44
independent_heading_curve,vp,"VP (adaptive, clipping)",0,bddfb7ad94146b3592db5bb542598d479f36745a70ea9ddba748c441778a8228,True,False,666,22.2,22.03333333333333,22.2,0.033817819868382955,0.12062153519692645,1.2119630618593993,8.710209719969955,0.016728059456537433,1.4102742302008925e-07,0.0,0.0,99.84984984984985,12.861481170624014,89.71073672737577,3.7803735723090828,2.1019727673273896,,False,0.2829371107664471,0.28162221824327366,0,,0.0,9.251858538542972e-16,0.0,6.938893903907228e-18,0.0,lateral_acceleration,0.44
independent_heading_curve,dwvp,DWVP (adaptive),0,27dceb97ad5d645f9d22b76979d791c3d240bdc5cf060edb858e774dce3b1974,True,False,770,25.666666666666668,25.5,25.666666666666668,0.02121214354020105,0.08073984110657731,0.7370253821091267,3.1099762650658667,0.017721135958345086,0.1157842560239792,0.0,0.0,99.87012987012987,5.141954019780387,90.47071428448427,8.743752504502746,9.841527523689948,,False,0.28023831116621084,0.13840691781605013,71,,0.0,1.5139404881252135e-15,0.0,0.0,0.0,lateral_acceleration,0.44
constant_heading_corner,vp,"VP (adaptive, clipping)",0,662da7737105523c7a8a03a1ad347c203be9ae0edaaa916708008a9ef8f93577,True,False,394,13.133333333333333,12.966666666666667,13.133333333333333,0.012951579653984394,0.127388795041538,0.0,0.0,0.017158005529411824,0.0,0.0,0.0,99.74619289340102,2.072543290850752,19.9041281562489,0.8112654465838396,0.0,0.11388012453702553,False,0.25665330114481183,0.0,0,,0.0,1.5139404881252135e-15,0.0,0.0,0.0,cost_scaling_dist,0.2
constant_heading_corner,dwvp,DWVP (adaptive),0,2fb0b0338e287f8837728fa42c94ee037c369db28a6ffbd473fc314bdb879198,True,False,406,13.533333333333333,13.366666666666667,13.533333333333333,0.016621902715228638,0.12091831428536448,0.0,0.0,0.017419504885412985,0.0,0.0,0.0,99.75369458128078,0.26603812791403364,18.0379869306816,2.782209685525086,0.0,0.1272055484669012,False,0.23834042677044504,0.0,21,,0.0,1.261617073437678e-16,0.0,0.0,0.0,cost_scaling_dist,0.2
constant_heading_corner,vp,"VP (adaptive, clipping)",0,56467bbb4b1f4b743d0832621e87d9d00fc812620e62d94b032de3e77195c755,True,False,416,13.866666666666667,13.7,13.866666666666667,0.011093563473624113,0.11706014658402264,0.0,0.0,0.017450549407589944,0.0,0.0,0.0,99.75961538461539,2.196715140600713,25.79430910243597,0.7748533755119797,0.0,0.10885023807611047,False,0.24947945957360315,0.0,0,0.14749735281083784,0.0,1.5139404881252135e-15,0.0,0.0,0.0,cost_scaling_dist,0.4
constant_heading_corner,dwvp,DWVP (adaptive),0,f05193b5a3e74897545b356aee9d47373c45252465d1c57a2643a344cfda2b90,True,False,422,14.066666666666666,13.9,14.066666666666666,0.015451394428038268,0.11798710049271777,0.0,0.0,0.017645130230275648,0.0,0.0,0.0,99.76303317535546,0.21945198130229354,14.378924759727065,2.8100527142664737,0.0,0.12453033702524993,False,0.23643126131209496,0.0,18,0.1496536386011266,0.0,6.308085367188389e-16,0.0,0.0,0.0,cost_scaling_dist,0.4
constant_heading_corner,vp,"VP (adaptive, clipping)",0,78bea2de2f3d1a02ee0ae80fb8669b7f5120b54241d94c0ff142489d50c941c5,True,False,559,18.633333333333333,18.466666666666665,18.633333333333333,0.005728957833916424,0.09239999999999997,0.0,0.0,0.017434349586882836,0.0,0.0,0.0,99.82110912343471,1.6230195344814295,26.03949735556684,0.6721740979460439,0.0,0.10046004592344945,False,0.22283789624142997,0.0,0,0.1002903614128515,0.0,1.5139404881252135e-15,0.0,0.0,0.0,cost_scaling_dist,0.6
constant_heading_corner,dwvp,DWVP (adaptive),0,0b2ad375e283b1c4b3a99934336d2441cc9eb335bf0f8ca8441c95255d0e00b6,True,False,564,18.8,18.633333333333333,18.8,0.009149135246834741,0.09258797729763812,0.0,0.0,0.017475477253063632,0.0,0.0,0.0,99.822695035461,0.13925160211873988,15.400342907469932,2.5096901991890492,0.0,0.11010111847449996,False,0.21678294914865845,0.0,14,0.09964886824691992,0.0,1.261617073437678e-16,0.0,0.0,0.0,cost_scaling_dist,0.6
constant_heading_corner,vp,"VP (adaptive, clipping)",0,ea0517a2855a17b92d26772af19ff5f82419aab18a1f3c466b6b7476b3d14112,True,False,704,23.466666666666665,23.3,23.466666666666665,0.0031264013067792036,0.07403777835366887,0.0,0.0,0.017608663119429213,0.0,0.0,0.0,99.85795454545455,1.3447070576592095,23.273869244173124,0.5937966308427448,0.0,0.100003382457556,False,0.1796961421930282,0.0,0,0.07993359272289577,0.0,1.5139404881252135e-15,0.0,0.0,0.0,cost_scaling_dist,0.8
constant_heading_corner,dwvp,DWVP (adaptive),0,2f7706a3cf7da07b30df744f426f124057a4955fafd624d8e748d321381aae8f,True,False,722,24.066666666666666,23.9,24.066666666666666,0.00484495369555684,0.06447235623668668,0.0,0.0,0.01713609647585313,0.0,0.0,0.0,99.86149584487535,0.13125669080169325,19.469492002219077,2.5311116165807164,0.0,0.10287615437794947,False,0.16000543868662104,0.0,17,0.0787611393680677,0.0,1.5139404881252135e-15,0.0,0.0,0.0,cost_scaling_dist,0.8
constant_heading_corner,vp,"VP (adaptive, clipping)",0,d173532576a403436e8f7c6541d2e4f122a1128104bd67cf1b6049c6d3c25df9,True,False,1480,49.333333333333336,49.166666666666664,49.333333333333336,0.0012307021388854097,0.05296121376324624,0.0,0.0,0.017550939698109835,0.0,0.0,0.0,99.93243243243242,0.9489047037486388,35.63649140430444,0.500200758402517,0.0,0.1000000000000005,False,0.08066666666666665,0.0,0,0.038813602309859405,0.0,1.261617073437678e-16,0.0,1.3877787807814457e-17,0.0,cost_scaling_gain,0.25
constant_heading_corner,dwvp,DWVP (adaptive),0,d4630461ebf1164544b5b329b45c800f15ed2e050011863b620c11fac4b39d75,True,False,1483,49.43333333333333,49.266666666666666,49.43333333333333,0.003097115853399737,0.052050817263119865,0.0,0.0,0.017439048491734645,0.0,0.0,0.0,99.93256911665543,1.282874395253398e-07,1.2074182697257333e-06,0.44973890228137786,0.0,0.10051945713267238,False,0.08066666666666664,0.0,0,0.03853399854778874,0.0,1.261617073437678e-16,0.0,0.0,0.0,cost_scaling_gain,0.25
constant_heading_corner,vp,"VP (adaptive, clipping)",0,4eba9961c69a772ac1ae72e9349fe689acd0fadd8375804040715e22d618112b,True,False,957,31.9,31.733333333333334,31.9,0.0013653865572792008,0.05348154841704578,0.0,0.0,0.016896935134490754,0.0,0.0,0.0,99.89550679205851,1.0373325617392133,26.78068438918036,0.47594943981481425,0.0,0.10000000010340845,False,0.1361163164772432,0.0,0,0.060005986592423684,0.0,1.261617073437678e-16,0.0,0.0,0.0,cost_scaling_gain,0.5
constant_heading_corner,dwvp,DWVP (adaptive),0,d977b3fe42631ca52128925821c088cb14ab1a95f3eb1de027d180c74b5fe4a7,True,False,958,31.933333333333334,31.766666666666666,31.933333333333334,0.0036231456643350244,0.061482103046948865,0.0,0.0,0.016686390323739045,0.0,0.0,0.0,99.89561586638831,0.05102625593905286,21.335189351602757,1.3807179500252813,0.0,0.10097890729421796,False,0.10932411166110582,0.0,6,0.059673918027845524,0.0,1.261617073437678e-16,0.0,0.0,0.0,cost_scaling_gain,0.5
constant_heading_corner,vp,"VP (adaptive, clipping)",0,df5bbcb0d5885b69942527409d3f962f75d32fd4b388393ed567303bab670eb1,True,False,704,23.466666666666665,23.3,23.466666666666665,0.0031264013067792036,0.07403777835366887,0.0,0.0,0.017608663119429213,0.0,0.0,0.0,99.85795454545455,1.344707058282405,23.273869244173124,0.5937966308427443,0.0,0.100003382457556,False,0.17969614219302824,0.0,0,0.08050396721056079,0.0,1.5139404881252135e-15,0.0,0.0,0.0,cost_scaling_gain,0.75
constant_heading_corner,dwvp,DWVP (adaptive),0,a93dd9e84f6ed46b3438b91666aaa74636c4b43be3225070f3fea68a49ea4ff9,True,False,722,24.066666666666666,23.9,24.066666666666666,0.004844953695556843,0.06447235623668668,0.0,0.0,0.01713609647585313,0.0,0.0,0.0,99.86149584487535,0.1312566723624575,19.469492002219077,2.5311116165807204,0.0,0.10287615437794947,False,0.1600054386866211,0.0,17,0.07929893477319955,0.0,6.308085367188389e-16,0.0,0.0,0.0,cost_scaling_gain,0.75
constant_heading_corner,vp,"VP (adaptive, clipping)",0,78bea2de2f3d1a02ee0ae80fb8669b7f5120b54241d94c0ff142489d50c941c5,True,False,559,18.633333333333333,18.466666666666665,18.633333333333333,0.005728957833916424,0.09239999999999997,0.0,0.0,0.017434349586882836,0.0,0.0,0.0,99.82110912343471,1.6230195344814295,26.03949735556684,0.6721740979460439,0.0,0.10046004592344945,False,0.22283789624142997,0.0,0,0.1002903614128515,0.0,1.5139404881252135e-15,0.0,0.0,0.0,cost_scaling_gain,1.0
constant_heading_corner,dwvp,DWVP (adaptive),0,0b2ad375e283b1c4b3a99934336d2441cc9eb335bf0f8ca8441c95255d0e00b6,True,False,564,18.8,18.633333333333333,18.8,0.009149135246834741,0.09258797729763812,0.0,0.0,0.017475477253063632,0.0,0.0,0.0,99.822695035461,0.13925160211873988,15.400342907469932,2.5096901991890492,0.0,0.11010111847449996,False,0.21678294914865845,0.0,14,0.09964886824691992,0.0,1.261617073437678e-16,0.0,0.0,0.0,cost_scaling_gain,1.0
iros_docking,vp,"VP (adaptive, clipping)",0,452af5a551a80f0cb10f81d0244996010aff0de0aa6edef504607d8d9425e14d,True,False,352,11.733333333333333,9.8,11.733333333333333,0.030692405622513307,0.13402729563337556,14.22906088121185,71.09239276068283,0.006483952324957226,0.3097474858373845,0.0,0.0,99.43181818181817,23.586956736187933,152.2127589994048,1.6323724142837335,2.862765334433622,,False,0.31091856479686314,0.6,0,,0.0,1.5139404881252135e-15,0.0,0.0,0.0,approach_distance,0.0
iros_docking,dwvp,DWVP (adaptive),0,9be33401c158b5541d2a4fb38c70c8ce08653771bbdce66069b4d9ed4066d80a,True,False,464,15.466666666666667,15.133333333333333,15.466666666666667,0.007597896795289766,0.05386729319380845,14.879794110568001,70.25426695028824,0.00621530280801482,0.5613768044078871,0.0,0.0,99.78448275862068,9.51273069952943,88.844951347897,4.715367645351017,10.562129388567813,,False,0.24006944886134068,0.6,95,,0.0,9.251858538542972e-16,0.0,0.0,0.0,approach_distance,0.0
iros_curve,vp,"VP (adaptive, clipping)",0,de020d2380d89053b15d2e1eb37cee991dd8617ea284b7f7667ba332f35a2ead,True,False,624,20.8,19.466666666666665,20.8,0.030431689047850024,0.1259458413746069,28.87625893023804,104.83465057814587,0.0027371821545505693,0.062113968081565475,0.0,0.0,99.83974358974359,20.343078160336937,176.46376495885357,2.993184577921172,4.223692732039528,,False,0.31097883316176816,0.6,0,,0.0,1.5139404881252135e-15,0.0,0.0,0.0,approach_distance,0.0
iros_curve,dwvp,DWVP (adaptive),0,f4b090a09f20db46248fd3280f04bcce4a67cd8aec143aa4e462903238f1ba41,True,False,815,27.166666666666668,26.966666666666665,27.166666666666668,0.023557205459960474,0.07944566040081291,18.49932771433362,67.53646641292156,0.0033304117592021284,0.47925451132446617,0.0,0.0,99.87730061349693,5.596041586535424,149.26697568500933,6.221951900713989,12.066531754629112,,False,0.24899253017509226,0.6,169,,0.0,1.5139404881252135e-15,0.0,0.0,0.0,approach_distance,0.0
constant_heading_corner,vp,"VP (adaptive, clipping)",0,49cb519dd1bf75c15187cf7fcba7eb2bbc3c04ad0f4d6cb8f290feb10eb9f12c,True,False,363,12.1,8.5,12.1,0.02385280768843935,0.127388795041538,0.0,0.0,0.006866666666665688,0.0,0.0,0.0,99.72451790633609,22.606368973815503,179.99999680547154,1.3091320693735524,0.0,,False,0.25665330114481183,0.0,0,,0.0,1.5139404881252135e-15,0.0,0.0,0.0,approach_distance,0.0
constant_heading_corner,dwvp,DWVP (adaptive),0,bd014b556eb19f199a6334e058b3cb1806b1828958c20362b3237e3ef4b607b7,True,False,287,9.566666666666666,9.0,9.566666666666666,0.02207385663554487,0.12091831428536448,0.0,0.0,0.016539070264407343,0.0,0.0,0.0,99.65156794425087,0.39511576628470146,18.0379869306816,3.5169294364142867,0.0,,False,0.23834042677044504,0.0,21,,0.0,1.261617073437678e-16,0.0,0.0,0.0,approach_distance,0.0
independent_heading_curve,vp,"VP (adaptive, clipping)",0,0c2381157aa38bfb91a3d01adeebc21e813c51c5c2f88ac9e0603d2ab11262d3,True,False,683,22.766666666666666,19.1,22.766666666666666,0.03216705017770059,0.10172741934801466,1.4360352993953542,8.354420698027772,0.012772376231605653,7.751200047563734e-08,0.0,0.0,99.85358711566617,22.87215870016873,179.99976066910915,2.0137711986732185,2.2592667424018162,,False,0.28394276703408294,0.2701107735834142,0,,0.0,1.5139404881252135e-15,0.0,0.0,0.0,approach_distance,0.0
independent_heading_curve,dwvp,DWVP (adaptive),0,b5ff3741f5074af1922f0eeaf437793b5504c09b3ad6de9bbe6c9e17ca84b93c,True,False,700,23.333333333333332,22.066666666666666,23.333333333333332,0.02388808550894333,0.07694395546283858,0.8388467667745062,3.5733032212808213,0.00911544129460797,0.17479321776610102,0.0,0.0,99.85714285714286,8.519219169586092,177.7595446043759,5.033704702417984,8.87147512307294,,False,0.28065773310915393,0.13500211798183837,92,,0.0,1.5139404881252135e-15,0.0,0.0,0.0,approach_distance,0.0
iros_docking,vp,"VP (adaptive, clipping)",0,82e415a75b689a9e863348bdea21bcdba459599bf8ae53d853407cfdc20292a1,True,False,310,10.333333333333334,10.033333333333333,10.333333333333334,0.025633091333715306,0.13402729563337556,14.791309022100751,71.09239276068283,0.01542363189435683,0.5704239662037439,0.0,0.0,99.35483870967742,12.128720592996459,58.279959240312145,1.3279460318834453,2.4545930158823293,,False,0.31091856479686314,0.6,0,,0.0,1.5139404881252135e-15,0.0,0.10205369062827345,0.6333333333333333,approach_distance,0.1
iros_docking,dwvp,DWVP (adaptive),0,d1694bc346bbf6adaa2e5f41f8f0629d65ddfa8496fb77ced308c1d0ec85f398,True,False,464,15.466666666666667,15.166666666666666,15.466666666666667,0.007604312033109414,0.05386729319380845,17.3186046581271,90.55570986128136,0.014889154684807145,0.5557098612813537,0.0,0.0,99.78448275862068,9.38814370120537,88.844951347897,4.697155891385095,10.747070894156364,,False,0.24006944886134068,0.6,100,,0.0,9.251858538542972e-16,0.0,0.0,0.0,approach_distance,0.1
iros_curve,vp,"VP (adaptive, clipping)",0,095c9a34d13d76a59d94774710bd9a1cfe97abad3f28c196ad1bae3f1ac850ec,True,False,582,19.4,19.133333333333333,19.4,0.028601642001057397,0.1259458413746069,29.311327917719698,104.83465057814587,0.01548860919382559,0.1409606556567384,0.0,0.0,99.82817869415808,14.962143958731923,107.09506417708212,3.004281346027175,3.742493889398149,,False,0.31097883316176816,0.6,0,,0.0,1.5139404881252135e-15,0.0,0.11289011880769016,0.6333333333333333,approach_distance,0.1
iros_curve,dwvp,DWVP (adaptive),0,23390b38f02549a9c8780e4a0a080caa368aa4eeb6b56c1431772c180b5c5082,True,False,809,26.966666666666665,25.666666666666668,26.966666666666665,0.022207206271300312,0.07944566040081291,18.65957328689074,67.53646641292156,0.007339257123756164,0.09656992259821826,0.0,0.0,99.87639060568603,5.1114261012552475,180.0,6.194550227547902,12.037465632265848,,False,0.24899253017509226,0.6,154,,0.0,9.251858538542972e-16,0.0,0.02739808668153916,0.36666666666666664,approach_distance,0.1
constant_heading_corner,vp,"VP (adaptive, clipping)",0,4d86343cbde344e62ddc9cd96e87a4fe02d822bb430904d371482f3c527f8e40,True,False,274,9.133333333333333,8.6,9.133333333333333,0.019366194867600953,0.127388795041538,0.0,0.0,0.012000072754333992,0.0,0.0,0.0,99.63503649635037,2.6907332319389,19.9041281562489,0.9654562884228132,0.0,,False,0.25665330114481183,0.0,0,,0.0,1.5139404881252135e-15,0.0,0.056071166111617325,0.5333333333333333,approach_distance,0.1
constant_heading_corner,dwvp,DWVP (adaptive),0,0c5acf067346e14928e2b6e6fc870aa1d7806be08134597e613b21f94bdb67e8,True,False,287,9.566666666666666,9.0,9.566666666666666,0.02207385663554487,0.12091831428536448,0.0,0.0,0.016539070264407343,0.0,0.0,0.0,99.65156794425087,0.39511576628470146,18.0379869306816,3.5169294364142867,0.0,,False,0.23834042677044504,0.0,21,,0.0,1.261617073437678e-16,0.0,0.06513568611166638,0.5666666666666667,approach_distance,0.1
independent_heading_curve,vp,"VP (adaptive, clipping)",0,c1c99f3472934004a0ffc9578a24bfbdddc5db4fc642d7db9c7fe7cfe5749b62,True,False,593,19.766666666666666,19.166666666666668,19.766666666666666,0.029550402314288255,0.10172741934801466,1.6533920356248253,8.354420698027772,0.017664273053928068,0.030235553547793753,0.0,0.0,99.83136593591905,13.88995833501795,95.54896794358457,1.9646441141997828,2.4102965713463567,,False,0.28394276703408294,0.2701107735834142,0,,0.0,1.5139404881252135e-15,0.0,0.06756499499840744,0.6,approach_distance,0.1
independent_heading_curve,dwvp,DWVP (adaptive),0,41c702811b4be284a46868ae2650c860130d6d095c8089215caadf5fb7d8e611,True,False,697,23.233333333333334,22.066666666666666,23.233333333333334,0.023983226998789225,0.07694395546283858,0.8417555216425516,3.5733032212808213,0.015090435006535046,0.17823767499397028,0.0,0.0,100.0,8.51615110479462,177.17902498861875,5.03154533985528,8.88904108358589,,False,0.28065773310915393,0.13500211798183837,94,,0.0,1.5139404881252135e-15,0.0,0.08931698885087423,0.6333333333333333,approach_distance,0.1
iros_docking,vp,"VP (adaptive, clipping)",0,128d719b162a25d064f55dd2a2a0c88b514d38445e2dd222cf2140650053889b,True,False,330,11.0,9.9,11.0,0.023460077051123154,0.13402729563337556,29.011022147894753,93.27964374771699,0.015281101951564152,0.4228261886124936,0.0,0.0,99.39393939393939,15.098516019100929,180.0,1.0641086097334735,2.933274343304595,,False,0.31091856479686314,0.6,0,,0.0,1.5139404881252135e-15,0.0,1.3877787807814457e-17,0.0,approach_distance,0.3
iros_docking,dwvp,DWVP (adaptive),0,43f32de8b9ba09037f74e941e26a4d513c5e94ff549acdb4f7a3b787f82141e5,True,False,476,15.866666666666667,15.566666666666666,15.866666666666667,0.007430083598667149,0.05386729319380845,18.4977207283622,90.51103002038514,0.01756562666872891,0.5110300203851371,0.0,0.0,99.57983193277312,9.136438516420766,88.844951347897,4.644305080376776,10.581105809177393,,False,0.24006944886134068,0.6,107,,0.0,9.251858538542972e-16,0.0,0.0,0.0,approach_distance,0.3
iros_curve,vp,"VP (adaptive, clipping)",0,1830f53b61457a31de413c637ffc78ac79fbb45fae6f91b6ba0478fbc702a44a,True,False,586,19.53333333333333,19.266666666666666,19.53333333333333,0.026196495955317377,0.1259458413746069,32.749129821116384,104.83465057814587,0.017066099215148102,0.24514002537943091,0.0,0.0,99.65870307167235,14.535428241476854,79.1957521984414,2.9216448751180417,3.6163111596030775,,False,0.31097883316176816,0.6,0,,0.0,1.5139404881252135e-15,0.0,2.7755575615628914e-17,0.0,approach_distance,0.3
iros_curve,dwvp,DWVP (adaptive),0,b169b092fd8c3f85597761f2f28b63262bd41fd38205798071eaeadf32029bac,True,False,819,27.3,27.0,27.3,0.022904907703255453,0.07944566040081291,19.61540622524007,67.53646641292156,0.016327752734572085,0.26136446883712633,0.0,0.0,99.75579975579976,1.954151734884031,44.97718939807904,6.1439278983812295,11.950353374805996,,False,0.24899253017509226,0.6,146,,0.0,9.251858538542972e-16,0.0,0.0,0.0,approach_distance,0.3
constant_heading_corner,vp,"VP (adaptive, clipping)",0,a3f09d51eb1a1cb1187c4a58c64249f7f2febe98f014a8c5d7d75cca5b398893,True,False,319,10.633333333333333,10.466666666666667,10.633333333333333,0.016420095425955784,0.127388795041538,0.0,0.0,0.017436537454653792,0.0,0.0,0.0,99.68652037617555,2.376174570912775,19.9041281562489,0.9343263473614923,0.0,,False,0.25665330114481183,0.0,0,,0.0,1.5139404881252135e-15,0.0,0.0,0.0,approach_distance,0.3
constant_heading_corner,dwvp,DWVP (adaptive),0,3ed4e5e861513253df08ed2e7a38e7cb63ef43e229c86d43fd9bf178eb983410,True,False,331,11.033333333333333,10.866666666666667,11.033333333333333,0.019667580208853536,0.12091831428536448,0.0,0.0,0.01772442919912512,0.0,0.0,0.0,99.69788519637463,0.3272431483099857,18.0379869306816,3.085679863446177,0.0,,False,0.23834042677044504,0.0,21,,0.0,1.261617073437678e-16,0.0,0.0,0.0,approach_distance,0.3
independent_heading_curve,vp,"VP (adaptive, clipping)",0,f89872f9daa25c56b483865b4f5287600b5476cb6000a140ba0d445408cb9000,True,False,636,21.2,21.03333333333333,21.2,0.03230959638493172,0.10172741934801466,1.5394033339533932,8.354420698027772,0.016815773379205173,9.230000778709692e-06,0.0,0.0,99.84276729559748,13.481439979691983,95.54896794358457,1.899516836738985,2.322541977396033,,False,0.28394276703408294,0.2701107735834142,0,,0.0,1.5139404881252135e-15,0.0,0.0,0.0,approach_distance,0.3
independent_heading_curve,dwvp,DWVP (adaptive),0,2b41f77d22ddeaeb0b3b183a6d805ca45ebc46ddc85995a6ceed8c59d34d48db,True,False,720,24.0,23.833333333333332,24.0,0.02451809235336313,0.07694395546283858,0.8404003969135251,3.5733032212808213,0.01685579981721271,0.21452700015709322,0.0,0.0,99.86111111111111,6.1040981156273695,95.56531534589465,4.9474117417333385,8.734244559996062,,False,0.28065773310915393,0.13500211798183837,83,,0.0,1.5139404881252135e-15,0.0,0.0,0.0,approach_distance,0.3
iros_docking,vp,"VP (adaptive, clipping)",0,85394f97b9383972e63a60850fb127adb056e8c8313ea32be65f1cc4b4d33f90,True,False,403,13.433333333333334,13.133333333333333,13.433333333333334,0.021217799659310865,0.13402729563337556,17.219910816343877,71.09239276068283,0.01739440222476084,0.5544966625427025,0.0,0.0,99.75186104218362,8.973059394116568,69.5163664628127,0.9167077668747637,2.136477761493806,,False,0.31091856479686314,0.6,0,,0.0,1.5139404881252135e-15,0.0,0.0,0.0,approach_distance,0.6
iros_docking,dwvp,DWVP (adaptive),0,b2988a75440105463150a5adf6b8a7b09d16cce91dc9540b2ed417379903d043,True,False,515,17.166666666666668,16.866666666666667,17.166666666666668,0.00639564821806866,0.05386729319380845,17.03320264315122,90.51731780181379,0.016714671007897117,0.5173178018137844,0.0,0.0,99.80582524271846,3.703815676953524,75.7710108926957,2.767969725686826,7.267987312548924,,False,0.24006944886134068,0.6,53,,0.0,9.251858538542972e-16,0.0,0.0,0.0,approach_distance,0.6
iros_curve,vp,"VP (adaptive, clipping)",0,1ee7c1c86428a5df20c401321a366ca14c65b07f4d18b2f500ec8a3d6227f342,True,False,660,22.0,21.833333333333332,22.0,0.025518519597956965,0.1259458413746069,30.07314612655557,104.83465057814587,0.017130337428266456,0.7429008105435685,0.0,0.0,99.84848484848486,17.129259697321846,82.20941303887678,2.721961160788129,5.995476018723361,,False,0.31097883316176816,0.6,0,,0.0,1.5139404881252135e-15,0.0,6.938893903907228e-18,0.0,approach_distance,0.6
iros_curve,dwvp,DWVP (adaptive),0,160af5da1aef5a1200c93896cd082b81d58aa1a020ea9119c4125f81dd347f3e,True,False,910,30.333333333333332,30.03333333333333,30.333333333333332,0.020088341696591114,0.07944566040081291,17.369657647913954,67.53646641292156,0.01735794388817442,0.3623156144115349,0.0,0.0,99.78021978021978,1.5846958871913066,44.97718939807904,5.336931877059415,10.776566790290591,,False,0.24899253017509226,0.6,123,,0.0,9.251858538542972e-16,0.0,0.0,0.0,approach_distance,0.6
constant_heading_corner,vp,"VP (adaptive, clipping)",0,2d3476c8488c37970ee40c6b7863c953545ac26e78327c1f750510393d73445f,True,False,394,13.133333333333333,12.966666666666667,13.133333333333333,0.012951579653984394,0.127388795041538,0.0,0.0,0.017158005529411824,0.0,0.0,0.0,99.74619289340102,2.072543290850752,19.9041281562489,0.8112654465838396,0.0,,False,0.25665330114481183,0.0,0,,0.0,1.5139404881252135e-15,0.0,0.0,0.0,approach_distance,0.6
constant_heading_corner,dwvp,DWVP (adaptive),0,389b6015efbedcbc064873a217e9527e298ba981f820829ee6d1f7b92f42272b,True,False,406,13.533333333333333,13.366666666666667,13.533333333333333,0.016621902715228638,0.12091831428536448,0.0,0.0,0.017419504885412985,0.0,0.0,0.0,99.75369458128078,0.26603812791403364,18.0379869306816,2.782209685525086,0.0,,False,0.23834042677044504,0.0,21,,0.0,1.261617073437678e-16,0.0,0.0,0.0,approach_distance,0.6
independent_heading_curve,vp,"VP (adaptive, clipping)",0,a0d3cff872054ead7f981fcf443b4216c39ee04b727092da5a8dceb35c74f06f,True,False,703,23.433333333333334,23.266666666666666,23.433333333333334,0.03185118457166889,0.10172741934801466,1.4476512724099846,8.354420698027772,0.0167257443324994,1.4099612636202364e-07,0.0,0.0,99.85775248933145,14.858539055920609,95.54896794358457,1.7988139365025455,2.217374271168319,,False,0.28394276703408294,0.2701107735834142,0,,0.0,1.5139404881252135e-15,0.0,6.938893903907228e-18,0.0,approach_distance,0.6
independent_heading_curve,dwvp,DWVP (adaptive),0,bc2f5663d06a6e69d461207a20d8771755b695ab91393ed68f1103d8161b4415,True,False,784,26.133333333333333,25.966666666666665,26.133333333333333,0.02113494165593897,0.07694395546283858,0.7713231683933562,3.5733032212808213,0.01677478498719199,0.11531073403881274,0.0,0.0,99.87244897959184,5.602606123064017,95.56531534589465,4.735881395325191,8.37007171459908,,False,0.28065773310915393,0.13500211798183837,83,,0.0,1.5139404881252135e-15,0.0,0.0,0.0,approach_distance,0.6
iros_docking,vp,"VP (adaptive, clipping)",0,048d2ad99e7777efa94eb54790f0766ef74c327425d47f6d9f6db0da1a4427a8,True,False,498,16.6,16.3,16.6,0.018187654192839412,0.13402729563337556,13.79822656699707,71.09239276068283,0.01641710666860603,0.5547626154988723,0.0,0.0,99.79919678714859,7.626629353196596,67.46950127159462,1.0862699748593512,1.9304411185908676,,False,0.3044211653855178,0.6,0,,0.0,1.5139404881252135e-15,0.0,0.022016263941754433,0.13333333333333333,approach_distance,1.0
iros_docking,dwvp,DWVP (adaptive),0,d6c27f9a5b9621d7cdc42cca88767afd20e62c5c998c97363b3ea50f9de6722c,True,False,612,20.4,20.1,20.4,0.005477307640902535,0.05386729319380845,14.597114091590662,90.51462314728829,0.017351631011472347,0.5146231472882853,0.0,0.0,99.67320261437908,3.055205714187874,75.7710108926957,2.540095468055643,6.642371118311782,,False,0.21999999999999997,0.6,54,,0.0,9.251858538542972e-16,0.0,0.0,0.0,approach_distance,1.0
iros_curve,vp,"VP (adaptive, clipping)",0,bee4a82cf55516d08d5875e5620ec446eb45c488475b5a431156986bf37e3aad,True,False,762,25.4,25.233333333333334,25.4,0.0235636034356164,0.1259458413746069,26.75228583807372,104.83465057814587,0.01658422568139687,0.07447470219294122,0.0,0.0,99.86876640419948,18.46764566890523,76.69457575979983,2.5169743586579294,6.727833727322203,,False,0.3103668583492723,0.6,0,,0.0,1.5139404881252135e-15,0.0,5.551115123125783e-17,0.0,approach_distance,1.0
iros_curve,dwvp,DWVP (adaptive),0,b12182898935544d97dfa9c9d9cb9278eb029c06b7a737138ee31ffbbb2d8f15,True,False,1012,33.733333333333334,33.43333333333333,33.733333333333334,0.018070056247803893,0.07944566040081291,15.616977401525329,67.53646641292156,0.01673974998344237,0.3625687467038652,0.0,0.0,99.80237154150198,1.4185969262278224,44.97718939807904,5.015987794905993,10.048900593428966,,False,0.24899253017509226,0.6,119,,0.0,9.251858538542972e-16,0.0,0.0,0.0,approach_distance,1.0
constant_heading_corner,vp,"VP (adaptive, clipping)",0,b2fd2d9a89aeb3495c238181af5c8951f4660f6c3c2b45cd7b53be7e681b35a6,True,False,492,16.4,16.233333333333334,16.4,0.009385043984717909,0.127388795041538,0.0,0.0,0.017385012153808166,0.0,0.0,0.0,99.79674796747967,2.129431923847728,19.9041281562489,0.8061250893969963,0.0,,False,0.25665330114481183,0.0,0,,0.0,1.5139404881252135e-15,0.0,0.0,0.0,approach_distance,1.0
constant_heading_corner,dwvp,DWVP (adaptive),0,88141d13d9e898fb7bd9dc4987ee323c89eae5832fe2d33c8b0ef7fb50124403,True,False,504,16.8,16.633333333333333,16.8,0.01375474623843651,0.12091831428536448,0.0,0.0,0.017706871293526983,0.0,0.0,0.0,99.8015873015873,0.2137902305936113,18.0379869306816,2.52431439322011,0.0,,False,0.23834042677044504,0.0,21,,0.0,1.261617073437678e-16,0.0,0.0,0.0,approach_distance,1.0
independent_heading_curve,vp,"VP (adaptive, clipping)",0,b299db4c8aea95e92aca6a364dac4227960be36c5f54d1828acbceebfed38f1a,True,False,796,26.53333333333333,26.366666666666667,26.53333333333333,0.03127116607478229,0.10172741934801466,1.39800390239034,8.354420698027772,0.017168809426229295,7.804717332855911e-08,0.0,0.0,99.87437185929649,15.505983793543125,95.54896794358457,1.675898166571205,2.195192074901438,,False,0.28394276703408294,0.2701107735834142,0,,0.0,1.5139404881252135e-15,0.0,0.0,0.0,approach_distance,1.0
independent_heading_curve,dwvp,DWVP (adaptive),0,15db9a8112c8d16f7090e3f3ef2e11e262e38038d782344754975b2cbd486e63,True,False,880,29.333333333333332,29.166666666666668,29.333333333333332,0.01884837498420656,0.07694395546283858,0.6610910651915898,3.5733032212808213,0.016533429570375333,0.08195329278411129,0.0,0.0,99.88636363636364,4.987920236984041,95.56531534589465,4.464061281558487,7.90494823322842,,False,0.28065773310915393,0.13500211798183837,83,,0.0,1.5139404881252135e-15,0.0,0.0,0.0,approach_distance,1.0
